OFF
4273 8582 0
25 0 39.5833
27.9469 3.80745 39.5833
27.9049 3.82484 39.5833
28.0796 3.77802 39.5833
28.0346 3.78395 39.5833
27.9902 3.79379 39.5833
27.726 3.96209 39.5833
27.6984 3.99814 39.5833
27.6739 4.03646 39.5833
27.8646 3.84582 39.5833
27.8263 3.87023 39.5833
27.7902 3.89789 39.5833
27.7567 3.92859 39.5833
27.6121 4.20643 39.5833
27.6061 4.25148 39.5833
27.6042 4.29688 39.5833
27.653 4.07676 39.5833
27.6356 4.11874 39.5833
27.6219 4.16207 39.5833
27.6061 4.34227 39.5833
27.6121 4.38732 39.5833
27.9049 4.76891 39.5833
27.9469 4.7863 39.5833
27.9902 4.79996 39.5833
28.0346 4.8098 39.5833
28.0796 4.81573 39.5833
28.125 3.77604 39.5833
28.1704 3.77802 39.5833
28.2154 3.78395 39.5833
28.2598 3.79379 39.5833
28.3031 3.80745 39.5833
28.3451 3.82484 39.5833
28.3854 3.84582 39.5833
28.4237 3.87023 39.5833
28.4598 3.89789 39.5833
28.4933 3.92859 39.5833
28.524 3.96209 39.5833
28.5516 3.99814 39.5833
28.5761 4.03646 39.5833
28.597 4.07676 39.5833
28.6144 4.11874 39.5833
28.6281 4.16207 39.5833
28.6379 4.20643 39.5833
28.6439 4.25148 39.5833
28.6458 4.29688 39.5833
28.6439 4.34227 39.5833
28.2154 4.8098 39.5833
28.1704 4.81573 39.5833
28.125 4.81771 39.5833
28.6379 4.38732 39.5833
28.6281 4.43168 39.5833
28.3031 4.7863 39.5833
28.2598 4.79996 39.5833
27.6219 4.43168 39.5833
27.6356 4.47501 39.5833
27.653 4.51699 39.5833
28.6144 4.47501 39.5833
28.597 4.51699 39.5833
27.6739 4.55729 39.5833
27.6984 4.59561 39.5833
27.726 4.63166 39.5833
28.524 4.63166 39.5833
30.2163 2.68301 42.0833
30.2083 2.86458 42.0833
28.5761 4.55729 39.5833
28.5516 4.59561 39.5833
27.7567 4.66516 39.5833
27.7902 4.69586 39.5833
27.8263 4.72352 39.5833
28.4933 4.66516 39.5833
28.4598 4.69586 39.5833
28.4237 4.72352 39.5833
27.8646 4.74793 39.5833
28.3854 4.74793 39.5833
28.3451 4.76891 39.5833
30.2083 8.07292 41.6667
30.2083 8.07292 42.0833
30.2083 17.1875 41.6667
30.2083 17.1875 42.0833
30.5851 1.66963 42.0833
30.5987 6.31201 41.6667
30.4874 1.82292 42.0833
30.8185 1.39144 42.0833
30.7666 5.98958 41.6667
30.6957 1.52544 42.0833
30.334 2.15204 42.0833
30.2793 2.32538 42.0833
30.24 2.50282 42.0833
30.4035 1.98413 42.0833
30.7666 5.98958 42.0833
30.5987 6.31201 42.0833
30.4596 6.64783 42.0833
30.2716 7.34938 41.6667
30.2242 7.70977 41.6667
30.2242 17.5507 41.6667
30.4596 6.64783 41.6667
30.3503 6.9945 41.6667
30.2716 17.911 41.6667
30.3503 18.2659 41.6667
30.2716 7.34938 42.0833
30.2242 7.70977 42.0833
30.2242 17.5507 42.0833
30.3503 6.9945 42.0833
30.2716 17.911 42.0833
30.4596 18.6126 41.6667
30.3503 18.2659 42.0833
30.2083 22.3958 42.0833
30.2083 33.0729 41.6667
30.2163 22.5774 42.0833
30.3503 31.9945 41.6667
30.2716 32.3494 41.6667
30.2242 32.7098 41.6667
30.2163 27.683 42.0833
30.2242 32.7098 42.0833
30.2083 33.0729 42.0833
30.24 22.7576 42.0833
30.2793 22.935 42.0833
30.334 23.1084 42.0833
30.2716 32.3494 42.0833
30.2083 42.1875 41.6667
30.2242 42.5506 41.6667
30.2083 42.1875 42.0833
30.2242 42.5506 42.0833
30.2716 42.911 41.6667
30.3503 43.2659 41.6667
30.2083 47.3958 42.0833
30.2163 47.5774 42.0833
30.24 47.7576 42.0833
30.2716 42.911 42.0833
30.3503 43.2659 42.0833
30.2793 47.935 42.0833
30.334 48.1084 42.0833
30.4596 18.6126 42.0833
30.5987 18.9484 41.6667
30.5987 31.312 41.6667
30.5987 18.9484 42.0833
30.7666 19.2708 41.6667
30.7666 30.9896 41.6667
30.4035 23.2763 42.0833
30.4874 23.4375 42.0833
30.5851 23.5908 42.0833
30.7666 19.2708 42.0833
30.8185 23.869 42.0833
30.9525 23.9918 42.0833
30.8185 26.3914 42.0833
30.4596 31.6478 41.6667
30.4596 43.6126 41.6667
30.3503 31.9945 42.0833
30.4596 31.6478 42.0833
30.4596 43.6126 42.0833
30.5987 43.9484 41.6667
30.7666 44.2708 41.6667
30.4035 48.2763 42.0833
30.4874 48.4375 42.0833
30.5851 48.5908 42.0833
30.5987 43.9484 42.0833
30.7666 44.2708 42.0833
30.6957 48.735 42.0833
30.8185 48.869 42.0833
26.0496 22.5774 42.9167
26.0733 22.7576 42.9167
26.1127 22.935 42.9167
26.1673 23.1084 42.9167
26.2369 23.2763 42.9167
26.3208 23.4375 42.9167
26.4184 23.5908 42.9167
26.5291 23.735 42.9167
26.6519 23.869 42.9167
26.7859 23.9918 42.9167
26.9301 24.1024 42.9167
27.0833 24.2001 42.9167
27.2445 24.284 42.9167
27.4125 24.3535 42.9167
27.5858 24.4082 42.9167
27.4125 25.9069 42.9167
27.7632 24.4475 42.9167
27.7632 25.8129 42.9167
27.5858 25.8522 42.9167
26.6519 26.3914 42.9167
26.5291 26.5254 42.9167
26.4184 26.6696 42.9167
27.2445 25.9764 42.9167
27.0833 26.0604 42.9167
26.9301 26.158 42.9167
26.7859 26.2687 42.9167
30.24 22.7576 42.9167
30.2793 22.935 42.9167
30.334 23.1084 42.9167
30.4035 23.2763 42.9167
30.6957 23.735 42.0833
30.4874 23.4375 42.9167
27.9434 24.4712 42.9167
28.125 24.4792 42.9167
27.9434 25.7892 42.9167
30.5851 23.5908 42.9167
30.6957 23.735 42.9167
30.8185 23.869 42.9167
28.125 25.7812 42.9167
30.334 27.152 42.0833
30.2793 27.3254 42.0833
30.24 27.5028 42.0833
30.6957 26.5254 42.0833
30.5851 26.6696 42.0833
30.4874 26.8229 42.0833
30.4035 26.9841 42.0833
30.5851 26.6696 42.9167
30.2083 27.8646 42.0833
30.4874 26.8229 42.9167
30.8185 26.3914 42.9167
30.6957 26.5254 42.9167
30.7666 30.9896 42.0833
30.5987 31.312 42.0833
31.4287 5.12664 41.6667
31.1831 5.39464 41.6667
30.9619 5.68302 41.6667
32.2917 4.46448 41.6667
31.9851 4.65978 41.6667
31.6967 4.88107 41.6667
31.4287 5.12664 42.0833
31.1831 5.39464 42.0833
30.9619 5.68302 42.0833
32.2917 0.78125 42.0833
32.2917 4.46448 42.0833
31.9851 4.65978 42.0833
31.6967 4.88107 42.0833
30.9619 19.5774 41.6667
31.1831 19.8658 41.6667
31.4287 20.1338 41.6667
31.6967 20.3794 41.6667
31.9851 20.6006 41.6667
32.2917 20.7959 41.6667
30.9619 19.5774 42.0833
31.1831 19.8658 42.0833
31.4287 20.1338 42.0833
31.6967 20.3794 42.0833
31.9851 20.6006 42.0833
32.2917 29.4645 41.6667
32.2917 20.7959 42.0833
33.2966 4.04823 41.6667
32.9499 4.15753 41.6667
32.6141 4.29663 41.6667
34.375 3.90625 41.6667
34.0119 3.92211 41.6667
33.6515 3.96955 41.6667
32.6141 4.29663 42.0833
32.6141 20.9638 41.6667
32.6141 20.9638 42.0833
34.0119 3.92211 42.0833
33.6515 3.96955 42.0833
33.2966 4.04823 42.0833
32.9499 4.15753 42.0833
32.9499 21.1029 41.6667
33.2966 21.2122 41.6667
33.6515 21.2909 41.6667
34.0119 21.3383 41.6667
34.375 21.3542 41.6667
34.375 28.9062 41.6667
34.0119 28.9221 41.6667
32.9499 21.1029 42.0833
32.9499 29.1575 41.6667
32.6141 29.2966 41.6667
33.2966 21.2122 42.0833
33.6515 21.2909 42.0833
33.6515 28.9696 41.6667
33.2966 29.0482 41.6667
31.25 1.06036 42.0833
31.0967 1.15802 42.0833
30.9525 1.26866 42.0833
31.7525 0.852238 42.0833
31.5791 0.90689 42.0833
31.4112 0.976442 42.0833
30.9525 23.9918 42.9167
31.0967 24.1024 42.0833
31.0967 24.1024 42.9167
31.25 24.2001 42.0833
31.25 24.2001 42.9167
31.4112 24.284 42.0833
31.4112 24.284 42.9167
31.4112 25.9764 42.0833
31.25 26.0604 42.0833
31.0967 26.158 42.0833
31.5791 24.3535 42.0833
31.7525 25.8522 42.0833
31.5791 25.9069 42.0833
31.0967 26.158 42.9167
30.9525 26.2687 42.0833
30.9525 26.2687 42.9167
31.5791 24.3535 42.9167
31.5791 25.9069 42.9167
31.4112 25.9764 42.9167
31.25 26.0604 42.9167
32.1101 0.789178 42.0833
31.9299 0.812901 42.0833
31.7525 24.4082 42.0833
34.375 3.90625 42.0833
34.0119 21.3383 42.0833
34.375 21.3542 42.0833
31.7525 24.4082 42.9167
31.9299 24.4475 42.0833
31.9299 24.4475 42.9167
32.1101 24.4712 42.0833
32.1101 24.4712 42.9167
32.2917 24.4792 42.0833
32.2917 24.4792 42.9167
32.2917 25.7812 42.0833
32.1101 25.7892 42.0833
31.9299 25.8129 42.0833
34.375 28.9062 42.0833
34.0119 28.9221 42.0833
33.6515 28.9696 42.0833
33.2966 29.0482 42.0833
32.1101 25.7892 42.9167
31.9299 25.8129 42.9167
31.7525 25.8522 42.9167
32.9499 29.1575 42.0833
32.2917 25.7812 42.9167
32.6141 29.2966 42.0833
32.2917 29.4645 42.0833
35.6679 36.2051 39.5833
35.5586 36.5518 39.5833
35.48 36.9067 39.5833
36.1702 35.2403 39.5833
35.9749 35.5469 39.5833
35.8071 35.8693 39.5833
35.48 36.9067 41.6667
35.4325 37.2671 39.5833
35.4167 37.6302 41.6667
35.9749 35.5469 41.6667
35.8071 35.8693 41.6667
35.6679 36.2051 41.6667
35.5586 36.5518 41.6667
35.4167 37.6302 39.5833
35.4325 37.9934 39.5833
35.48 38.3537 39.5833
35.5586 38.7086 39.5833
35.6679 39.0553 39.5833
35.8071 39.3911 39.5833
35.4325 37.9934 41.6667
35.48 38.3537 41.6667
35.5586 38.7086 41.6667
35.6679 39.0553 41.6667
35.8071 39.3911 41.6667
35.9749 39.7135 39.5833
36.1702 40.0201 39.5833
37.8224 33.8539 39.5833
37.5 34.0218 39.5833
37.1934 34.2171 39.5833
38.8598 33.5268 39.5833
38.5049 33.6055 39.5833
38.1582 33.7148 39.5833
37.1934 34.2171 41.6667
36.9051 34.4384 39.5833
36.9051 34.4384 41.6667
38.5049 33.6055 41.6667
38.1582 33.7148 41.6667
37.8224 33.8539 41.6667
37.5 34.0218 41.6667
36.6371 34.6839 39.5833
36.3915 34.9519 39.5833
36.3915 40.3085 39.5833
36.6371 40.5765 39.5833
36.9051 40.8221 39.5833
37.1934 41.0433 39.5833
37.5 41.2386 39.5833
36.6371 34.6839 41.6667
36.3915 34.9519 41.6667
36.1702 35.2403 41.6667
37.8224 41.4065 39.5833
38.1582 41.5456 39.5833
38.5049 41.6549 39.5833
38.8598 41.7336 39.5833
31.1831 30.3946 41.6667
30.9619 30.683 41.6667
30.9619 44.5774 41.6667
31.9851 29.6598 41.6667
31.6967 29.8811 41.6667
31.4287 30.1266 41.6667
30.9619 30.683 42.0833
31.1831 44.8658 41.6667
30.9619 44.5774 42.0833
31.9851 29.6598 42.0833
31.6967 29.8811 42.0833
31.4287 30.1266 42.0833
31.1831 30.3946 42.0833
31.1831 44.8658 42.0833
31.4287 45.1338 41.6667
31.4287 45.1338 42.0833
31.6967 45.3794 41.6667
31.6967 45.3794 42.0833
31.9851 45.6006 41.6667
31.9851 45.6006 42.0833
30.9525 48.9918 42.0833
31.0967 49.1024 42.0833
31.25 49.2001 42.0833
31.4112 49.284 42.0833
31.5791 49.3535 42.0833
31.7525 49.4082 42.0833
31.9299 49.4475 42.0833
35.4325 37.2671 41.6667
35.9749 39.7135 41.6667
36.1702 40.0201 41.6667
38.8598 33.5268 41.6667
36.3915 40.3085 41.6667
36.6371 40.5765 41.6667
36.9051 40.8221 41.6667
37.1934 41.0433 41.6667
32.2917 45.7959 42.0833
37.5 41.2386 41.6667
37.8224 41.4065 41.6667
38.1582 41.5456 41.6667
38.5049 41.6549 41.6667
32.2917 45.7959 41.6667
32.6141 45.9638 41.6667
32.9499 46.1029 41.6667
33.2966 46.2122 41.6667
33.6515 46.2909 41.6667
34.0119 46.3383 41.6667
34.375 46.3542 41.6667
32.6141 45.9638 42.0833
32.9499 46.1029 42.0833
32.1101 49.4712 42.0833
33.2966 46.2122 42.0833
33.6515 46.2909 42.0833
34.0119 46.3383 42.0833
34.375 46.3542 42.0833
25 43.2824 44.3873
25 43.3756 44.1313
25 43.3234 44.2573
25 43.2529 44.5203
26.0417 43.3234 44.2573
26.0417 43.2824 44.3873
25 43.2292 44.7917
25 43.2351 44.6555
25 43.2351 44.9278
26.0417 43.2529 44.5203
25 43.2529 45.063
25 43.2824 45.1961
25 43.3234 45.3261
25 43.5947 43.7873
25 43.7873 43.5947
25 43.6868 43.6868
25 43.4385 44.0104
25 43.5117 43.8955
26.0417 43.5117 43.8955
25 43.3756 45.452
25 43.4385 45.5729
25 43.5117 45.6879
26.0417 43.4385 44.0104
25 43.5947 45.796
25 43.6868 45.8965
25 43.7873 45.9886
26.0496 2.68301 42.9167
26.0417 2.86458 42.9167
26.0417 22.3958 42.9167
26.0733 2.50282 42.9167
26.1127 27.3254 42.9167
26.0733 27.5028 42.9167
26.0417 27.8646 42.9167
26.0417 43.2351 44.6555
26.0417 43.2292 44.7917
26.0496 27.683 42.9167
26.1127 22.935 52.0833
26.0417 43.2351 44.9278
26.0496 27.683 52.0833
26.0417 43.6868 43.6868
26.0417 43.8955 43.5117
26.0417 43.7873 43.5947
26.0417 43.2529 45.063
26.0417 43.2824 45.1961
26.0417 43.5947 43.7873
26.0417 43.3756 44.1313
26.0417 43.3234 45.3261
26.0417 43.3756 45.452
26.0417 43.4385 45.5729
26.0417 43.5117 45.6879
26.0417 43.5947 45.796
26.0417 43.6868 45.8965
26.0417 43.7873 45.9886
25 0 54.1667
25 34.9852 54.1667
25 35.076 54.1706
26.0417 35.076 54.1706
25 35.1661 54.1825
26.0417 35.1661 54.1825
25 35.2548 54.2022
25 35.3415 54.2295
25 35.4254 54.2643
26.0417 35.3415 54.2295
26.0417 35.4254 54.2643
25 35.506 54.3062
26.0417 35.506 54.3062
25 35.5827 54.355
25 35.6548 54.4104
25 35.7218 54.4718
25 41.3616 60.1116
25 41.4286 60.173
25 41.5007 60.2283
25 41.5773 60.2771
25 41.6579 60.3191
25 41.7419 60.3538
25 41.8285 60.3812
25 41.9173 60.4008
25 42.0074 60.4127
25 42.0981 60.4167
26.0417 0 52.0833
26.0417 2.86458 52.0833
26.0417 22.3958 52.0833
26.1127 2.32538 52.0833
26.0733 2.50282 52.0833
26.0496 2.68301 52.0833
26.0417 0 54.1667
26.0417 27.8646 52.0833
26.0417 34.9852 54.1667
26.0496 22.5774 52.0833
26.0733 22.7576 52.0833
26.1127 27.3254 52.0833
26.0733 27.5028 52.0833
26.0417 35.2548 54.2022
26.0417 35.5827 54.355
26.0417 35.6548 54.4104
26.0417 35.7218 54.4718
26.0417 41.3616 60.1116
26.0417 41.4286 60.173
26.0417 41.5007 60.2283
26.0417 41.5773 60.2771
26.0417 41.6579 60.3191
26.0417 41.7419 60.3538
26.0417 41.8285 60.3812
26.0417 41.9173 60.4008
26.0417 42.0074 60.4127
26.0417 42.0981 60.4167
25 44.6555 43.2351
25 44.7917 43.2292
25 44.9278 43.2351
25 44.3873 43.2824
25 44.5203 43.2529
25 45.063 43.2529
25 44.2573 43.3234
25 45.1961 43.2824
25 45.3261 43.3234
25 44.0104 43.4385
25 43.8955 43.5117
25 44.1313 43.3756
25 45.452 43.3756
25 45.5729 43.4385
25 45.6879 43.5117
25 45.796 43.5947
26.0417 45.452 43.3756
25 45.8965 43.6868
25 45.9886 43.7873
25 46.0716 43.8955
25 46.1448 44.0104
25 46.2078 44.1313
25 46.2599 44.2573
25 46.3009 44.3873
25 46.3304 44.5203
25 46.3482 44.6555
26.0417 44.6555 43.2351
26.0417 44.7917 43.2292
26.0417 44.9278 43.2351
26.0417 44.3873 43.2824
26.0417 44.5203 43.2529
26.0417 45.063 43.2529
26.0417 44.2573 43.3234
26.0417 45.1961 43.2824
26.0417 45.3261 43.3234
26.0417 44.1313 43.3756
26.0417 44.0104 43.4385
26.0417 45.5729 43.4385
26.0417 45.6879 43.5117
26.0417 45.796 43.5947
26.0417 47.3958 42.9167
26.0417 45.8965 43.6868
26.0417 45.9886 43.7873
26.0417 46.0716 43.8955
26.0496 47.5774 42.9167
26.0733 47.7576 42.9167
26.0417 46.1448 44.0104
26.0417 46.2078 44.1313
26.0417 46.2599 44.2573
26.0417 46.3009 44.3873
26.0417 46.3304 44.5203
26.0417 46.3482 44.6555
26.0417 46.3542 44.7917
25 43.8955 46.0716
25 44.0104 46.1448
25 44.1313 46.2078
25 44.2573 46.2599
25 45.452 46.2078
25 45.3261 46.2599
25 44.3873 46.3009
25 45.1961 46.3009
25 44.5203 46.3304
25 44.6555 46.3482
25 44.7917 46.3542
25 45.063 46.3304
25 44.9278 46.3482
25 46.3304 45.063
25 46.3542 44.7917
25 46.3482 44.9278
25 46.2599 45.3261
25 46.2078 45.452
26.0417 46.3482 44.9278
25 46.3009 45.1961
25 45.9886 45.796
25 46.1448 45.5729
25 46.0716 45.6879
25 45.6879 46.0716
25 45.5729 46.1448
25 45.8965 45.8965
25 45.796 45.9886
26.0417 43.8955 46.0716
26.0417 44.0104 46.1448
26.0417 44.1313 46.2078
26.0417 44.2573 46.2599
26.0417 45.452 46.2078
26.0417 45.3261 46.2599
26.0417 44.3873 46.3009
26.0417 45.1961 46.3009
26.0417 44.5203 46.3304
26.0417 44.6555 46.3482
26.0417 44.7917 46.3542
26.0417 45.063 46.3304
26.0417 44.9278 46.3482
26.0417 46.2599 45.3261
26.0417 46.3304 45.063
26.0417 46.3009 45.1961
26.0417 46.0716 45.6879
26.0417 45.9886 45.796
26.0417 46.2078 45.452
26.0417 46.1448 45.5729
26.0417 45.6879 46.0716
26.0417 45.8965 45.8965
26.0417 45.796 45.9886
26.0417 45.5729 46.1448
26.0417 47.3958 52.0833
26.0496 47.5774 52.0833
26.0733 47.7576 52.0833
27.5858 0.852238 42.9167
27.4125 0.90689 42.9167
27.2445 0.976442 42.9167
28.125 0.78125 42.9167
27.9434 0.789178 42.9167
27.7632 0.812901 42.9167
26.5291 1.52544 42.9167
26.4184 1.66963 42.9167
26.3208 1.82292 42.9167
27.0833 1.06036 42.9167
26.9301 1.15802 42.9167
26.7859 1.26866 42.9167
26.6519 1.39144 42.9167
26.2369 1.98413 42.9167
26.1673 2.15204 42.9167
26.1127 2.32538 42.9167
28.125 3.77604 42.9167
28.0796 3.77802 42.9167
28.1704 3.77802 42.9167
27.6356 4.47501 42.9167
27.653 4.51699 42.9167
27.6739 4.55729 42.9167
28.0346 3.78395 42.9167
27.6984 4.59561 42.9167
27.726 4.63166 42.9167
27.7567 4.66516 42.9167
31.7525 0.852238 42.9167
31.5791 0.90689 42.9167
31.4112 0.976442 42.9167
32.2917 0.78125 42.9167
32.1101 0.789178 42.9167
31.9299 0.812901 42.9167
30.6957 1.52544 42.9167
30.5851 1.66963 42.9167
30.4874 1.82292 42.9167
31.25 1.06036 42.9167
31.0967 1.15802 42.9167
30.9525 1.26866 42.9167
30.8185 1.39144 42.9167
30.2163 2.68301 42.9167
30.2083 2.86458 42.9167
28.4598 3.89789 42.9167
30.4035 1.98413 42.9167
30.334 2.15204 42.9167
30.2793 2.32538 42.9167
30.24 2.50282 42.9167
28.524 4.63166 42.9167
28.4933 4.66516 42.9167
28.4598 4.69586 42.9167
28.6144 4.47501 42.9167
28.597 4.51699 42.9167
28.5761 4.55729 42.9167
28.5516 4.59561 42.9167
27.2445 0.976442 52.0833
27.0833 1.06036 52.0833
26.9301 1.15802 52.0833
27.7632 0.812901 52.0833
27.5858 0.852238 52.0833
27.4125 0.90689 52.0833
26.3208 1.82292 52.0833
26.2369 1.98413 52.0833
26.1673 2.15204 52.0833
26.7859 1.26866 52.0833
26.6519 1.39144 52.0833
26.5291 1.52544 52.0833
26.4184 1.66963 52.0833
27.6739 4.03646 42.9167
27.653 4.07676 42.9167
27.6356 4.11874 42.9167
27.7567 3.92859 42.9167
27.726 3.96209 42.9167
27.6984 3.99814 42.9167
27.6061 4.25148 42.9167
27.6042 4.29688 42.9167
27.6061 4.34227 42.9167
27.6219 4.16207 42.9167
27.6121 4.20643 42.9167
27.6121 4.38732 42.9167
27.6219 4.43168 42.9167
27.9902 3.79379 42.9167
27.9469 3.80745 42.9167
27.9049 3.82484 42.9167
28.2154 3.78395 42.9167
28.2598 3.79379 42.9167
28.3031 3.80745 42.9167
27.9434 0.789178 52.0833
27.8646 3.84582 42.9167
27.8263 3.87023 42.9167
28.3451 3.82484 42.9167
28.125 0.78125 52.0833
28.3854 3.84582 42.9167
28.4237 3.87023 42.9167
27.7902 3.89789 42.9167
28.4933 3.92859 42.9167
28.524 3.96209 42.9167
28.5516 3.99814 42.9167
28.5761 4.03646 42.9167
28.597 4.07676 42.9167
28.6144 4.11874 42.9167
28.6281 4.16207 42.9167
28.6379 4.20643 42.9167
28.6281 4.43168 42.9167
28.6439 4.25148 42.9167
28.6458 4.29688 42.9167
28.6439 4.34227 42.9167
28.6379 4.38732 42.9167
27.7902 4.69586 42.9167
27.8263 4.72352 42.9167
27.8646 4.74793 42.9167
27.9049 4.76891 42.9167
27.9469 4.7863 42.9167
27.9902 4.79996 42.9167
28.0346 4.8098 42.9167
28.0796 4.81573 42.9167
26.3208 26.8229 42.9167
28.2598 4.79996 42.9167
28.2154 4.8098 42.9167
28.1704 4.81573 42.9167
28.125 4.81771 42.9167
26.1673 27.152 42.9167
26.1127 47.935 42.9167
26.1673 48.1084 42.9167
26.2369 26.9841 42.9167
26.2369 48.2763 42.9167
26.3208 48.4375 42.9167
26.4184 48.5908 42.9167
26.5291 48.735 42.9167
26.6519 48.869 42.9167
26.7859 48.9918 42.9167
26.9301 49.1024 42.9167
27.0833 49.2001 42.9167
27.2445 49.284 42.9167
28.3854 4.74793 42.9167
28.3451 4.76891 42.9167
28.3031 4.7863 42.9167
28.4237 4.72352 42.9167
30.2083 22.3958 42.9167
30.2163 22.5774 42.9167
30.2163 27.683 42.9167
30.2083 27.8646 42.9167
30.2083 47.3958 42.9167
30.4035 26.9841 42.9167
30.334 27.152 42.9167
30.2793 27.3254 42.9167
30.24 27.5028 42.9167
30.2163 47.5774 42.9167
30.24 47.7576 42.9167
30.2793 47.935 42.9167
30.334 48.1084 42.9167
30.4035 48.2763 42.9167
30.4874 48.4375 42.9167
30.5851 48.5908 42.9167
30.6957 48.735 42.9167
30.8185 48.869 42.9167
30.9525 48.9918 42.9167
31.0967 49.1024 42.9167
31.25 49.2001 42.9167
31.4112 49.284 42.9167
32.2917 49.4792 42.9167
26.1673 23.1084 52.0833
26.2369 23.2763 52.0833
26.3208 23.4375 52.0833
26.4184 23.5908 52.0833
26.5291 23.735 52.0833
26.6519 23.869 52.0833
26.7859 23.9918 52.0833
26.7859 26.2687 52.0833
26.6519 26.3914 52.0833
26.9301 24.1024 52.0833
27.0833 24.2001 52.0833
27.0833 26.0604 52.0833
26.9301 26.158 52.0833
26.1673 27.152 52.0833
26.1127 47.935 52.0833
26.1673 48.1084 52.0833
26.5291 26.5254 52.0833
26.4184 26.6696 52.0833
26.3208 26.8229 52.0833
26.2369 26.9841 52.0833
26.2369 48.2763 52.0833
26.3208 48.4375 52.0833
26.4184 48.5908 52.0833
26.5291 48.735 52.0833
26.6519 48.869 52.0833
26.7859 48.9918 52.0833
26.9301 49.1024 52.0833
27.2445 24.284 52.0833
27.4125 24.3535 52.0833
27.5858 24.4082 52.0833
27.7632 24.4475 52.0833
27.9434 24.4712 52.0833
28.125 24.4792 52.0833
27.4125 25.9069 52.0833
27.2445 25.9764 52.0833
27.0833 49.2001 52.0833
28.125 25.7812 52.0833
27.9434 25.7892 52.0833
27.7632 25.8129 52.0833
27.5858 25.8522 52.0833
27.4125 49.3535 42.9167
27.5858 49.4082 42.9167
27.7632 49.4475 42.9167
31.5791 49.3535 42.9167
31.7525 49.4082 42.9167
31.9299 49.4475 42.9167
27.9434 49.4712 42.9167
27.2445 49.284 52.0833
27.4125 49.3535 52.0833
27.5858 49.4082 52.0833
27.7632 49.4475 52.0833
27.9434 49.4712 52.0833
32.1101 49.4712 42.9167
28.125 49.4792 42.9167
30.2242 57.4494 41.6667
30.2083 57.8125 41.6667
30.2083 66.9271 41.6667
30.334 51.8916 42.0833
30.2716 57.089 41.6667
30.2793 52.065 42.0833
30.2083 52.6042 42.0833
30.2083 57.8125 42.0833
30.2083 66.9271 42.0833
30.24 52.2424 42.0833
30.2163 52.4226 42.0833
30.2716 57.089 42.0833
30.2242 57.4494 42.0833
30.2242 67.2902 41.6667
30.2716 67.6506 41.6667
30.2242 67.2902 42.0833
30.2716 67.6506 42.0833
30.3503 68.0055 41.6667
30.2716 82.089 41.6667
30.2083 72.1354 42.0833
30.2163 72.317 42.0833
30.2083 77.6042 42.0833
30.24 72.4972 42.0833
30.24 77.2424 42.0833
30.2163 77.4226 42.0833
30.2716 82.089 42.0833
30.5851 51.4092 42.0833
30.4596 56.3874 41.6667
30.3503 56.7341 41.6667
30.6957 51.265 42.0833
30.7666 55.7292 41.6667
30.5987 56.0516 41.6667
30.4035 51.7237 42.0833
30.3503 56.7341 42.0833
30.3503 68.0055 42.0833
30.4874 51.5625 42.0833
30.7666 55.7292 42.0833
30.5987 56.0516 42.0833
30.4596 56.3874 42.0833
30.4596 68.3522 41.6667
30.4596 81.3874 41.6667
30.3503 81.7341 41.6667
30.5987 68.688 41.6667
30.7666 69.0104 41.6667
30.7666 80.7292 41.6667
30.5987 81.0516 41.6667
30.4596 68.3522 42.0833
30.4596 81.3874 42.0833
30.3503 81.7341 42.0833
30.5987 68.688 42.0833
30.7666 69.0104 42.0833
30.7666 80.7292 42.0833
30.5987 81.0516 42.0833
27.5858 50.5918 42.9167
27.4125 50.6465 42.9167
27.2445 50.716 42.9167
28.125 50.5208 42.9167
27.9434 50.5288 42.9167
27.7632 50.5525 42.9167
26.0417 72.1354 42.9167
26.0496 72.317 42.9167
26.0733 72.4972 42.9167
27.0833 50.7999 42.9167
26.1127 72.6746 42.9167
26.1673 72.848 42.9167
26.2369 73.0159 42.9167
26.4184 73.3304 42.9167
26.5291 73.4746 42.9167
26.6519 73.6086 42.9167
26.7859 73.7313 42.9167
27.2445 74.0236 42.9167
27.4125 74.0931 42.9167
26.4184 76.4092 42.9167
26.3208 76.5625 42.9167
26.2369 76.7237 42.9167
28.125 74.2188 42.9167
27.9434 75.5288 42.9167
27.7632 75.5525 42.9167
26.5291 76.265 42.9167
30.2793 72.6746 42.0833
30.334 72.848 42.0833
30.4035 73.0159 42.0833
30.4874 73.1771 42.0833
30.5851 73.3304 42.0833
30.6957 73.4746 42.0833
30.2083 72.1354 42.9167
30.2163 72.317 42.9167
30.24 72.4972 42.9167
30.2793 72.6746 42.9167
30.334 72.848 42.9167
30.4874 73.1771 42.9167
30.5851 73.3304 42.9167
30.4874 76.5625 42.0833
30.4035 76.7237 42.0833
30.334 76.8916 42.0833
30.8185 73.6086 42.0833
30.8185 76.131 42.0833
30.6957 76.265 42.0833
30.5851 76.4092 42.0833
28.125 75.5208 42.9167
30.2793 77.065 42.0833
30.4874 76.5625 42.9167
30.6957 73.4746 42.9167
30.8185 73.6086 42.9167
30.8185 76.131 42.9167
30.5851 76.4092 42.9167
27.9902 95.2 39.5833
27.9469 95.2137 39.5833
27.9049 95.2311 39.5833
28.125 95.1823 39.5833
28.0796 95.1843 39.5833
28.0346 95.1902 39.5833
27.726 95.3683 39.5833
27.6984 95.4044 39.5833
27.6739 95.4427 39.5833
27.8646 95.2521 39.5833
27.8263 95.2765 39.5833
27.7902 95.3041 39.5833
27.7567 95.3348 39.5833
27.6356 95.525 39.5833
27.6219 95.5683 39.5833
27.6121 95.6127 39.5833
27.653 95.483 39.5833
27.7567 96.0714 39.5833
27.7902 96.1021 39.5833
27.8263 96.1298 39.5833
27.8646 96.1542 39.5833
27.9049 96.1752 39.5833
27.9469 96.1926 39.5833
27.9902 96.2062 39.5833
28.0346 96.216 39.5833
28.0796 96.222 39.5833
28.1704 95.1843 39.5833
28.2154 95.1902 39.5833
28.2598 95.2 39.5833
28.3031 95.2137 39.5833
28.3451 95.2311 39.5833
28.3854 95.2521 39.5833
28.4237 95.2765 39.5833
28.4598 95.3041 39.5833
28.4933 95.3348 39.5833
28.524 95.3683 39.5833
28.5516 95.4044 39.5833
28.5761 95.4427 39.5833
28.597 95.483 39.5833
28.4933 96.0714 39.5833
28.4598 96.1021 39.5833
28.4237 96.1298 39.5833
28.6144 95.525 39.5833
28.6281 95.5683 39.5833
28.6379 95.6127 39.5833
28.6439 95.6577 39.5833
28.2154 96.216 39.5833
28.1704 96.222 39.5833
28.125 96.224 39.5833
28.3854 96.1542 39.5833
28.3451 96.1752 39.5833
28.3031 96.1926 39.5833
28.2598 96.2062 39.5833
27.6061 95.6577 39.5833
27.6042 95.7031 39.5833
27.6061 95.7485 39.5833
28.6458 95.7031 39.5833
28.6439 95.7485 39.5833
27.6121 95.7936 39.5833
28.125 95.1823 42.9167
27.6219 95.8379 39.5833
28.1704 95.1843 42.9167
30.2083 82.8125 41.6667
30.2083 91.9271 41.6667
28.6379 95.7936 39.5833
30.2083 91.9271 42.0833
27.6356 95.8813 39.5833
27.653 95.9232 39.5833
27.6739 95.9635 39.5833
28.6281 95.8379 39.5833
28.6144 95.8813 39.5833
28.597 95.9232 39.5833
28.5761 95.9635 39.5833
26.4184 98.3304 42.9167
25 100 39.5833
26.5291 98.4746 42.9167
27.6984 96.0019 39.5833
28.5516 96.0019 39.5833
27.726 96.0379 39.5833
28.524 96.0379 39.5833
30.2242 82.4493 41.6667
30.2242 92.2902 41.6667
30.2716 92.6506 41.6667
30.3503 93.0055 41.6667
30.4596 93.3522 41.6667
30.5987 93.688 41.6667
30.2242 82.4493 42.0833
30.2083 82.8125 42.0833
30.2242 92.2902 42.0833
30.2716 92.6506 42.0833
30.3503 93.0055 42.0833
30.4596 93.3522 42.0833
30.5987 93.688 42.0833
30.2083 97.1354 42.0833
30.2163 97.317 42.0833
30.24 97.4972 42.0833
30.7666 94.0104 41.6667
30.7666 94.0104 42.0833
30.2793 97.6746 42.0833
30.334 97.848 42.0833
30.4035 98.0159 42.0833
30.4874 98.1771 42.0833
30.5851 98.3304 42.0833
30.6957 98.4746 42.0833
30.6957 98.4746 42.9167
30.8185 98.6086 42.0833
30.8185 98.6086 42.9167
33.6515 53.7091 41.6667
33.2966 53.7878 41.6667
32.9499 53.8971 41.6667
34.375 53.6458 41.6667
35.9749 60.2865 39.5833
34.0119 53.6617 41.6667
31.4287 54.8662 41.6667
31.1831 55.1342 41.6667
30.9619 55.4226 41.6667
32.6141 54.0362 41.6667
32.2917 54.2041 41.6667
31.9851 54.3994 41.6667
31.6967 54.6206 41.6667
35.48 61.6463 39.5833
35.4325 62.0066 39.5833
35.4167 62.3698 39.5833
35.8071 60.6089 39.5833
35.6679 60.9447 39.5833
35.5586 61.2914 39.5833
35.4325 62.7329 39.5833
35.48 63.0933 39.5833
30.9619 69.317 41.6667
35.5586 63.4482 39.5833
35.6679 63.7949 39.5833
35.8071 64.1307 39.5833
35.9749 64.4531 39.5833
37.5 58.7614 39.5833
37.1934 58.9567 39.5833
36.9051 59.1779 39.5833
38.5049 58.3451 39.5833
38.1582 58.4544 39.5833
37.8224 58.5935 39.5833
37.1934 58.9567 41.6667
36.6371 59.4235 39.5833
36.9051 59.1779 41.6667
38.5049 58.3451 41.6667
38.1582 58.4544 41.6667
37.8224 58.5935 41.6667
37.5 58.7614 41.6667
36.3915 59.6915 39.5833
36.1702 59.9799 39.5833
36.1702 64.7597 39.5833
36.3915 65.0481 39.5833
36.6371 65.3161 39.5833
36.9051 65.5616 39.5833
37.1934 65.7829 39.5833
37.5 65.9782 39.5833
37.8224 66.1461 39.5833
37.8224 66.1461 41.6667
38.1582 66.2852 39.5833
38.1582 66.2852 41.6667
38.5049 66.3945 39.5833
38.5049 66.3945 41.6667
31.9299 50.5525 42.0833
31.7525 50.5918 42.0833
31.5791 50.6465 42.0833
32.2917 49.4792 42.0833
32.2917 50.5208 42.0833
32.1101 50.5288 42.0833
31.5791 50.6465 42.9167
31.4112 50.716 42.0833
31.4112 50.716 42.9167
32.2917 50.5208 42.9167
32.1101 50.5288 42.9167
31.9299 50.5525 42.9167
31.7525 50.5918 42.9167
31.0967 50.8976 42.0833
30.9525 51.0082 42.0833
30.8185 51.131 42.0833
31.25 50.7999 42.0833
32.6141 54.0362 42.0833
32.2917 54.2041 42.0833
31.0967 50.8976 42.9167
31.1831 55.1342 42.0833
30.9619 55.4226 42.0833
31.9851 54.3994 42.0833
31.25 50.7999 42.9167
31.6967 54.6206 42.0833
31.4287 54.8662 42.0833
35.9749 60.2865 41.6667
35.8071 60.6089 41.6667
35.6679 60.9447 41.6667
36.6371 59.4235 41.6667
36.3915 59.6915 41.6667
36.1702 59.9799 41.6667
33.6515 53.7091 42.0833
33.2966 53.7878 42.0833
32.9499 53.8971 42.0833
34.375 53.6458 42.0833
34.0119 53.6617 42.0833
35.5586 61.2914 41.6667
35.48 61.6463 41.6667
35.4325 62.0066 41.6667
35.4167 62.3698 41.6667
35.4325 62.7329 41.6667
35.48 63.0933 41.6667
35.5586 63.4482 41.6667
35.6679 63.7949 41.6667
35.8071 64.1307 41.6667
35.9749 64.4531 41.6667
36.1702 64.7597 41.6667
36.3915 65.0481 41.6667
36.6371 65.3161 41.6667
36.9051 65.5616 41.6667
37.1934 65.7829 41.6667
37.5 65.9782 41.6667
31.1831 69.6054 41.6667
30.9525 73.7313 42.0833
31.0967 73.842 42.0833
31.4287 69.8734 41.6667
31.6967 70.1189 41.6667
31.9851 70.3402 41.6667
31.25 73.9396 42.0833
31.4112 74.0236 42.0833
31.5791 74.0931 42.0833
31.7525 74.1478 42.0833
31.9299 74.1871 42.0833
31.9299 75.5525 42.0833
31.7525 75.5918 42.0833
31.1831 80.1342 41.6667
30.9619 80.4226 41.6667
30.9619 94.317 41.6667
31.6967 79.6207 41.6667
31.4287 79.8662 41.6667
31.1831 94.6054 41.6667
31.25 75.7999 42.0833
31.0967 75.8976 42.0833
30.9525 76.0082 42.0833
31.5791 75.6465 42.0833
31.4112 75.716 42.0833
31.4287 94.8734 41.6667
31.6967 95.1189 41.6667
32.2917 70.5355 41.6667
32.6141 70.7034 41.6667
32.9499 70.8425 41.6667
33.2966 70.9518 41.6667
33.6515 71.0304 41.6667
34.0119 71.0779 41.6667
32.1101 74.2108 42.0833
32.2917 74.2188 42.0833
32.2917 75.5208 42.0833
34.375 71.0938 41.6667
34.375 78.6458 41.6667
34.0119 78.6617 41.6667
34.375 78.6458 42.0833
32.2917 79.2041 41.6667
31.9851 79.3994 41.6667
31.9851 95.3402 41.6667
33.6515 78.7091 41.6667
33.2966 78.7878 41.6667
32.9499 78.8971 41.6667
32.6141 79.0362 41.6667
32.2917 95.5355 41.6667
32.6141 95.7034 41.6667
32.9499 95.8425 41.6667
33.2966 95.9518 41.6667
33.6515 96.0304 41.6667
34.0119 96.0779 41.6667
34.375 96.0938 41.6667
30.9619 69.317 42.0833
31.1831 69.6054 42.0833
31.4287 69.8734 42.0833
31.6967 70.1189 42.0833
31.9851 70.3402 42.0833
31.9851 79.3994 42.0833
30.9525 73.7313 42.9167
31.4287 79.8662 42.0833
31.4112 74.0236 42.9167
31.5791 74.0931 42.9167
31.7525 74.1478 42.9167
31.6967 79.6207 42.0833
31.9299 75.5525 42.9167
31.1831 80.1342 42.0833
30.9619 80.4226 42.0833
30.9619 94.317 42.0833
31.1831 94.6054 42.0833
31.4287 94.8734 42.0833
31.6967 95.1189 42.0833
31.9851 95.3402 42.0833
30.9525 98.7313 42.0833
31.0967 98.842 42.0833
31.25 98.9396 42.0833
31.4112 99.0236 42.0833
31.5791 99.0931 42.0833
31.7525 99.1478 42.0833
31.9299 99.1871 42.0833
32.2917 70.5355 42.0833
32.6141 70.7034 42.0833
32.9499 70.8425 42.0833
33.2966 70.9518 42.0833
33.6515 71.0304 42.0833
34.0119 71.0779 42.0833
32.1101 74.2108 42.9167
32.1101 75.5288 42.0833
32.1101 75.5288 42.9167
34.375 71.0938 42.0833
32.2917 74.2188 42.9167
34.0119 78.6617 42.0833
32.2917 75.5208 42.9167
32.6141 79.0362 42.0833
32.2917 79.2041 42.0833
32.2917 95.5355 42.0833
33.6515 78.7091 42.0833
33.2966 78.7878 42.0833
32.9499 78.8971 42.0833
32.6141 95.7034 42.0833
32.9499 95.8425 42.0833
32.1101 99.2108 42.0833
32.2917 99.2188 42.0833
33.2966 95.9518 42.0833
33.6515 96.0304 42.0833
34.0119 96.0779 42.0833
34.375 96.0938 42.0833
25 54.3121 43.5117
25 54.548 43.3756
25 54.4271 43.4385
25 54.0114 43.7873
25 54.204 43.5947
25 54.1035 43.6868
25 53.7922 44.1313
25 53.9284 43.8955
25 53.8552 44.0104
25 53.6696 44.5203
25 53.6518 44.6555
25 53.7401 44.2573
25 53.6991 44.3873
25 55.0722 43.2351
25 55.2083 43.2292
25 55.3445 43.2351
25 54.8039 43.2824
25 54.937 43.2529
25 55.4797 43.2529
25 54.6739 43.3234
25 55.6127 43.2824
25 55.7427 43.3234
26.0417 54.548 43.3756
25 55.8687 43.3756
26.0417 55.8687 43.3756
25 55.9896 43.4385
26.0417 52.6042 42.9167
26.0417 54.0114 43.7873
26.0417 53.9284 43.8955
26.1127 52.065 42.9167
26.0733 52.2424 42.9167
26.0496 52.4226 42.9167
26.0417 53.7401 44.2573
26.0417 53.8552 44.0104
26.0417 53.7922 44.1313
26.0417 53.6518 44.6555
26.0417 53.6458 44.7917
26.0417 53.6991 44.3873
26.0417 53.6696 44.5203
26.0417 55.0722 43.2351
26.0417 55.2083 43.2292
26.0417 55.3445 43.2351
26.0417 54.937 43.2529
26.0417 54.8039 43.2824
26.0417 55.4797 43.2529
26.0417 55.6127 43.2824
26.0417 54.4271 43.4385
26.0417 54.6739 43.3234
26.0417 55.7427 43.3234
26.0417 54.204 43.5947
26.0417 54.1035 43.6868
26.0417 55.9896 43.4385
26.0417 54.3121 43.5117
25 53.6458 44.7917
25 53.6518 44.9278
25 53.6696 45.063
26.0417 53.6518 44.9278
25 53.6991 45.1961
25 53.7401 45.3261
25 53.7922 45.452
25 53.8552 45.5729
25 53.9284 45.6879
25 54.0114 45.796
25 54.1035 45.8965
25 54.204 45.9886
25 54.3121 46.0716
25 54.4271 46.1448
25 55.9896 46.1448
25 54.548 46.2078
25 54.6739 46.2599
25 55.8687 46.2078
25 55.7427 46.2599
25 54.8039 46.3009
25 55.6127 46.3009
25 54.937 46.3304
25 55.0722 46.3482
25 55.2083 46.3542
25 55.4797 46.3304
25 55.3445 46.3482
26.0417 53.6696 45.063
26.0417 53.6991 45.1961
26.0417 53.7401 45.3261
26.0417 53.7922 45.452
26.0417 53.8552 45.5729
26.0417 53.9284 45.6879
26.0417 54.0114 45.796
26.0417 54.1035 45.8965
26.0417 54.204 45.9886
26.1127 52.065 52.0833
26.0733 52.2424 52.0833
26.0496 52.4226 52.0833
26.0417 52.6042 52.0833
26.0417 54.3121 46.0716
26.0417 54.4271 46.1448
26.0417 55.9896 46.1448
26.0417 54.548 46.2078
26.0417 54.6739 46.2599
26.0417 55.8687 46.2078
26.0417 55.7427 46.2599
26.0417 54.8039 46.3009
26.0417 55.6127 46.3009
26.0417 54.937 46.3304
26.0417 55.0722 46.3482
26.0417 55.2083 46.3542
26.0417 55.4797 46.3304
26.0417 55.3445 46.3482
25 56.1045 43.5117
25 56.2127 43.5947
25 56.3132 43.6868
25 56.4053 43.7873
25 56.4883 43.8955
25 56.5615 44.0104
25 56.4883 45.6879
25 56.6244 44.1313
25 56.5615 45.5729
25 56.2127 45.9886
25 56.1045 46.0716
25 56.4053 45.796
25 56.3132 45.8965
25 56.6766 44.2573
25 56.7176 44.3873
25 56.7471 44.5203
26.0417 56.6766 44.2573
26.0417 56.7176 44.3873
26.0417 56.7471 44.5203
25 56.7649 44.6555
25 56.7708 44.7917
25 56.7649 44.9278
25 56.6766 45.3261
25 56.6244 45.452
25 56.7471 45.063
25 56.7176 45.1961
26.0417 56.1045 43.5117
26.0417 56.2127 43.5947
26.0417 56.3132 43.6868
26.0417 56.4053 43.7873
26.0417 56.4883 43.8955
26.0417 56.5615 44.0104
26.0417 56.4883 45.6879
26.0417 56.6244 44.1313
26.0417 56.5615 45.5729
26.0417 56.2127 45.9886
26.0417 56.1045 46.0716
26.0417 56.4053 45.796
26.0417 56.3132 45.8965
26.0496 77.4226 42.9167
26.0417 77.6042 42.9167
26.0417 97.1354 42.9167
26.0733 77.2424 42.9167
26.0496 97.317 42.9167
26.0733 97.4972 42.9167
26.1127 97.6746 42.9167
26.0417 56.7649 44.6555
26.0417 56.7708 44.7917
26.0417 56.7649 44.9278
26.0417 56.6766 45.3261
26.0417 56.6244 45.452
26.0417 56.7471 45.063
26.0417 56.7176 45.1961
25 64.2782 54.4718
25 64.4173 54.355
25 64.3452 54.4104
25 58.4993 60.2283
25 58.6384 60.1116
25 58.5714 60.173
25 58.2581 60.3538
25 58.4227 60.2771
25 58.3421 60.3191
25 57.9926 60.4127
25 57.9019 60.4167
25 58.1715 60.3812
25 58.0827 60.4008
25 64.924 54.1706
25 65.0148 54.1667
25 100 54.1667
25 64.8339 54.1825
26.0417 64.8339 54.1825
26.0417 65.0148 54.1667
26.0417 64.924 54.1706
25 64.5746 54.2643
25 64.7452 54.2022
25 64.6585 54.2295
26.0417 64.5746 54.2643
25 64.494 54.3062
26.0417 64.7452 54.2022
26.0417 64.6585 54.2295
26.0417 64.2782 54.4718
26.0417 64.4173 54.355
26.0417 64.3452 54.4104
26.0417 58.4993 60.2283
26.0417 58.6384 60.1116
26.0417 58.5714 60.173
26.0417 58.2581 60.3538
26.0417 58.4227 60.2771
26.0417 58.3421 60.3191
26.0417 57.9926 60.4127
26.0417 57.9019 60.4167
26.0417 58.1715 60.3812
26.0417 58.0827 60.4008
26.0417 72.1354 52.0833
26.0496 72.317 52.0833
26.0417 77.6042 52.0833
26.0733 72.4972 52.0833
26.1127 77.065 52.0833
26.0733 77.2424 52.0833
26.0496 77.4226 52.0833
26.0417 97.1354 52.0833
26.0417 100 52.0833
26.0417 100 54.1667
26.0496 97.317 52.0833
26.0417 64.494 54.3062
26.0733 97.4972 52.0833
26.1127 97.6746 52.0833
26.5291 51.265 42.9167
26.4184 51.4092 42.9167
26.3208 51.5625 42.9167
26.9301 50.8976 42.9167
26.7859 51.0082 42.9167
26.6519 51.131 42.9167
26.2369 51.7237 42.9167
26.1673 51.8916 42.9167
26.3208 73.1771 42.9167
26.9301 73.842 42.9167
27.0833 73.9396 42.9167
27.4125 75.6465 42.9167
27.2445 75.716 42.9167
26.6519 76.131 42.9167
26.1673 76.8916 42.9167
26.1127 77.065 42.9167
27.0833 75.7999 42.9167
26.9301 75.8976 42.9167
26.7859 76.0082 42.9167
28.0346 95.1902 42.9167
27.9902 95.2 42.9167
27.9469 95.2137 42.9167
28.0796 95.1843 42.9167
28.2154 95.1902 42.9167
28.2598 95.2 42.9167
28.3031 95.2137 42.9167
30.5851 51.4092 42.9167
30.4874 51.5625 42.9167
30.4035 51.7237 42.9167
30.9525 51.0082 42.9167
30.8185 51.131 42.9167
30.6957 51.265 42.9167
30.24 52.2424 42.9167
30.2163 52.4226 42.9167
30.2083 52.6042 42.9167
30.334 51.8916 42.9167
30.2793 52.065 42.9167
30.4035 73.0159 42.9167
31.0967 73.842 42.9167
31.0967 75.8976 42.9167
30.9525 76.0082 42.9167
30.6957 76.265 42.9167
31.25 73.9396 42.9167
31.5791 75.6465 42.9167
31.4112 75.716 42.9167
31.25 75.7999 42.9167
30.2163 77.4226 42.9167
30.2083 77.6042 42.9167
28.3451 95.2311 42.9167
30.4035 76.7237 42.9167
30.334 76.8916 42.9167
30.2793 77.065 42.9167
30.24 77.2424 42.9167
26.6519 51.131 52.0833
26.5291 51.265 52.0833
26.4184 51.4092 52.0833
27.0833 50.7999 52.0833
26.9301 50.8976 52.0833
26.7859 51.0082 52.0833
26.1673 51.8916 52.0833
26.1127 72.6746 52.0833
26.1673 72.848 52.0833
26.3208 51.5625 52.0833
26.2369 51.7237 52.0833
26.2369 73.0159 52.0833
26.3208 73.1771 52.0833
26.4184 73.3304 52.0833
26.5291 73.4746 52.0833
26.6519 73.6086 52.0833
26.7859 73.7313 52.0833
26.9301 73.842 52.0833
26.9301 75.8976 52.0833
26.3208 76.5625 52.0833
26.2369 76.7237 52.0833
26.1673 76.8916 52.0833
26.7859 76.0082 52.0833
26.6519 76.131 52.0833
26.5291 76.265 52.0833
26.4184 76.4092 52.0833
27.7632 50.5525 52.0833
27.5858 74.1478 42.9167
27.7632 74.1871 42.9167
28.125 49.4792 52.0833
28.125 50.5208 52.0833
27.9434 50.5288 52.0833
27.2445 50.716 52.0833
27.0833 73.9396 52.0833
27.2445 74.0236 52.0833
27.5858 50.5918 52.0833
27.4125 50.6465 52.0833
27.4125 74.0931 52.0833
27.5858 74.1478 52.0833
27.7632 74.1871 52.0833
27.9434 74.2108 42.9167
27.5858 75.5918 42.9167
31.9299 74.1871 42.9167
27.9434 74.2108 52.0833
31.7525 75.5918 42.9167
28.125 74.2188 52.0833
27.4125 75.6465 52.0833
27.2445 75.716 52.0833
27.0833 75.7999 52.0833
28.125 75.5208 52.0833
27.9434 75.5288 52.0833
27.7632 75.5525 52.0833
27.5858 75.5918 52.0833
27.7902 95.3041 42.9167
27.7567 95.3348 42.9167
27.726 95.3683 42.9167
27.9049 95.2311 42.9167
27.8646 95.2521 42.9167
27.8263 95.2765 42.9167
27.6219 95.5683 42.9167
27.6121 95.6127 42.9167
27.6061 95.6577 42.9167
27.6984 95.4044 42.9167
27.6739 95.4427 42.9167
27.653 95.483 42.9167
27.6356 95.525 42.9167
27.6042 95.7031 42.9167
27.6061 95.7485 42.9167
27.6121 95.7936 42.9167
27.6219 95.8379 42.9167
27.6356 95.8813 42.9167
27.653 95.9232 42.9167
27.6739 95.9635 42.9167
27.6984 96.0019 42.9167
27.726 96.0379 42.9167
27.7567 96.0714 42.9167
27.7902 96.1021 42.9167
27.8263 96.1298 42.9167
27.8646 96.1542 42.9167
28.3854 95.2521 42.9167
28.4237 95.2765 42.9167
28.4598 95.3041 42.9167
28.4933 95.3348 42.9167
28.524 95.3683 42.9167
28.5516 95.4044 42.9167
28.5761 95.4427 42.9167
28.597 95.483 42.9167
28.6144 95.525 42.9167
28.6281 95.5683 42.9167
28.6379 95.6127 42.9167
28.6439 95.6577 42.9167
28.6458 95.7031 42.9167
28.597 95.9232 42.9167
28.5761 95.9635 42.9167
28.5516 96.0019 42.9167
28.6439 95.7485 42.9167
28.6379 95.7936 42.9167
28.6281 95.8379 42.9167
28.6144 95.8813 42.9167
28.3854 96.1542 42.9167
27.9049 96.1752 42.9167
28.3451 96.1752 42.9167
28.524 96.0379 42.9167
28.4933 96.0714 42.9167
28.4598 96.1021 42.9167
28.4237 96.1298 42.9167
26.1673 97.848 42.9167
26.2369 98.0159 42.9167
26.3208 98.1771 42.9167
27.9469 96.1926 42.9167
26.6519 98.6086 42.9167
26.7859 98.7313 42.9167
26.1673 97.848 52.0833
26.2369 98.0159 52.0833
26.3208 98.1771 52.0833
26.4184 98.3304 52.0833
26.5291 98.4746 52.0833
26.6519 98.6086 52.0833
26.7859 98.7313 52.0833
26.9301 98.842 42.9167
27.0833 98.9396 42.9167
27.2445 99.0236 42.9167
27.4125 99.0931 42.9167
27.5858 99.1478 42.9167
27.7632 99.1871 42.9167
27.9434 99.2108 42.9167
26.9301 98.842 52.0833
27.0833 98.9396 52.0833
27.2445 99.0236 52.0833
27.4125 99.0931 52.0833
27.5858 99.1478 52.0833
27.7632 99.1871 52.0833
27.9434 99.2108 52.0833
27.9902 96.2062 42.9167
28.0346 96.216 42.9167
28.0796 96.222 42.9167
28.3031 96.1926 42.9167
28.2598 96.2062 42.9167
28.2154 96.216 42.9167
28.1704 96.222 42.9167
28.125 96.224 42.9167
30.2083 97.1354 42.9167
30.2163 97.317 42.9167
30.24 97.4972 42.9167
30.2793 97.6746 42.9167
30.334 97.848 42.9167
30.4035 98.0159 42.9167
30.4874 98.1771 42.9167
30.5851 98.3304 42.9167
30.9525 98.7313 42.9167
31.0967 98.842 42.9167
31.25 98.9396 42.9167
31.4112 99.0236 42.9167
31.5791 99.0931 42.9167
28.125 99.2188 42.9167
28.125 99.2188 52.0833
31.7525 99.1478 42.9167
31.9299 99.1871 42.9167
32.1101 99.2108 42.9167
32.2917 99.2188 42.9167
41.9891 8.85393 39.5833
41.6667 9.02177 39.5833
41.3601 9.21707 39.5833
43.0265 8.52684 39.5833
42.6716 8.60552 39.5833
42.3249 8.71482 39.5833
40.1416 10.5469 39.5833
39.9737 10.8693 39.5833
39.8346 11.2051 39.5833
41.0717 9.43836 39.5833
40.8037 9.68393 39.5833
40.5581 9.95193 39.5833
40.3369 10.2403 39.5833
39.5992 12.2671 39.5833
39.5833 12.6302 39.5833
39.5992 12.9934 39.5833
39.6466 11.9067 39.5833
39.6466 13.3537 39.5833
39.7253 13.7086 39.5833
39.8346 14.0553 39.5833
39.9737 14.3911 39.5833
40.1416 14.7135 39.5833
40.3369 15.0201 39.5833
40.5581 15.3085 39.5833
40.8037 15.5765 39.5833
41.0717 15.8221 39.5833
43.75 8.46354 39.5833
43.3869 8.4794 39.5833
44.1131 8.4794 39.5833
44.4735 8.52684 39.5833
44.8284 8.60552 39.5833
45.1751 8.71482 39.5833
45.5109 8.85393 39.5833
45.8333 9.02177 39.5833
46.1399 9.21707 39.5833
46.4283 9.43836 39.5833
46.6963 9.68393 39.5833
46.9419 9.95193 39.5833
47.1631 10.2403 39.5833
47.3584 10.5469 39.5833
47.5263 10.8693 39.5833
47.6654 11.2051 39.5833
47.7747 11.5518 39.5833
47.8534 11.9067 39.5833
47.9008 12.9934 39.5833
47.8534 13.3537 39.5833
47.1631 15.0201 39.5833
46.9419 15.3085 39.5833
46.6963 15.5765 39.5833
47.7747 13.7086 39.5833
47.6654 14.0553 39.5833
47.5263 14.3911 39.5833
47.3584 14.7135 39.5833
41.6667 9.02177 41.6667
39.7253 11.5518 39.5833
41.3601 9.21707 41.6667
42.6716 8.60552 41.6667
42.3249 8.71482 41.6667
41.9891 8.85393 41.6667
39.9737 10.8693 41.6667
39.8346 11.2051 41.6667
39.7253 11.5518 41.6667
41.0717 9.43836 41.6667
40.8037 9.68393 41.6667
40.5581 9.95193 41.6667
40.3369 10.2403 41.6667
39.5992 12.2671 41.6667
39.5833 12.6302 41.6667
39.5992 12.9934 41.6667
39.6466 11.9067 41.6667
39.6466 13.3537 41.6667
39.7253 13.7086 41.6667
39.8346 14.0553 41.6667
39.9737 14.3911 41.6667
40.1416 14.7135 41.6667
40.3369 15.0201 41.6667
40.5581 15.3085 41.6667
40.8037 15.5765 41.6667
41.0717 15.8221 41.6667
43.75 8.46354 41.6667
43.3869 8.4794 41.6667
43.0265 8.52684 41.6667
44.1131 8.4794 41.6667
44.4735 8.52684 41.6667
44.8284 8.60552 41.6667
45.1751 8.71482 41.6667
45.5109 8.85393 41.6667
45.8333 9.02177 41.6667
46.1399 9.21707 41.6667
46.4283 9.43836 41.6667
46.6963 9.68393 41.6667
46.9419 9.95193 41.6667
47.6654 11.2051 41.6667
46.4283 15.8221 39.5833
47.7747 11.5518 41.6667
47.8534 11.9067 41.6667
47.9008 12.2671 41.6667
47.9008 12.9934 41.6667
47.8534 13.3537 41.6667
47.1631 15.0201 41.6667
46.9419 15.3085 41.6667
46.6963 15.5765 41.6667
47.7747 13.7086 41.6667
47.6654 14.0553 41.6667
47.5263 14.3911 41.6667
47.3584 14.7135 41.6667
41.3601 16.0433 39.5833
41.6667 16.2386 39.5833
39.5833 33.4635 39.5833
41.9891 16.4065 39.5833
42.3249 16.5456 39.5833
42.6716 16.6549 39.5833
39.2202 33.4794 39.5833
39.9465 33.4794 39.5833
40.3069 33.5268 39.5833
40.6617 33.6055 39.5833
41.0084 33.7148 39.5833
41.3442 33.8539 39.5833
41.6667 34.0218 39.5833
41.9732 34.2171 39.5833
42.2616 34.4384 39.5833
41.9732 41.0433 39.5833
42.5296 34.6839 39.5833
42.5296 40.5765 39.5833
42.2616 40.8221 39.5833
40.3069 41.7336 39.5833
39.2202 41.781 39.5833
39.9465 41.781 39.5833
41.6667 41.2386 39.5833
41.3442 41.4065 39.5833
41.0084 41.5456 39.5833
40.6617 41.6549 39.5833
45.1751 16.5456 39.5833
44.8284 16.6549 39.5833
43.0265 16.7336 39.5833
46.1399 16.0433 39.5833
45.8333 16.2386 39.5833
45.5109 16.4065 39.5833
42.7752 34.9519 39.5833
42.9965 35.2403 39.5833
43.1918 35.5469 39.5833
44.4735 16.7336 39.5833
43.3869 16.781 39.5833
44.1131 16.781 39.5833
43.75 16.7969 39.5833
43.3596 35.8693 39.5833
43.4987 36.2051 39.5833
43.608 36.5518 39.5833
43.6867 36.9067 39.5833
43.7341 37.2671 39.5833
43.75 37.6302 39.5833
43.7341 37.9934 39.5833
43.1918 39.7135 39.5833
42.9965 40.0201 39.5833
42.7752 40.3085 39.5833
43.6867 38.3537 39.5833
43.608 38.7086 39.5833
43.4987 39.0553 39.5833
43.3596 39.3911 39.5833
41.3601 16.0433 41.6667
41.6667 16.2386 41.6667
39.5833 33.4635 41.6667
41.9891 16.4065 41.6667
42.3249 16.5456 41.6667
42.6716 16.6549 41.6667
39.2202 33.4794 41.6667
39.9465 33.4794 41.6667
40.3069 33.5268 41.6667
40.6617 33.6055 41.6667
41.0084 33.7148 41.6667
41.3442 33.8539 41.6667
41.6667 34.0218 41.6667
41.9732 34.2171 41.6667
39.5833 41.7969 39.5833
42.2616 34.4384 41.6667
42.5296 34.6839 41.6667
42.7752 34.9519 41.6667
42.5296 40.5765 41.6667
41.0084 41.5456 41.6667
40.6617 41.6549 41.6667
38.8598 41.7336 41.6667
42.2616 40.8221 41.6667
41.9732 41.0433 41.6667
41.6667 41.2386 41.6667
41.3442 41.4065 41.6667
45.5109 16.4065 41.6667
45.1751 16.5456 41.6667
44.8284 16.6549 41.6667
46.4283 15.8221 41.6667
46.1399 16.0433 41.6667
45.8333 16.2386 41.6667
43.0265 16.7336 41.6667
42.9965 35.2403 41.6667
43.1918 35.5469 41.6667
44.4735 16.7336 41.6667
43.3869 16.781 41.6667
44.1131 16.781 41.6667
43.75 16.7969 41.6667
43.3596 35.8693 41.6667
43.4987 36.2051 41.6667
43.608 36.5518 41.6667
43.6867 36.9067 41.6667
43.7341 37.2671 41.6667
43.75 37.6302 41.6667
43.7341 37.9934 41.6667
43.1918 39.7135 41.6667
42.9965 40.0201 41.6667
42.7752 40.3085 41.6667
43.6867 38.3537 41.6667
43.608 38.7086 41.6667
43.4987 39.0553 41.6667
43.3596 39.3911 41.6667
64.5644 0 39.5833
47.9008 12.2671 39.5833
47.9167 12.6302 39.5833
65.0088 16.6937 41.6667
65.0357 17.0446 41.6667
65.0329 17.3965 41.6667
64.5815 19.0841 41.6667
64.4082 19.3904 41.6667
64.2097 19.6809 41.6667
65.0004 17.7469 41.6667
64.9385 18.0933 41.6667
64.8475 18.4332 41.6667
64.7283 18.7643 41.6667
63.1943 20.6466 41.6667
62.8942 20.8303 41.6667
62.2528 21.1185 41.6667
63.9874 19.9537 41.6667
63.7429 20.2068 41.6667
63.4779 20.4383 41.6667
61.5721 21.2948 41.6667
61.223 21.3393 41.6667
60.8715 21.3542 41.6667
61.9162 21.2211 41.6667
64.3793 28.9062 41.6667
64.7278 28.9209 41.6667
65.074 28.9646 41.6667
67.7083 37.1094 39.5833
67.6629 37.1114 39.5833
67.7537 37.1114 39.5833
68.2871 9.58764 39.5833
71.209 19.4489 39.5833
73.3104 29.517 39.5833
65.4152 29.0371 41.6667
65.7492 29.1379 41.6667
66.0736 29.2663 41.6667
67.6179 37.1173 39.5833
66.3862 29.4214 41.6667
67.7988 37.1173 39.5833
67.5735 37.1271 39.5833
67.5302 37.1408 39.5833
67.4882 37.1582 39.5833
67.4479 37.1792 39.5833
67.8431 37.1271 39.5833
67.8865 37.1408 39.5833
67.9284 37.1582 39.5833
67.9688 37.1792 39.5833
67.4096 37.2036 39.5833
67.3735 37.2312 39.5833
67.3401 37.2619 39.5833
68.0071 37.2036 39.5833
68.0431 37.2312 39.5833
68.0766 37.2619 39.5833
68.1073 37.2954 39.5833
57.7556 3.90625 41.6667
58.1122 3.92154 41.6667
58.4662 3.9673 41.6667
58.815 4.04319 41.6667
59.156 4.14865 41.6667
59.4867 4.28291 41.6667
59.8048 4.44499 41.6667
60.1078 4.6337 41.6667
60.3935 4.84764 41.6667
60.6599 5.08526 41.6667
60.9049 5.3448 41.6667
61.1269 5.62437 41.6667
61.3241 5.9219 41.6667
61.4951 6.23522 41.6667
61.6386 6.56203 41.6667
47.9167 12.6302 41.6667
62.802 9.67941 41.6667
63.8783 12.8279 41.6667
64.8668 16.0051 41.6667
64.9524 16.3464 41.6667
62.5796 20.988 41.6667
66.6846 29.6021 41.6667
66.9669 29.8071 41.6667
67.231 30.0351 41.6667
67.3735 37.2312 41.6667
67.3401 37.2619 41.6667
67.4752 30.2843 41.6667
67.6976 30.5531 41.6667
67.8968 30.8395 41.6667
68.0713 31.1416 41.6667
68.2199 31.4573 41.6667
68.3416 31.7842 41.6667
67.7083 37.1094 41.6667
67.6629 37.1114 41.6667
67.6179 37.1173 41.6667
68.4356 32.1202 41.6667
68.501 32.4629 41.6667
68.9232 35.6013 41.6667
67.7537 37.1114 41.6667
67.5735 37.1271 41.6667
67.5302 37.1408 41.6667
67.4882 37.1582 41.6667
67.7988 37.1173 41.6667
67.8431 37.1271 41.6667
67.8865 37.1408 41.6667
67.9284 37.1582 41.6667
67.4479 37.1792 41.6667
67.9688 37.1792 41.6667
67.4096 37.2036 41.6667
68.0071 37.2036 41.6667
68.0431 37.2312 41.6667
68.0766 37.2619 41.6667
68.1073 37.2954 41.6667
67.2363 37.4101 39.5833
67.2189 37.4521 39.5833
67.2052 37.4954 39.5833
67.3093 37.2954 39.5833
67.2817 37.3315 39.5833
67.2573 37.3698 39.5833
67.1895 37.5848 39.5833
67.1875 37.6302 39.5833
67.1895 37.6756 39.5833
67.1954 37.5398 39.5833
67.1954 37.7206 39.5833
67.2052 37.765 39.5833
67.2189 37.8083 39.5833
67.2363 37.8503 39.5833
67.2573 37.8906 39.5833
67.2817 37.9289 39.5833
67.3093 37.965 39.5833
67.3401 37.9985 39.5833
67.3735 38.0292 39.5833
67.4096 38.0568 39.5833
67.4479 38.0813 39.5833
67.4882 38.1022 39.5833
67.5302 38.1196 39.5833
67.5735 38.1333 39.5833
67.6179 38.1431 39.5833
67.6629 38.1491 39.5833
68.135 37.3315 39.5833
68.1594 37.3698 39.5833
68.1804 37.4101 39.5833
68.1978 37.4521 39.5833
68.2114 37.4954 39.5833
68.2213 37.5398 39.5833
68.2114 37.765 39.5833
68.1978 37.8083 39.5833
68.1804 37.8503 39.5833
68.2272 37.5848 39.5833
68.2292 37.6302 39.5833
68.2272 37.6756 39.5833
68.2213 37.7206 39.5833
68.0431 38.0292 39.5833
68.0071 38.0568 39.5833
67.9688 38.0813 39.5833
68.1594 37.8906 39.5833
68.135 37.9289 39.5833
68.1073 37.965 39.5833
68.0766 37.9985 39.5833
67.7988 38.1431 39.5833
67.7537 38.1491 39.5833
67.7083 38.151 39.5833
67.9284 38.1022 39.5833
67.8865 38.1196 39.5833
67.8431 38.1333 39.5833
75 50 39.5833
67.2363 37.4101 41.6667
67.2189 37.4521 41.6667
67.2052 37.4954 41.6667
67.3093 37.2954 41.6667
67.2817 37.3315 41.6667
67.2573 37.3698 41.6667
67.1895 37.5848 41.6667
67.1875 37.6302 41.6667
67.1895 37.6756 41.6667
67.1954 37.5398 41.6667
67.1954 37.7206 41.6667
67.2052 37.765 41.6667
67.2189 37.8083 41.6667
67.2363 37.8503 41.6667
67.2573 37.8906 41.6667
67.2817 37.9289 41.6667
67.3093 37.965 41.6667
67.3401 37.9985 41.6667
67.3735 38.0292 41.6667
67.4096 38.0568 41.6667
67.4479 38.0813 41.6667
67.4882 38.1022 41.6667
67.5302 38.1196 41.6667
67.5735 38.1333 41.6667
67.6179 38.1431 41.6667
67.6629 38.1491 41.6667
67.7083 38.151 41.6667
68.135 37.3315 41.6667
68.1594 37.3698 41.6667
68.1804 37.4101 41.6667
68.1978 37.4521 41.6667
68.2114 37.4954 41.6667
68.2213 37.5398 41.6667
68.2114 37.765 41.6667
68.1978 37.8083 41.6667
68.1804 37.8503 41.6667
68.2272 37.5848 41.6667
68.2292 37.6302 41.6667
68.2272 37.6756 41.6667
68.2213 37.7206 41.6667
68.0766 37.9985 41.6667
68.0431 38.0292 41.6667
68.0071 38.0568 41.6667
68.1594 37.8906 41.6667
68.135 37.9289 41.6667
74.5769 39.7237 39.5833
68.1073 37.965 41.6667
67.8431 38.1333 41.6667
67.7988 38.1431 41.6667
67.7537 38.1491 41.6667
67.9688 38.0813 41.6667
67.9284 38.1022 41.6667
67.8865 38.1196 41.6667
69.2622 38.7497 41.6667
57.8587 0.78125 42.0833
58.031 0.788382 42.0833
58.202 0.809731 42.0833
58.3707 0.845149 42.0833
58.5359 0.894395 42.0833
58.6965 0.957131 42.0833
58.8514 1.03293 42.0833
58.9994 1.12127 42.0833
59.1396 1.22154 42.0833
59.2711 1.33307 42.0833
59.3929 1.45508 42.0833
59.5041 1.58674 42.0833
59.6042 1.72715 42.0833
47.1631 10.2403 41.6667
40.1416 10.5469 41.6667
47.3584 10.5469 41.6667
59.6922 1.87535 42.0833
47.5263 10.8693 41.6667
57.7556 3.90625 42.0833
58.1122 3.92154 42.0833
58.4662 3.9673 42.0833
58.815 4.04319 42.0833
59.4867 4.28291 42.0833
59.8048 4.44499 42.0833
60.1078 4.6337 42.0833
60.3935 4.84764 42.0833
61.0356 5.043 42.0833
60.6599 5.08526 42.0833
60.9049 5.3448 42.0833
61.1269 5.62437 42.0833
61.3241 5.9219 42.0833
61.4951 6.23522 42.0833
61.6386 6.56203 42.0833
64.8668 16.0051 42.0833
64.9524 16.3464 42.0833
65.0088 16.6937 42.0833
65.0357 17.0446 42.0833
65.0329 17.3965 42.0833
65.0004 17.7469 42.0833
64.5815 19.0841 42.0833
64.4082 19.3904 42.0833
64.2097 19.6809 42.0833
65.4283 17.9634 42.0833
64.9385 18.0933 42.0833
64.8475 18.4332 42.0833
64.7283 18.7643 42.0833
63.1943 20.6466 42.0833
62.8942 20.8303 42.0833
62.5796 20.988 42.0833
65.9564 19.931 42.0833
63.9874 19.9537 42.0833
63.7429 20.2068 42.0833
63.4779 20.4383 42.0833
57.8587 0.78125 42.9167
58.031 0.788382 42.9167
58.202 0.809731 42.9167
62.3911 0.78125 42.9167
62.5656 0.788567 42.9167
62.7388 0.810466 42.9167
58.3707 0.845149 42.9167
58.5359 0.894395 42.9167
58.6965 0.957131 42.9167
62.3911 0.78125 52.0833
62.5656 0.788567 52.0833
62.9096 0.846794 42.9167
62.7388 0.810466 52.0833
58.8514 1.03293 42.9167
58.9994 1.12127 42.9167
59.1396 1.22154 42.9167
59.7677 2.03033 42.0833
60.412 3.53234 42.0833
59.156 4.14865 42.0833
59.2711 1.33307 42.9167
59.3929 1.45508 42.9167
59.5041 1.58674 42.9167
59.6042 1.72715 42.9167
59.6922 1.87535 42.9167
59.7677 2.03033 42.9167
62.3816 8.52196 42.9167
63.0767 0.897295 42.9167
63.2391 0.961614 42.9167
63.3954 1.0393 42.9167
63.5448 1.12981 42.9167
63.686 1.2325 42.9167
63.8181 1.34666 42.9167
62.9096 0.846794 52.0833
63.0767 0.897295 52.0833
63.2391 0.961614 52.0833
64.5644 0 52.0833
63.3954 1.0393 52.0833
63.5448 1.12981 52.0833
63.686 1.2325 52.0833
63.9402 1.47148 42.9167
64.0514 1.60608 42.9167
64.1509 1.74953 42.9167
64.2381 1.9008 42.9167
64.3124 2.05885 42.9167
66.8251 8.55663 42.9167
64.6119 15.1552 42.9167
63.8181 1.34666 52.0833
63.9402 1.47148 52.0833
64.0514 1.60608 52.0833
64.1509 1.74953 52.0833
64.2381 1.9008 52.0833
64.3124 2.05885 52.0833
66.8251 8.55663 52.0833
61.5721 21.2948 42.0833
61.223 21.3393 42.0833
60.8715 21.3542 42.0833
62.2528 21.1185 42.0833
61.9162 21.2211 42.0833
66.0056 23.7539 42.0833
65.295 24.2892 42.0833
65.129 24.3569 42.0833
64.9578 24.4101 42.0833
65.883 23.8847 42.0833
65.7496 24.0045 42.0833
65.6064 24.1123 42.0833
65.4545 24.2075 42.0833
39.2202 41.781 41.6667
39.9465 41.781 41.6667
39.5833 41.7969 41.6667
40.3069 41.7336 41.6667
65.7196 46.3387 41.6667
65.3608 46.3542 41.6667
64.7827 24.4484 42.0833
64.6049 24.4715 42.0833
64.4258 24.4792 42.0833
65.6083 25.7812 42.0833
65.788 25.789 42.0833
65.7196 46.3387 42.0833
65.3608 46.3542 42.0833
66.451 21.9073 42.0833
66.4855 22.0832 42.0833
66.4702 22.7967 42.0833
66.5048 22.2614 42.0833
66.5086 22.4406 42.0833
66.4971 22.6195 42.0833
66.2149 23.4633 42.0833
66.1165 23.6131 42.0833
66.0736 29.2663 42.0833
66.4282 22.971 42.0833
66.3713 23.141 42.0833
66.3 23.3055 42.0833
66.3862 29.4214 42.0833
66.6846 29.6021 42.0833
66.4267 46.2155 41.6667
66.0758 46.2924 41.6667
67.4217 45.8088 41.6667
66.9669 29.8071 42.0833
67.1021 45.9728 41.6667
66.7696 46.1087 41.6667
66.7696 46.1087 42.0833
66.4267 46.2155 42.0833
66.0758 46.2924 42.0833
67.231 30.0351 42.0833
67.4752 30.2843 42.0833
67.4217 45.8088 42.0833
67.1021 45.9728 42.0833
66.0056 23.7539 42.9167
65.883 23.8847 42.9167
65.7496 24.0045 42.9167
66.3 23.3055 42.9167
66.2149 23.4633 42.9167
66.1165 23.6131 42.9167
64.9578 24.4101 42.9167
64.7827 24.4484 42.9167
64.6049 24.4715 42.9167
65.6064 24.1123 42.9167
65.4545 24.2075 42.9167
65.295 24.2892 42.9167
65.129 24.3569 42.9167
64.3793 28.9062 42.0833
64.7278 28.9209 42.0833
65.074 28.9646 42.0833
65.9663 25.8122 42.0833
66.142 25.8508 42.0833
66.3137 25.9043 42.0833
65.4152 29.0371 42.0833
64.4258 24.4792 42.9167
65.7492 29.1379 42.0833
65.6083 25.7812 42.9167
65.788 25.789 42.9167
65.9663 25.8122 42.9167
66.142 25.8508 42.9167
66.3137 25.9043 42.9167
66.451 21.9073 42.9167
66.4801 25.9724 42.0833
66.4855 22.0832 42.9167
66.5048 22.2614 42.9167
66.64 26.0547 42.0833
66.5086 22.4406 42.9167
66.4702 22.7967 42.9167
66.4282 22.971 42.9167
66.3713 23.141 42.9167
66.4971 22.6195 42.9167
66.4801 25.9724 42.9167
66.64 26.0547 42.9167
66.7923 26.1504 42.9167
66.7923 26.1504 42.0833
66.9357 26.2589 42.0833
67.0692 26.3794 42.0833
67.1919 26.5109 42.0833
67.3027 26.6525 42.0833
67.4009 26.8032 42.0833
67.4858 26.9617 42.0833
66.9357 26.2589 42.9167
67.0692 26.3794 42.9167
67.1919 26.5109 42.9167
67.3027 26.6525 42.9167
67.4009 26.8032 42.9167
67.4858 26.9617 42.9167
67.5567 27.127 42.9167
67.5567 27.127 42.0833
67.613 27.2978 42.0833
67.6544 27.4728 42.0833
68.9689 15.1853 42.9167
69.7322 24.2099 42.9167
69.5732 24.2909 42.9167
68.7077 24.4792 42.9167
67.613 27.2978 42.9167
67.6544 27.4728 42.9167
69.4078 24.358 42.9167
69.2374 24.4107 42.9167
69.063 24.4487 42.9167
68.886 24.4715 42.9167
67.9601 29.1322 42.0833
67.6976 30.5531 42.0833
67.8968 30.8395 42.0833
68.2423 30.7956 42.0833
69.5179 41.906 41.6667
68.0713 31.1416 42.0833
68.2199 31.4573 42.0833
68.3416 31.7842 42.0833
68.4356 32.1202 42.0833
68.501 32.4629 42.0833
68.7259 34.0559 42.9167
69.5179 41.906 42.0833
69.4292 40.6884 42.9167
70.7369 21.924 42.9167
70.7699 22.0993 42.9167
70.7496 22.8096 42.9167
70.7877 22.2769 42.9167
70.7902 22.4553 42.9167
70.7775 22.6333 42.9167
70.3932 23.6204 42.9167
70.2822 23.7601 42.9167
70.1597 23.8899 42.9167
70.7067 22.9828 42.9167
70.6491 23.1517 42.9167
70.5773 23.315 42.9167
70.4918 23.4717 42.9167
70.0265 24.0086 42.9167
69.8837 24.1156 42.9167
69.848 25.7812 42.9167
70.0285 25.7891 42.9167
70.2077 25.8125 42.9167
71.4371 26.5174 42.9167
71.5479 26.6601 42.9167
71.6458 26.812 42.9167
71.7303 26.9717 42.9167
71.8006 27.1382 42.9167
71.8562 27.3101 42.9167
71.8967 27.4862 42.9167
72.9303 34.0683 42.9167
73.6087 40.6964 42.9167
68.2871 9.58764 52.0833
68.9689 15.1853 52.0833
70.4918 23.4717 52.0833
70.7067 22.9828 52.0833
70.6491 23.1517 52.0833
70.5773 23.315 52.0833
69.8837 24.1156 52.0833
69.7322 24.2099 52.0833
69.5732 24.2909 52.0833
70.3932 23.6204 52.0833
70.2822 23.7601 52.0833
70.1597 23.8899 52.0833
70.0265 24.0086 52.0833
69.4078 24.358 52.0833
69.2374 24.4107 52.0833
69.063 24.4487 52.0833
70.3841 25.8514 42.9167
70.5566 25.9055 42.9167
70.7237 25.9742 42.9167
68.886 24.4715 52.0833
68.7077 24.4792 52.0833
69.848 25.7812 52.0833
70.0285 25.7891 52.0833
70.2077 25.8125 52.0833
70.3841 25.8514 52.0833
70.5566 25.9055 52.0833
70.7369 21.924 52.0833
70.7699 22.0993 52.0833
70.7877 22.2769 52.0833
71.209 19.4489 52.0833
70.8842 26.0572 42.9167
71.0369 26.1538 42.9167
70.7775 22.6333 52.0833
70.7496 22.8096 52.0833
70.7237 25.9742 52.0833
70.7902 22.4553 52.0833
70.8842 26.0572 52.0833
71.0369 26.1538 52.0833
71.1806 26.2632 52.0833
71.1806 26.2632 42.9167
71.3144 26.3847 42.9167
71.3144 26.3847 52.0833
71.4371 26.5174 52.0833
71.5479 26.6601 52.0833
71.6458 26.812 52.0833
71.7303 26.9717 52.0833
71.8006 27.1382 52.0833
71.8562 27.3101 52.0833
71.8967 27.4862 52.0833
73.3104 29.517 52.0833
72.9303 34.0683 52.0833
74.5769 39.7237 52.0833
73.6087 40.6964 52.0833
68.7465 44.6161 41.6667
68.5247 44.8986 41.6667
68.2795 45.1611 41.6667
69.2551 43.6691 41.6667
69.113 43.999 41.6667
68.9431 44.3154 41.6667
68.2795 45.1611 42.0833
68.0126 45.4014 41.6667
68.0126 45.4014 42.0833
69.113 43.999 42.0833
68.9431 44.3154 42.0833
68.7465 44.6161 42.0833
68.5247 44.8986 42.0833
67.7259 45.6178 41.6667
67.7259 45.6178 42.0833
68.8332 49.1306 42.0833
69.2286 48.7889 42.0833
69.1065 48.9137 42.0833
68.9744 49.0279 42.0833
68.0272 49.4499 42.0833
67.854 49.4718 42.0833
67.6795 49.4792 42.0833
68.6839 49.2211 42.0833
68.5275 49.2988 42.0833
68.3651 49.3631 42.0833
68.198 49.4136 42.0833
69.5045 42.6236 41.6667
69.4516 42.9788 41.6667
69.3682 43.3282 41.6667
69.5267 42.2651 41.6667
69.5267 42.2651 42.0833
69.5045 42.6236 42.0833
69.4516 42.9788 42.0833
69.3682 43.3282 42.0833
69.2551 43.6691 42.0833
69.6269 43.7193 42.0833
69.7084 45.534 42.0833
69.7623 47.3497 42.0833
69.7623 47.3497 42.9167
69.6008 48.2015 42.0833
69.5266 48.3595 42.0833
69.4394 48.5108 42.0833
69.7589 47.5243 42.0833
69.7408 47.698 42.0833
69.7083 47.8695 42.0833
69.6615 48.0378 42.0833
69.7589 47.5243 42.9167
69.3398 48.6543 42.0833
69.7408 47.698 42.9167
73.93 47.3513 42.9167
73.9265 47.5258 42.9167
73.9083 47.6994 42.9167
73.6937 48.3605 42.9167
69.5266 48.3595 42.9167
69.4394 48.5108 42.9167
69.3398 48.6543 42.9167
69.7083 47.8695 42.9167
69.6615 48.0378 42.9167
69.6008 48.2015 42.9167
68.6839 49.2211 42.9167
68.5275 49.2988 42.9167
68.3651 49.3631 42.9167
69.2286 48.7889 42.9167
69.1065 48.9137 42.9167
68.9744 49.0279 42.9167
68.8332 49.1306 42.9167
68.198 49.4136 42.9167
68.0272 49.4499 42.9167
67.854 49.4718 42.9167
72.5325 49.3632 42.9167
72.3654 49.4137 42.9167
72.1947 49.45 42.9167
72.0216 49.4719 42.9167
67.6795 49.4792 42.9167
71.8472 49.4792 42.9167
71.8472 49.4792 52.0833
72.5325 49.3632 52.0833
72.3654 49.4137 52.0833
72.1947 49.45 52.0833
72.0216 49.4719 52.0833
73.8288 48.039 42.9167
73.768 48.2026 42.9167
73.6065 48.5117 42.9167
73.93 47.3513 52.0833
73.8756 47.8708 42.9167
73.9265 47.5258 52.0833
73.6937 48.3605 52.0833
73.6065 48.5117 52.0833
73.5069 48.655 52.0833
73.9083 47.6994 52.0833
73.8756 47.8708 52.0833
73.8288 48.039 52.0833
73.768 48.2026 52.0833
73.0003 49.1309 42.9167
72.8511 49.2213 42.9167
72.6948 49.299 42.9167
73.5069 48.655 42.9167
73.3957 48.7895 42.9167
73.2736 48.9142 42.9167
73.1415 49.0283 42.9167
73.0003 49.1309 52.0833
72.8511 49.2213 52.0833
72.6948 49.299 52.0833
73.3957 48.7895 52.0833
73.2736 48.9142 52.0833
73.1415 49.0283 52.0833
75 50 52.0833
39.5833 58.2031 39.5833
39.2202 58.219 39.5833
38.8598 58.2664 39.5833
39.9465 58.219 39.5833
40.3069 58.2664 39.5833
40.6617 58.3451 39.5833
41.0084 58.4544 39.5833
41.3442 58.5935 39.5833
41.6667 58.7614 39.5833
41.9732 58.9567 39.5833
42.2616 59.1779 39.5833
42.5296 59.4235 39.5833
42.2616 65.5616 39.5833
41.0084 66.2852 39.5833
40.6617 66.3945 39.5833
38.8598 66.4732 39.5833
41.9732 65.7829 39.5833
41.6667 65.9782 39.5833
41.3442 66.1461 39.5833
39.2202 66.5206 39.5833
39.9465 66.5206 39.5833
39.5833 66.5365 39.5833
40.3069 66.4732 39.5833
42.3249 83.4544 39.5833
41.9891 83.5935 39.5833
41.6667 83.7614 39.5833
42.7752 59.6915 39.5833
42.9965 59.9799 39.5833
43.1918 60.2865 39.5833
43.3596 60.6089 39.5833
43.4987 60.9447 39.5833
43.608 61.2914 39.5833
43.6867 61.6463 39.5833
43.608 63.4482 39.5833
43.4987 63.7949 39.5833
43.7341 62.0066 39.5833
43.75 62.3698 39.5833
43.7341 62.7329 39.5833
43.6867 63.0933 39.5833
42.9965 64.7597 39.5833
42.7752 65.0481 39.5833
42.5296 65.3161 39.5833
43.3596 64.1307 39.5833
43.1918 64.4531 39.5833
43.75 83.2031 39.5833
43.3869 83.219 39.5833
44.1131 83.219 39.5833
43.0265 83.2664 39.5833
42.6716 83.3451 39.5833
44.4735 83.2664 39.5833
44.8284 83.3451 39.5833
45.1751 83.4544 39.5833
45.5109 83.5935 39.5833
39.5833 58.2031 41.6667
39.2202 58.219 41.6667
38.8598 58.2664 41.6667
39.9465 58.219 41.6667
40.3069 58.2664 41.6667
40.6617 58.3451 41.6667
41.0084 58.4544 41.6667
41.3442 58.5935 41.6667
41.6667 58.7614 41.6667
41.9732 58.9567 41.6667
42.2616 59.1779 41.6667
42.5296 59.4235 41.6667
42.5296 65.3161 41.6667
40.8037 84.4235 39.5833
40.5581 84.6915 39.5833
40.3369 84.9799 39.5833
42.2616 65.5616 41.6667
41.3601 83.9567 39.5833
41.0717 84.1779 39.5833
39.5833 66.5365 41.6667
40.3369 84.9799 41.6667
40.1416 85.2865 41.6667
41.9732 65.7829 41.6667
42.6716 83.3451 41.6667
42.3249 83.4544 41.6667
41.9891 83.5935 41.6667
42.7752 59.6915 41.6667
42.9965 59.9799 41.6667
43.1918 60.2865 41.6667
43.3596 60.6089 41.6667
43.4987 60.9447 41.6667
43.608 61.2914 41.6667
43.6867 61.6463 41.6667
43.608 63.4482 41.6667
42.7752 65.0481 41.6667
43.7341 62.0066 41.6667
43.75 62.3698 41.6667
43.7341 62.7329 41.6667
43.6867 63.0933 41.6667
43.75 83.2031 41.6667
45.8333 83.7614 39.5833
46.1399 83.9567 39.5833
46.4283 84.1779 39.5833
46.6963 84.4235 39.5833
46.9419 84.6915 39.5833
47.1631 84.9799 39.5833
43.3869 83.219 41.6667
44.1131 83.219 41.6667
43.0265 83.2664 41.6667
44.4735 83.2664 41.6667
44.8284 83.3451 41.6667
45.1751 83.4544 41.6667
45.5109 83.5935 41.6667
39.7253 86.2914 39.5833
39.6466 86.6463 39.5833
39.5992 87.0066 39.5833
40.1416 85.2865 39.5833
39.9737 85.6089 39.5833
39.8346 85.9447 39.5833
39.5833 87.3698 39.5833
39.5992 87.7329 39.5833
39.6466 88.0933 39.5833
39.7253 88.4482 39.5833
39.8346 88.7949 39.5833
39.9737 89.1307 39.5833
40.1416 89.4531 39.5833
40.3369 89.7597 39.5833
40.5581 90.0481 39.5833
40.8037 90.3161 39.5833
41.0717 90.5616 39.5833
41.3601 90.7829 39.5833
41.6667 90.9782 39.5833
40.1416 89.4531 41.6667
41.9891 91.1461 39.5833
42.3249 91.2852 39.5833
42.6716 91.3945 39.5833
43.0265 91.4732 39.5833
43.3869 91.5206 39.5833
43.75 91.5365 39.5833
47.3584 85.2865 39.5833
47.5263 85.6089 39.5833
47.6654 85.9447 39.5833
47.7747 86.2914 39.5833
47.8534 86.6463 39.5833
47.9008 87.0066 39.5833
47.6654 88.7949 39.5833
47.5263 89.1307 39.5833
47.5263 89.1307 41.6667
47.9167 87.3698 39.5833
47.9008 87.7329 39.5833
47.8534 88.0933 39.5833
47.7747 88.4482 39.5833
46.4283 90.5616 39.5833
46.1399 90.7829 39.5833
45.8333 90.9782 39.5833
47.3584 89.4531 39.5833
47.1631 89.7597 39.5833
46.9419 90.0481 39.5833
46.6963 90.3161 39.5833
44.8284 91.3945 39.5833
44.4735 91.4732 39.5833
44.1131 91.5206 39.5833
47.3584 89.4531 41.6667
47.1631 89.7597 41.6667
45.5109 91.1461 39.5833
45.1751 91.2852 39.5833
39.6466 86.6463 41.6667
39.5992 87.0066 41.6667
39.5833 87.3698 41.6667
39.9737 85.6089 41.6667
39.8346 85.9447 41.6667
39.7253 86.2914 41.6667
39.5992 87.7329 41.6667
39.6466 88.0933 41.6667
39.7253 88.4482 41.6667
39.8346 88.7949 41.6667
39.9737 89.1307 41.6667
40.3369 89.7597 41.6667
40.5581 90.0481 41.6667
40.8037 90.3161 41.6667
41.0717 90.5616 41.6667
41.3601 90.7829 41.6667
41.6667 90.9782 41.6667
41.9891 91.1461 41.6667
42.3249 91.2852 41.6667
45.1751 91.2852 41.6667
42.6716 91.3945 41.6667
43.0265 91.4732 41.6667
43.3869 91.5206 41.6667
44.8284 91.3945 41.6667
44.4735 91.4732 41.6667
44.1131 91.5206 41.6667
43.75 91.5365 41.6667
47.3584 85.2865 41.6667
47.5263 85.6089 41.6667
47.6654 85.9447 41.6667
47.7747 86.2914 41.6667
47.8534 86.6463 41.6667
47.9008 87.0066 41.6667
47.6654 88.7949 41.6667
46.9419 90.0481 41.6667
46.6963 90.3161 41.6667
47.9167 87.3698 41.6667
47.9008 87.7329 41.6667
47.8534 88.0933 41.6667
47.7747 88.4482 41.6667
46.1399 90.7829 41.6667
45.8333 90.9782 41.6667
45.5109 91.1461 41.6667
46.4283 90.5616 41.6667
60.6599 94.9147 41.6667
60.3935 95.1524 41.6667
60.1078 95.3663 41.6667
58.4662 96.0327 41.6667
58.1122 96.0785 41.6667
57.7556 96.0938 41.6667
59.8048 95.555 41.6667
59.4867 95.7171 41.6667
59.156 95.8513 41.6667
58.815 95.9568 41.6667
67.6179 61.8569 39.5833
67.5735 61.8667 39.5833
67.5302 61.8804 39.5833
67.7083 61.849 39.5833
67.6629 61.8509 39.5833
67.7537 61.8509 39.5833
67.4479 61.9187 39.5833
67.4096 61.9432 39.5833
67.4096 61.9432 41.6667
67.4882 61.8978 39.5833
67.5302 61.8804 41.6667
67.4882 61.8978 41.6667
67.4479 61.9187 41.6667
67.2817 62.0711 39.5833
67.2573 62.1094 39.5833
67.2363 62.1497 39.5833
67.3735 61.9708 39.5833
67.3401 62.0015 39.5833
67.3093 62.035 39.5833
67.1895 62.3244 39.5833
67.1875 62.3698 39.5833
67.1895 62.4152 39.5833
67.2189 62.1917 39.5833
67.2052 62.235 39.5833
67.1954 62.2794 39.5833
67.1954 62.4602 39.5833
67.7988 61.8569 39.5833
67.8431 61.8667 39.5833
67.8865 61.8804 39.5833
74.5769 60.2763 39.5833
67.9284 61.8978 39.5833
67.9688 61.9187 39.5833
67.8431 61.8667 41.6667
67.8865 61.8804 41.6667
67.9284 61.8978 41.6667
68.0071 61.9432 39.5833
67.9688 61.9187 41.6667
68.0431 61.9708 39.5833
68.0071 61.9432 41.6667
68.0766 62.0015 39.5833
68.1073 62.035 39.5833
68.135 62.0711 39.5833
68.1594 62.1094 39.5833
68.1804 62.1497 39.5833
68.1978 62.1917 39.5833
68.2114 62.235 39.5833
68.0431 61.9708 41.6667
68.2213 62.2794 39.5833
68.2114 62.5046 39.5833
68.2272 62.3244 39.5833
68.2292 62.3698 39.5833
68.2272 62.4152 39.5833
68.2213 62.4602 39.5833
65.3608 53.6458 41.6667
65.7196 53.6613 41.6667
66.0758 53.7076 41.6667
66.4267 53.7845 41.6667
66.7696 53.8913 41.6667
67.1021 54.0272 41.6667
67.4217 54.1912 41.6667
67.6179 61.8569 41.6667
67.5735 61.8667 41.6667
67.7259 54.3822 41.6667
67.7083 61.849 41.6667
67.6629 61.8509 41.6667
67.7537 61.8509 41.6667
67.2817 62.0711 41.6667
67.2573 62.1094 41.6667
67.2363 62.1497 41.6667
67.3735 61.9708 41.6667
67.3401 62.0015 41.6667
67.3093 62.035 41.6667
67.1895 62.3244 41.6667
67.1875 62.3698 41.6667
67.1895 62.4152 41.6667
67.2189 62.1917 41.6667
67.2052 62.235 41.6667
67.1954 62.2794 41.6667
67.1954 62.4602 41.6667
68.0126 54.5986 41.6667
68.2795 54.8389 41.6667
68.5247 55.1014 41.6667
68.7465 55.3839 41.6667
68.9431 55.6846 41.6667
69.113 56.001 41.6667
69.2551 56.3309 41.6667
69.3682 56.6718 41.6667
69.2622 61.2503 41.6667
69.4516 57.0212 41.6667
69.5045 57.3764 41.6667
69.5267 57.7349 41.6667
69.5179 58.094 41.6667
67.7988 61.8569 41.6667
68.0766 62.0015 41.6667
68.1073 62.035 41.6667
68.135 62.0711 41.6667
68.1594 62.1094 41.6667
68.1804 62.1497 41.6667
68.1978 62.1917 41.6667
68.2114 62.235 41.6667
68.2213 62.2794 41.6667
68.2114 62.5046 41.6667
68.2272 62.3244 41.6667
68.2292 62.3698 41.6667
68.2272 62.4152 41.6667
68.2213 62.4602 41.6667
67.2052 62.5046 39.5833
67.2189 62.5479 39.5833
67.2363 62.5899 39.5833
67.2573 62.6302 39.5833
67.2817 62.6685 39.5833
67.3093 62.7046 39.5833
67.2817 62.6685 41.6667
67.3401 62.7381 39.5833
67.3093 62.7046 41.6667
67.3735 62.7688 39.5833
67.3401 62.7381 41.6667
67.4096 62.7964 39.5833
67.3735 62.7688 41.6667
67.4479 62.8208 39.5833
67.4882 62.8418 39.5833
67.5302 62.8592 39.5833
67.5735 62.8729 39.5833
67.6179 62.8827 39.5833
67.6629 62.8886 39.5833
67.4096 62.7964 41.6667
64.5644 100 39.5833
67.4479 62.8208 41.6667
67.4882 62.8418 41.6667
67.5302 62.8592 41.6667
67.7083 62.8906 39.5833
67.5735 62.8729 41.6667
68.135 62.6685 39.5833
68.1073 62.7046 39.5833
68.0766 62.7381 39.5833
68.1978 62.5479 39.5833
68.1804 62.5899 39.5833
68.1594 62.6302 39.5833
68.0431 62.7688 39.5833
68.0071 62.7964 39.5833
68.0071 62.7964 41.6667
68.135 62.6685 41.6667
68.1073 62.7046 41.6667
68.0766 62.7381 41.6667
68.0431 62.7688 41.6667
67.8431 62.8729 39.5833
67.7988 62.8827 39.5833
67.7537 62.8886 39.5833
67.9688 62.8208 39.5833
67.9284 62.8418 39.5833
67.8865 62.8592 39.5833
73.3104 70.483 39.5833
67.8865 62.8592 41.6667
67.8431 62.8729 41.6667
67.7988 62.8827 41.6667
67.9688 62.8208 41.6667
67.9284 62.8418 41.6667
71.209 80.5511 39.5833
68.2871 90.4124 39.5833
60.8715 78.6458 41.6667
61.223 78.6607 41.6667
61.5721 78.7052 41.6667
64.7278 71.0791 41.6667
64.3793 71.0938 41.6667
61.9162 78.7789 41.6667
62.2528 78.8815 41.6667
62.5796 79.012 41.6667
62.8942 79.1697 41.6667
63.1943 79.3534 41.6667
63.4779 79.5617 41.6667
63.7429 79.7932 41.6667
63.9874 80.0463 41.6667
64.2097 80.3191 41.6667
64.4082 80.6097 41.6667
64.5815 80.9159 41.6667
64.7283 81.2357 41.6667
64.8475 81.5668 41.6667
64.9385 81.9067 41.6667
65.0004 82.2531 41.6667
61.3241 94.0781 41.6667
61.1269 94.3756 41.6667
60.9049 94.6552 41.6667
63.8783 87.1721 41.6667
62.802 90.3206 41.6667
61.6386 93.438 41.6667
61.4951 93.7648 41.6667
67.2052 62.5046 41.6667
67.2189 62.5479 41.6667
67.2363 62.5899 41.6667
68.1978 62.5479 41.6667
68.1804 62.5899 41.6667
67.2573 62.6302 41.6667
68.1594 62.6302 41.6667
67.6629 62.8886 41.6667
68.0713 68.8584 41.6667
68.501 67.5371 41.6667
68.4356 67.8798 41.6667
68.3416 68.2158 41.6667
68.2199 68.5427 41.6667
66.9669 70.1929 41.6667
66.6846 70.3979 41.6667
66.3862 70.5786 41.6667
67.8968 69.1605 41.6667
67.6976 69.4469 41.6667
67.4752 69.7157 41.6667
67.231 69.9649 41.6667
65.0329 82.6035 41.6667
65.0357 82.9554 41.6667
65.0088 83.3063 41.6667
66.0736 70.7337 41.6667
65.7492 70.8621 41.6667
65.4152 70.9629 41.6667
65.074 71.0354 41.6667
42.9965 64.7597 41.6667
41.6667 65.9782 41.6667
41.3442 66.1461 41.6667
43.4987 63.7949 41.6667
43.3596 64.1307 41.6667
43.1918 64.4531 41.6667
38.8598 66.4732 41.6667
39.2202 66.5206 41.6667
39.9465 66.5206 41.6667
41.0084 66.2852 41.6667
40.6617 66.3945 41.6667
40.3069 66.4732 41.6667
64.3793 71.0938 42.0833
61.223 78.6607 42.0833
61.5721 78.7052 42.0833
61.9162 78.7789 42.0833
64.4258 75.5208 42.0833
64.6049 75.5285 42.0833
62.2528 78.8815 42.0833
62.5796 79.012 42.0833
62.8942 79.1697 42.0833
63.1943 79.3534 42.0833
63.4779 79.5617 42.0833
63.7429 79.7932 42.0833
63.9874 80.0463 42.0833
64.2097 80.3191 42.0833
65.3608 53.6458 42.0833
65.7196 53.6613 42.0833
66.0758 53.7076 42.0833
66.4267 53.7845 42.0833
66.7696 53.8913 42.0833
67.1021 54.0272 42.0833
65.7492 70.8621 42.0833
65.4152 70.9629 42.0833
65.074 71.0354 42.0833
66.9669 70.1929 42.0833
66.6846 70.3979 42.0833
66.3862 70.5786 42.0833
66.0736 70.7337 42.0833
64.7278 71.0791 42.0833
66.64 73.9453 42.0833
66.4801 74.0276 42.0833
67.1919 73.4891 42.0833
67.0692 73.6206 42.0833
66.9357 73.7411 42.0833
66.7923 73.8496 42.0833
65.788 74.211 42.0833
65.6083 74.2188 42.0833
64.7827 75.5516 42.0833
66.3137 74.0957 42.0833
66.142 74.1492 42.0833
65.9663 74.1878 42.0833
65.9564 80.069 42.0833
64.9578 75.5899 42.0833
65.129 75.6431 42.0833
65.295 75.7108 42.0833
66.142 74.1492 42.9167
65.9663 74.1878 42.9167
65.788 74.211 42.9167
64.4258 75.5208 42.9167
64.6049 75.5285 42.9167
64.7827 75.5516 42.9167
65.6083 74.2188 42.9167
64.9578 75.5899 42.9167
65.129 75.6431 42.9167
65.295 75.7108 42.9167
65.4545 75.7925 42.0833
65.6064 75.8877 42.0833
65.7496 75.9955 42.0833
65.883 76.1153 42.0833
66.0056 76.2461 42.0833
66.1165 76.3869 42.0833
65.4545 75.7925 42.9167
60.8715 78.6458 42.0833
65.6064 75.8877 42.9167
65.7496 75.9955 42.9167
65.883 76.1153 42.9167
66.0056 76.2461 42.9167
66.1165 76.3869 42.9167
66.2149 76.5368 42.0833
66.3 76.6945 42.0833
66.3713 76.859 42.0833
67.1919 73.4891 42.9167
67.0692 73.6206 42.9167
66.9357 73.7411 42.9167
66.3137 74.0957 42.9167
66.2149 76.5368 42.9167
66.3 76.6945 42.9167
66.7923 73.8496 42.9167
66.64 73.9453 42.9167
66.4801 74.0276 42.9167
66.3713 76.859 42.9167
66.4282 77.029 42.0833
66.4702 77.2033 42.0833
66.451 78.0927 42.0833
66.4971 77.3805 42.0833
66.5086 77.5594 42.0833
66.5048 77.7386 42.0833
66.4855 77.9168 42.0833
66.4282 77.029 42.9167
66.4702 77.2033 42.9167
66.451 78.0927 42.9167
66.4971 77.3805 42.9167
66.5086 77.5594 42.9167
66.5048 77.7386 42.9167
66.4855 77.9168 42.9167
41.6667 83.7614 41.6667
41.3601 83.9567 41.6667
41.0717 84.1779 41.6667
45.8333 83.7614 41.6667
46.1399 83.9567 41.6667
46.4283 84.1779 41.6667
40.8037 84.4235 41.6667
46.6963 84.4235 41.6667
40.5581 84.6915 41.6667
46.9419 84.6915 41.6667
47.1631 84.9799 41.6667
59.156 95.8513 42.0833
58.815 95.9568 42.0833
58.4662 96.0327 42.0833
58.1122 96.0785 42.0833
57.7556 96.0938 42.0833
59.2711 98.6669 42.0833
59.1396 98.7785 42.0833
58.9994 98.8787 42.0833
58.202 99.1903 42.0833
58.031 99.2116 42.0833
57.8587 99.2188 42.0833
58.8514 98.9671 42.0833
58.6965 99.0429 42.0833
58.5359 99.1056 42.0833
58.3707 99.1549 42.0833
64.4082 80.6097 42.0833
64.5815 80.9159 42.0833
64.7283 81.2357 42.0833
64.8475 81.5668 42.0833
64.9524 83.6536 41.6667
64.9385 81.9067 42.0833
65.0004 82.2531 42.0833
64.9524 83.6536 42.0833
64.8668 83.9949 42.0833
65.4283 82.0366 42.0833
65.0329 82.6035 42.0833
65.0357 82.9554 42.0833
65.0088 83.3063 42.0833
61.1269 94.3756 42.0833
60.9049 94.6552 42.0833
60.6599 94.9147 42.0833
64.8668 83.9949 41.6667
61.6386 93.438 42.0833
61.4951 93.7648 42.0833
61.3241 94.0781 42.0833
59.8048 95.555 42.0833
59.4867 95.7171 42.0833
59.7677 97.9697 42.0833
61.0356 94.957 42.0833
60.3935 95.1524 42.0833
60.1078 95.3663 42.0833
60.412 96.4677 42.0833
59.6042 98.2728 42.0833
59.5041 98.4133 42.0833
59.3929 98.5449 42.0833
62.3816 91.478 42.9167
59.6922 98.1246 42.0833
59.7677 97.9697 42.9167
59.2711 98.6669 42.9167
59.1396 98.7785 42.9167
58.9994 98.8787 42.9167
59.6922 98.1246 42.9167
59.6042 98.2728 42.9167
59.5041 98.4133 42.9167
59.3929 98.5449 42.9167
58.5359 99.1056 42.9167
58.3707 99.1549 42.9167
58.202 99.1903 42.9167
58.8514 98.9671 42.9167
58.6965 99.0429 42.9167
62.9096 99.1532 42.9167
62.7388 99.1895 42.9167
58.031 99.2116 42.9167
57.8587 99.2188 42.9167
62.3911 99.2188 42.9167
62.5656 99.2114 42.9167
62.7388 99.1895 52.0833
62.5656 99.2114 52.0833
62.3911 99.2188 52.0833
64.2381 98.0992 42.9167
64.1509 98.2505 42.9167
64.0514 98.3939 42.9167
64.6119 84.8448 42.9167
66.8251 91.4434 42.9167
64.3124 97.9411 42.9167
64.0514 98.3939 52.0833
63.9402 98.5285 42.9167
63.9402 98.5285 52.0833
66.8251 91.4434 52.0833
64.3124 97.9411 52.0833
64.2381 98.0992 52.0833
64.1509 98.2505 52.0833
63.3954 98.9607 42.9167
63.2391 99.0384 42.9167
63.0767 99.1027 42.9167
63.8181 98.6533 42.9167
63.8181 98.6533 52.0833
63.686 98.7675 42.9167
63.5448 98.8702 42.9167
63.2391 99.0384 52.0833
63.0767 99.1027 52.0833
62.9096 99.1532 52.0833
63.686 98.7675 52.0833
63.5448 98.8702 52.0833
63.3954 98.9607 52.0833
64.5644 100 52.0833
67.6795 50.5208 42.0833
67.854 50.5282 42.0833
68.0272 50.5501 42.0833
68.198 50.5864 42.0833
68.3651 50.6369 42.0833
68.5275 50.7012 42.0833
68.5275 50.7012 42.9167
68.6839 50.7789 42.0833
68.8332 50.8694 42.0833
68.9744 50.9721 42.0833
68.8332 50.8694 42.9167
69.1065 51.0863 42.0833
68.9744 50.9721 42.9167
67.4217 54.1912 42.0833
67.6179 62.8827 41.6667
67.7083 62.8906 41.6667
67.7259 54.3822 42.0833
67.7537 62.8886 41.6667
68.9232 64.3987 41.6667
68.0126 54.5986 42.0833
68.2795 54.8389 42.0833
68.5247 55.1014 42.0833
68.7465 55.3839 42.0833
69.1065 51.0863 42.9167
68.9431 55.6846 42.0833
69.113 56.001 42.0833
69.2286 51.2111 42.0833
69.3398 51.3457 42.0833
69.4394 51.4892 42.0833
72.8511 50.7787 42.9167
69.5266 51.6405 42.0833
73.0003 50.8691 42.9167
69.2286 51.2111 42.9167
69.3398 51.3457 42.9167
69.4394 51.4892 42.9167
73.1415 50.9717 42.9167
73.2736 51.0858 42.9167
73.5069 51.345 42.9167
73.6065 51.4883 42.9167
69.6008 51.7985 42.0833
69.6615 51.9622 42.0833
69.7083 52.1305 42.0833
69.7408 52.302 42.0833
69.7589 52.4757 42.0833
69.7623 52.6503 42.0833
69.7084 54.466 42.0833
69.2551 56.3309 42.0833
69.3682 56.6718 42.0833
69.4516 57.0212 42.0833
69.6269 56.2807 42.0833
69.5045 57.3764 42.0833
69.5267 57.7349 42.0833
69.5179 58.094 42.0833
67.6795 50.5208 42.9167
67.854 50.5282 42.9167
68.0272 50.5501 42.9167
71.8472 50.5208 42.9167
72.0216 50.5281 42.9167
72.1947 50.55 42.9167
71.8472 50.5208 52.0833
68.198 50.5864 42.9167
72.0216 50.5281 52.0833
72.3654 50.5863 42.9167
72.1947 50.55 52.0833
72.3654 50.5863 52.0833
72.5325 50.6368 52.0833
68.3651 50.6369 42.9167
68.6839 50.7789 42.9167
69.5266 51.6405 42.9167
72.5325 50.6368 42.9167
72.6948 50.701 42.9167
69.6008 51.7985 42.9167
69.6615 51.9622 42.9167
69.7083 52.1305 42.9167
69.4292 59.3116 42.9167
69.7408 52.302 42.9167
72.6948 50.701 52.0833
69.7589 52.4757 42.9167
69.7623 52.6503 42.9167
72.8511 50.7787 52.0833
73.3957 51.2105 42.9167
73.0003 50.8691 52.0833
73.6937 51.6395 42.9167
73.768 51.7974 42.9167
73.8288 51.961 42.9167
73.1415 50.9717 52.0833
73.2736 51.0858 52.0833
73.3957 51.2105 52.0833
73.5069 51.345 52.0833
73.6065 51.4883 52.0833
73.6937 51.6395 52.0833
73.768 51.7974 52.0833
73.8288 51.961 52.0833
73.6087 59.3036 42.9167
72.9303 65.9317 42.9167
73.8756 52.1292 42.9167
73.9083 52.3006 42.9167
73.9265 52.4742 42.9167
73.93 52.6487 42.9167
73.8756 52.1292 52.0833
73.6087 59.3036 52.0833
72.9303 65.9317 52.0833
73.9083 52.3006 52.0833
73.9265 52.4742 52.0833
73.93 52.6487 52.0833
74.5769 60.2763 52.0833
68.2199 68.5427 42.0833
68.0713 68.8584 42.0833
67.8968 69.1605 42.0833
68.501 67.5371 42.0833
68.4356 67.8798 42.0833
68.3416 68.2158 42.0833
67.4752 69.7157 42.0833
67.231 69.9649 42.0833
67.6544 72.5272 42.0833
68.2423 69.2044 42.0833
68.7259 65.9441 42.9167
67.6976 69.4469 42.0833
67.9601 70.8679 42.0833
67.4858 73.0383 42.0833
67.4009 73.1968 42.0833
67.3027 73.3475 42.0833
67.6544 72.5272 42.9167
67.613 72.7022 42.0833
67.5567 72.873 42.0833
67.4858 73.0383 42.9167
67.4009 73.1968 42.9167
67.3027 73.3475 42.9167
67.613 72.7022 42.9167
67.5567 72.873 42.9167
70.0265 75.9914 42.9167
68.9689 84.8147 42.9167
71.7303 73.0283 42.9167
71.6458 73.188 42.9167
71.5479 73.3399 42.9167
71.8967 72.5138 42.9167
71.8562 72.6899 42.9167
71.8006 72.8618 42.9167
70.8842 73.9428 42.9167
70.7237 74.0258 42.9167
70.5566 74.0946 42.9167
71.4371 73.4826 42.9167
71.3144 73.6153 42.9167
71.1806 73.7368 42.9167
71.0369 73.8462 42.9167
70.3841 74.1486 42.9167
70.1597 76.1101 42.9167
70.2822 76.2399 42.9167
70.3932 76.3796 42.9167
70.4918 76.5283 42.9167
70.5773 76.685 42.9167
70.6491 76.8483 42.9167
70.7067 77.0172 42.9167
70.7496 77.1904 42.9167
70.7369 78.076 42.9167
70.7775 77.3667 42.9167
70.7902 77.5447 42.9167
70.7877 77.7231 42.9167
70.7699 77.9007 42.9167
68.7077 75.5208 42.9167
68.886 75.5285 42.9167
69.063 75.5513 42.9167
70.2077 74.1875 42.9167
70.0285 74.2109 42.9167
69.848 74.2188 42.9167
68.7077 75.5208 52.0833
68.886 75.5285 52.0833
69.063 75.5513 52.0833
70.2077 74.1875 52.0833
70.0285 74.2109 52.0833
69.2374 75.5893 42.9167
69.848 74.2188 52.0833
69.2374 75.5893 52.0833
69.4078 75.642 42.9167
69.4078 75.642 52.0833
69.5732 75.7091 42.9167
69.5732 75.7091 52.0833
69.7322 75.7901 42.9167
69.8837 75.8844 42.9167
69.7322 75.7901 52.0833
68.9689 84.8147 52.0833
68.2871 90.4124 52.0833
69.8837 75.8844 52.0833
70.0265 75.9914 52.0833
70.1597 76.1101 52.0833
70.2822 76.2399 52.0833
71.8006 72.8618 52.0833
71.7303 73.0283 52.0833
71.6458 73.188 52.0833
73.3104 70.483 52.0833
71.8967 72.5138 52.0833
71.8562 72.6899 52.0833
71.0369 73.8462 52.0833
70.8842 73.9428 52.0833
70.7237 74.0258 52.0833
71.5479 73.3399 52.0833
71.4371 73.4826 52.0833
71.3144 73.6153 52.0833
71.1806 73.7368 52.0833
70.3841 74.1486 52.0833
70.3932 76.3796 52.0833
70.4918 76.5283 52.0833
70.5566 74.0946 52.0833
70.5773 76.685 52.0833
70.6491 76.8483 52.0833
70.7067 77.0172 52.0833
70.7496 77.1904 52.0833
70.7699 77.9007 52.0833
70.7369 78.076 52.0833
70.7775 77.3667 52.0833
70.7902 77.5447 52.0833
70.7877 77.7231 52.0833
71.209 80.5511 52.0833
68.1902 69.2357 42.9167
68.3717 68.3707 42.0833
69.5958 55.9809 42.9167
69.7633 50.5208 42.9167
69.5724 57.1874 42.0833
60.1249 99.2188 42.9167
61.0746 94.7239 42.9167
61.7086 93.2175 42.5
61.3371 94.1975 42.0833
65.1476 83.0158 42.0833
65.5314 81.4688 42.9167
67.7281 74.2188 42.9167
66.5668 75.5208 42.9167
69.7633 49.4792 42.9167
69.5958 44.0191 42.9167
69.5724 42.8126 42.0833
68.3717 31.6293 42.0833
68.1902 30.7643 42.9167
67.7281 25.7812 42.9167
66.5668 24.4792 42.9167
65.5314 18.5312 42.9167
61.0746 5.27615 42.9167
60.1249 0.78125 42.9167
65.1476 16.9842 42.0833
61.7086 6.78248 42.5
61.3371 5.80252 42.0833
30.2083 99.2188 42.9167
68.1172 74.2188 52.0833
30.2083 82.8787 42.9167
26.1673 51.8916 45.956
26.2369 51.7237 45.9615
26.6519 51.131 46.0462
26.7859 51.0082 46.0515
26.9301 50.8976 46.0568
26.3208 51.5625 45.9669
26.4184 51.4092 45.9723
26.5291 51.265 46.0515
26.0417 98.5677 52.0833
26.0417 74.8698 52.0833
26.0417 77.7754 54.1667
26.0496 52.4226 46.0043
26.0733 52.2424 46.0097
26.1127 52.065 46.015
26.0417 52.6042 46.0016
45.1416 96.0938 42.0833
42.9321 71.0938 42.0833
45.1496 96.0938 41.6667
45.4882 78.6458 42.0833
45.496 78.6458 41.6667
42.9422 71.0938 41.6667
45.8532 75.5208 42.0833
45.9156 74.2188 42.0833
42.9321 53.6458 42.0833
43.3815 50.5208 42.0833
43.4303 49.4792 42.0833
42.9422 53.6458 41.6667
30.2083 94.5312 42.0833
30.2083 75.5208 42.9167
30.2083 57.8787 42.9167
30.2083 74.2188 42.9167
27.0833 50.7999 46.062
26.0417 55.363 42.9167
30.2083 50.5208 42.9167
27.2445 50.716 46.0673
27.4125 50.6465 46.0725
27.5858 50.5918 46.0778
30.2083 80.2083 42.0833
30.2083 69.5312 42.0833
30.2083 55.2083 42.0833
27.5858 49.4082 46.2921
27.4125 49.3535 46.297
68.1172 25.7812 52.0833
30.2083 49.4792 42.9167
30.2083 33.1392 42.9167
27.2445 49.284 46.3019
27.0833 49.2001 46.3067
26.9301 49.1024 46.3116
26.7859 48.9918 46.3165
26.6519 48.869 46.3213
26.5291 48.735 46.3262
26.4184 48.5908 46.331
26.3208 48.4375 46.3358
26.2369 48.2763 46.3407
26.1673 48.1084 46.3455
26.1127 47.935 46.3503
30.2083 8.13916 42.9167
30.2083 0.78125 42.9167
26.0417 50 52.0833
26.0733 47.7576 46.3551
26.0496 47.5774 46.3599
26.0417 47.3958 46.357
26.0417 22.2246 54.1667
26.0417 25.1302 52.0833
26.0417 1.43229 52.0833
26.0417 44.637 42.9167
43.9543 46.3542 42.0833
43.9634 46.3542 41.6667
42.9321 28.9062 42.0833
43.3815 25.7812 42.0833
43.4577 24.4792 42.0833
43.9802 21.3542 42.0833
45.1416 3.90625 42.0833
42.9422 28.9062 41.6667
43.9893 21.3542 41.6667
45.1496 3.90625 41.6667
30.2083 25.7812 42.9167
30.2083 24.4792 42.9167
30.2083 44.7917 42.0833
30.2083 30.4688 42.0833
30.2083 19.7917 42.0833
30.2083 5.46875 42.0833
60.4017 3.53666 42.5
64.9638 16.3433 42.0833
30.2083 17.1213 42.9167
69.5281 42.2038 42.5
26.4184 51.4092 46.1706
63.7882 49.4792 42.0833
68.7214 49.4792 42.9167
65.0201 83.4407 42.5
68.7214 50.5208 42.9167
30.2083 31.7708 42.0833
31.25 74.2188 42.9167
28.125 50.5208 46.1242
26.5291 51.265 45.8533
59.693 24.4792 42.0833
31.25 25.7812 42.9167
26.3208 51.5625 46.2399
26.0496 52.4226 44.4605
62.0101 7.542 42.5
30.2083 43.4896 42.0833
48.4164 75.5208 52.0833
69.5395 42.2645 42.0833
65.0201 16.5593 42.5
30.2083 66.8608 42.9167
30.2083 81.5104 42.0833
30.2083 93.2292 42.0833
36.0474 75.5208 42.0833
46.4305 24.4792 52.0833
26.2369 51.7237 46.2939
47.2758 71.0938 41.6667
26.0417 2.14844 52.0833
65.4963 24.4792 42.9167
27.7632 49.4475 46.297
46.3667 50.5208 52.0833
26.0417 56.3138 42.9167
26.0417 52.6042 44.4583
62.0101 92.458 42.5
30.2083 56.5104 42.0833
26.0733 47.7576 44.6359
36.2668 74.2188 42.0833
30.2083 6.77083 42.0833
68.4475 32.1182 42.0833
65.9397 19.9353 42.5
68.4475 67.8818 42.0833
30.2083 68.2292 42.0833
61.5069 93.7697 42.0833
36.0474 49.4792 42.0833
61.3234 94.2132 42.2615
64.9638 83.6567 42.0833
59.5514 25.7812 42.0833
65.4963 75.5208 42.9167
31.25 75.5208 42.9167
69.5281 57.7962 42.5
31.25 50.5208 42.9167
31.25 49.4792 42.9167
69.5395 57.7355 42.0833
61.3234 5.78679 42.2615
59.693 75.5208 42.0833
36.0474 24.4792 42.0833
68.4841 67.5742 42.5
67.9484 29.1342 42.5
28.125 49.4792 46.3164
26.1127 52.065 44.4658
26.0733 52.2424 44.4632
46.3964 49.4792 52.0833
63.6512 50.5208 42.0833
59.5514 74.2188 42.0833
26.1673 51.8916 46.3397
66.6682 25.7812 42.9167
65.9397 80.0647 42.5
26.0496 47.5774 44.6383
66.6682 74.2188 42.9167
69.6946 45.5345 42.5
30.2083 91.8608 42.9167
27.9434 50.5288 46.1293
47.2957 71.0938 42.0833
61.5069 6.23026 42.0833
26.0417 97.8516 52.0833
27.7632 50.5525 46.1345
67.9484 70.8658 42.5
69.6946 54.4655 42.5
26.0417 47.3958 44.6361
60.4017 96.4633 42.5
31.25 24.4792 42.9167
36.2668 25.7812 42.0833
68.4841 32.4258 42.5
26.0417 43.6862 42.9167
27.9434 49.4712 46.3213
36.1892 50.5208 42.0833
30.2083 18.4896 42.0833
30.2083 42.1213 42.9167
26.3208 51.5625 46.4295
26.5291 51.265 44.385
31.7708 49.4792 42.9167
68.3623 68.3953 42.2901
37.9194 46.3542 42.0833
63.8494 74.2188 42.0833
30.2083 57.449 42.0833
30.2083 32.7094 42.0833
69.7354 53.5581 42.5
26.6519 51.131 46.7116
62.0101 92.458 42.2917
26.7859 51.0082 44.4292
26.2369 51.7237 44.4391
66.2037 20.9191 42.5
49.3318 74.2188 42.0833
69.5791 57.013 42.2847
69.5791 42.987 42.2847
65.6776 18.9247 42.2865
26.5291 51.265 46.7361
57.5058 21.3542 41.6667
26.4184 48.5908 44.6238
46.4767 25.7812 52.0833
26.1673 48.1084 44.6311
31.7708 74.2188 42.9167
62.0101 7.542 42.2917
68.2005 49.4792 42.9167
26.0496 52.4226 46.6433
66.2037 79.0809 42.5
58.6132 71.0938 41.6667
31.7708 75.5208 42.9167
61.7744 53.6458 41.6667
37.9438 46.3542 41.6667
26.4184 51.4092 46.7646
68.3623 31.6047 42.2901
30.2083 82.449 42.0833
27.9434 49.4712 46.1379
41.595 74.2188 42.0833
48.3734 74.2188 52.0833
27.7632 50.5525 44.5256
26.1673 51.8916 44.4364
30.2083 7.70942 42.0833
57.4801 21.3542 42.0833
60.0898 97.2187 42.5
64.961 24.4792 42.9167
26.2369 48.2763 44.6287
39.9355 78.6458 41.6667
26.4184 51.4092 44.3962
69.6599 55.3971 42.2862
30.2083 67.2906 42.0833
30.2083 92.2906 42.0833
58.6132 28.9062 41.6667
69.7354 46.4419 42.5
26.5291 48.735 44.6214
66.1382 74.2188 42.9167
63.8494 25.7812 42.0833
30.2083 42.551 42.0833
68.2005 50.5208 42.9167
27.4125 50.6465 47.1778
26.6519 48.869 44.619
65.6776 81.0753 42.2865
26.7859 51.0082 46.7361
26.6519 51.131 44.4401
60.0898 2.78133 42.5
31.7708 50.5208 42.9167
66.1382 25.7812 42.9167
26.1127 52.065 46.3871
26.1127 47.935 44.6335
27.7632 49.4475 47.8255
26.3208 48.4375 44.6263
27.5858 50.5918 47.1927
26.2369 51.7237 46.8884
61.7503 53.6458 42.0833
59.1499 49.4792 42.0833
64.961 75.5208 42.9167
31.7708 25.7812 42.9167
39.9316 78.6458 42.0833
67.8073 28.3025 42.5
30.2083 17.551 42.0833
26.0417 52.6042 49.0425
31.7708 24.4792 42.9167
58.5982 28.9062 42.0833
26.3208 51.5625 44.4418
26.9301 50.8976 44.4401
26.0733 52.2424 49.0465
67.8073 71.6975 42.5
69.6599 44.6029 42.2862
27.5858 49.4082 44.6044
27.0833 49.2001 44.6117
26.6519 51.131 49.3614
28.125 49.4792 47.8686
26.7859 51.0082 49.3677
27.9434 49.4712 47.8792
26.1127 52.065 49.0527
26.5291 48.735 48.3947
27.4125 50.6465 49.4841
54.6637 25.7812 42.0833
54.4979 24.4792 42.0833
26.9301 50.8976 49.3616
27.0833 50.7999 44.4509
32.1099 49.4792 42.9167
27.4125 49.3535 44.6068
26.1673 51.8916 49.0588
28.125 50.5208 44.5204
27.7632 50.5525 47.2082
26.0417 52.6042 46.6402
26.6519 48.869 48.4027
26.9301 49.1024 48.434
27.2445 50.716 49.4778
27.9434 49.4712 44.562
27.4125 49.3535 47.8681
27.4125 50.6465 44.4946
27.9434 50.5288 47.2234
27.2445 49.284 44.6093
26.7859 48.9918 44.6166
26.5291 51.265 49.3677
39.6902 49.4792 42.0833
58.3955 46.3542 41.6667
26.9301 49.1024 44.6141
26.4184 51.4092 49.374
61.7956 93.0239 42.2594
26.0496 52.4226 49.0534
32.1099 24.4792 42.9167
26.0733 52.2424 46.6688
32.1099 74.2188 42.9167
27.5858 50.5918 44.4972
67.8541 49.4792 42.9167
26.4184 48.5908 48.4027
51.3685 78.6458 41.6667
27.0833 49.2001 48.4417
64.6051 75.5208 42.9167
26.7859 48.9918 48.4418
27.9434 50.5288 44.523
49.5675 75.5208 42.0833
61.7956 6.97612 42.2594
27.0833 50.7999 49.3556
51.3832 78.6458 42.0833
26.6519 51.131 45.7811
32.1099 50.5208 42.9167
58.5982 71.0938 42.0833
59.0309 50.5208 42.0833
27.2445 49.284 48.4494
67.8541 50.5208 42.9167
26.3208 48.4375 48.4107
64.6051 24.4792 42.9167
58.3831 46.3542 42.0833
65.7881 25.7812 42.9167
27.7632 49.4475 44.6068
26.4184 51.4092 45.755
27.5858 49.4082 47.8785
65.7881 74.2188 42.9167
27.2445 50.716 44.492
26.3208 51.5625 49.368
27.5858 50.5918 49.4913
32.1099 25.7812 42.9167
26.2369 51.7237 49.3746
26.7859 51.0082 45.7257
41.4004 75.5208 42.0833
32.1099 75.5208 42.9167
27.7632 50.5525 45.9441
28.125 49.4792 44.572
27.4125 49.3535 48.4772
27.9434 49.4712 47.6897
53.5597 28.9062 41.6667
26.3208 51.5625 45.6878
26.2369 51.7237 49.0102
53.5425 28.9062 42.0833
26.1127 52.065 49.538
39.7854 50.5208 42.0833
26.1127 47.935 48.4813
27.5858 49.4082 45.8976
57.6078 53.6458 42.0833
27.0833 50.7999 45.5671
26.1673 51.8916 49.5713
28.125 50.5208 47.2384
26.1673 51.8916 46.9177
26.0733 47.7576 48.489
26.9301 49.1024 47.6491
27.9434 49.4712 45.7024
27.4125 50.6465 49.0989
26.1127 52.065 46.948
27.0833 50.7999 49.5746
27.9434 50.5288 49.5202
54.707 49.4792 42.0833
27.7632 49.4475 45.6753
27.2445 50.716 47.1926
53.1817 75.5208 42.0833
26.9301 50.8976 46.76
26.5291 51.265 45.6467
26.0417 47.3958 48.4707
26.3208 51.5625 46.9231
26.9301 50.8976 45.5345
57.587 53.6458 41.6667
27.5858 49.4082 47.4692
26.7859 48.9918 47.6285
27.2445 49.284 47.8403
26.4184 51.4092 47.0058
27.9434 49.4712 48.6875
53.1605 21.3542 42.0833
26.9301 50.8976 49.6416
27.5858 50.5918 45.8521
26.6519 51.131 47.1789
27.7632 50.5525 49.5274
26.1673 48.1084 48.489
26.0496 47.5774 48.4968
26.6519 48.869 48.5886
27.0833 49.2001 47.6285
27.0833 50.7999 47.2071
27.9434 50.5288 45.8698
26.2369 48.2763 48.4966
27.7632 49.4475 48.7065
53.3959 74.2188 42.0833
26.7859 51.0082 47.2148
53.1405 21.3542 41.6667
27.5858 49.4082 48.7262
27.4125 49.3535 47.4298
27.7632 50.5525 45.7404
26.2369 51.7237 49.6424
51.3437 25.7812 42.0833
26.5291 48.735 47.5468
26.3208 51.5625 48.9667
27.9434 49.4712 47.2649
26.5291 48.735 48.6604
26.2369 51.7237 45.6329
26.4184 51.4092 48.928
26.4184 48.5908 48.7181
27.7632 49.4475 45.9624
26.7859 48.9918 48.6754
27.0833 50.7999 46.7245
26.0496 52.4226 47.1173
26.4184 51.4092 49.8256
26.5291 51.265 47.2148
27.2445 49.284 47.3913
27.2445 49.284 45.7584
26.9301 49.1024 48.7362
27.5858 49.4082 48.4179
26.6519 48.869 47.5277
27.5858 50.5918 49.0589
27.2445 50.716 49.0576
27.2445 49.284 48.9121
26.7859 51.0082 45.4619
27.2445 50.716 46.6905
27.9434 50.5288 48.9331
26.3208 48.4375 48.7678
26.0733 52.2424 49.5705
54.5833 50.5208 42.0833
26.6519 51.131 49.9508
27.5858 49.4082 45.6104
27.4125 50.6465 49.8584
26.3208 51.5625 49.8604
27.0833 49.2001 45.7291
27.0833 49.2001 47.9076
38.6535 53.6458 42.0833
53.5433 46.3542 41.6667
27.4125 49.3535 45.5868
27.9434 49.4712 50.0335
28.125 49.4792 50.0255
38.6586 53.6458 41.6667
27.7632 49.4475 47.2361
26.4184 51.4092 45.5434
27.0833 50.7999 50.0355
27.0833 50.7999 49.0065
26.6519 51.131 45.4138
27.0833 49.2001 48.946
26.9301 50.8976 47.2498
28.125 50.5208 49.5275
53.5254 46.3542 42.0833
26.0733 52.2424 47.1528
27.7632 50.5525 48.9059
27.4125 50.6465 45.7869
26.7859 51.0082 49.9784
27.7632 49.4475 50.0459
26.4184 48.5908 47.5277
27.4125 49.3535 50.0874
26.5291 51.265 49.9784
27.2445 50.716 45.5351
27.2445 50.716 50.0643
27.5858 50.5918 49.9009
26.1127 52.065 45.4879
27.2445 49.284 45.5084
27.7632 50.5525 49.9428
27.0833 49.2001 50.1438
27.9434 50.5288 45.6467
26.1673 48.1084 48.9468
27.5858 50.5918 45.6388
27.5858 49.4082 50.0995
26.9301 49.1024 50.1555
26.1127 52.065 47.2218
26.5291 48.735 50.2513
26.3208 51.5625 45.4557
27.2445 50.716 48.8688
26.2369 48.2763 48.9821
51.0855 24.4792 42.0833
27.2445 49.284 50.1571
26.5291 51.265 48.8919
53.2588 53.6458 42.0833
27.5858 50.5918 50.2991
26.7859 48.9918 45.6259
26.9301 50.8976 48.9627
26.4184 51.4092 50.0631
27.5858 50.5918 48.8213
26.9301 50.8976 50.0754
27.7632 49.4475 48.3654
27.5858 50.5918 46.6352
26.2369 51.7237 49.9262
26.6519 51.131 48.858
27.4125 50.6465 45.4763
27.4125 49.3535 45.9419
26.6519 51.131 50.3347
26.7859 48.9918 50.1666
26.4184 51.4092 47.2827
27.4125 50.6465 50.3351
26.9301 49.1024 45.6022
26.9301 49.1024 47.9651
27.4125 49.3535 47.0182
27.4125 49.3535 48.9486
26.0417 52.6042 47.8414
26.5291 51.265 45.3512
27.4125 50.6465 46.6252
26.9301 49.1024 47.2038
53.2388 53.6458 41.6667
26.2369 48.2763 47.4619
26.1673 51.8916 49.97
27.5858 49.4082 46.983
26.7859 48.9918 47.1665
26.4184 48.5908 50.2621
26.0496 52.4226 49.6015
27.0833 49.2001 47.1665
26.3208 48.4375 47.4447
27.7632 50.5525 49.1435
26.6519 48.869 50.2612
27.9434 50.5288 49.9802
51.3661 49.4792 42.0833
27.4125 50.6465 48.7671
26.1673 51.8916 45.4538
26.7859 51.0082 48.8265
27.2445 50.716 49.7897
27.7632 49.4475 47.5308
26.7859 48.9918 50.3715
26.0496 52.4226 45.373
26.3208 51.5625 50.1326
27.7632 50.5525 46.6672
26.2369 51.7237 47.4245
27.7632 50.5525 45.5322
27.2445 49.284 49.9625
26.0496 52.4226 47.8638
26.5291 51.265 47.4088
26.6519 51.131 47.472
26.3208 51.5625 47.4564
26.2369 51.7237 45.3778
27.5858 49.4082 49.0134
26.1673 48.1084 47.446
27.0833 50.7999 50.5063
26.9301 49.1024 49.0138
27.5858 50.5918 45.395
26.5291 51.265 50.3784
27.7632 49.4475 49.0632
27.5858 50.5918 48.6317
26.7859 51.0082 50.3784
26.0733 47.7576 49.0734
26.1127 52.065 50.0067
26.0733 47.7576 47.4221
26.1127 47.935 47.4158
26.0733 52.2424 45.3475
26.0733 52.2424 50.043
26.7859 48.9918 48.011
26.1127 47.935 49.1006
26.9301 50.8976 48.7356
26.1673 51.8916 47.4561
27.0833 50.7999 48.6803
26.9301 50.8976 50.5431
27.2445 50.716 50.5422
26.2369 51.7237 50.2012
27.9434 50.5288 50.4635
26.3208 48.4375 50.2731
26.1673 48.1084 50.3219
26.4184 51.4092 45.2789
27.7632 50.5525 50.4943
26.5291 48.735 45.5373
26.6519 48.869 45.5165
51.2016 50.5208 42.0833
26.4184 51.4092 50.427
27.2445 50.716 48.6069
27.4125 49.3535 50.2821
26.0733 52.2424 47.8867
27.7632 49.4475 46.9245
27.0833 49.2001 45.4432
27.2445 49.284 46.9763
26.2369 48.2763 50.3342
27.9434 49.4712 48.3177
27.9434 50.5288 46.6764
26.6519 48.869 49.1477
27.7632 49.4475 50.4791
27.9434 50.5288 48.4611
27.7632 50.5525 48.4254
26.6519 48.869 47.1234
27.9434 50.5288 45.4319
26.9301 49.1024 45.3607
27.5858 50.5918 48.3568
27.9434 49.4712 50.5147
26.1127 52.065 47.9111
26.7859 48.9918 49.1815
26.3208 48.4375 45.4811
27.0833 49.2001 49.8871
26.4184 48.5908 49.2807
26.5291 48.735 47.086
27.0833 49.2001 50.5724
26.6519 48.869 50.4738
27.0833 49.2001 46.9034
26.1673 48.1084 49.1849
27.4125 50.6465 50.6107
26.0496 47.5774 49.1013
26.0496 52.4226 50.079
26.3208 51.5625 45.2021
26.0733 47.7576 50.3736
26.3208 48.4375 49.3119
27.5858 49.4082 50.5204
27.9434 49.4712 49.1048
26.0496 47.5774 47.4283
27.4125 49.3535 49.8669
27.4125 49.3535 50.5818
27.7632 50.5525 50.2276
27.5858 50.5918 50.6598
27.2445 49.284 50.619
26.0417 47.3958 47.4248
26.4184 48.5908 45.4774
26.9301 49.1024 50.6103
26.7859 51.0082 47.5297
26.4184 48.5908 47.0501
26.7859 51.0082 50.6236
26.6519 48.869 47.9709
26.6519 51.131 50.6761
26.9301 50.8976 47.5835
26.4184 51.4092 47.5341
27.4125 50.6465 48.3183
26.5291 48.735 49.3067
26.1673 51.8916 50.2641
27.9434 49.4712 46.879
26.3208 48.4375 50.4648
27.0833 50.7999 50.6917
27.7632 50.5525 45.3045
26.1127 47.935 50.3865
26.7859 48.9918 45.3044
26.3208 51.5625 50.4786
27.0833 50.7999 47.6251
26.0417 52.6042 45.3705
26.1127 52.065 50.3218
27.2445 50.716 47.6618
26.2369 48.2763 50.558
26.1673 48.1084 50.6198
27.5858 49.4082 50.7122
27.5858 49.4082 49.8043
26.9301 49.1024 49.8313
27.7632 50.5525 50.7401
27.7632 50.5525 48.2312
26.0417 52.6042 50.0708
26.6519 48.869 49.3892
27.7632 49.4475 50.7747
27.4125 50.6465 48.5427
26.2369 51.7237 50.5328
27.2445 49.284 49.7571
26.5291 51.265 50.7272
26.7859 48.9918 50.6716
27.0833 49.2001 50.76
26.0417 47.3958 50.277
26.4184 51.4092 50.7779
26.1673 51.8916 47.946
27.9434 50.5288 50.7945
26.1673 48.1084 45.4883
26.2369 51.7237 47.9768
27.4125 50.6465 47.6948
26.2369 48.2763 49.3587
26.0496 47.5774 50.3865
26.5291 51.265 47.6296
26.5291 48.735 50.5386
27.9434 50.5288 45.2099
26.2369 48.2763 45.4847
27.2445 50.716 50.7776
26.5291 48.735 47.9708
26.9301 49.1024 46.8527
26.3208 48.4375 47.0102
26.6519 48.869 45.2372
26.4184 48.5908 50.593
26.9301 50.8976 50.7779
27.9434 49.4712 50.8319
26.7859 48.9918 46.8039
26.5291 48.735 50.7283
27.2445 50.716 48.2659
27.7632 50.5525 47.7197
27.5858 50.5918 47.7502
27.7632 49.4475 49.7436
26.7859 48.9918 49.7852
26.0733 52.2424 50.3758
26.2369 48.2763 46.975
26.5291 48.735 45.1865
26.1127 47.935 45.4919
26.7859 51.0082 48.6233
26.1127 47.935 50.6823
26.6519 51.131 50.8649
27.4125 49.3535 50.8055
27.0833 50.7999 50.8929
26.3208 48.4375 50.6872
26.1673 51.8916 50.5885
26.4184 51.4092 48.1067
27.0833 49.2001 49.6636
27.2445 49.284 50.8794
26.6519 48.869 50.7865
26.9301 49.1024 50.8458
26.3208 51.5625 48.1316
26.0496 47.5774 45.4991
27.4125 50.6465 50.8574
26.3208 51.5625 50.8288
26.7859 51.0082 50.9257
27.9434 50.5288 47.7519
26.0733 47.7576 45.4955
27.5858 50.5918 50.9283
27.4125 49.3535 49.6545
26.6519 51.131 48.5612
26.4184 48.5908 47.9652
26.7859 51.0082 48.4312
26.0417 47.3958 45.4966
27.5858 49.4082 50.9165
27.4125 49.3535 51.0184
27.0833 50.7999 48.2278
27.2445 49.284 49.5484
26.0733 47.7576 50.7318
27.7632 50.5525 51.0017
26.1673 48.1084 46.9412
27.9434 49.4712 49.6913
26.6519 51.131 47.7125
26.9301 49.1024 49.2611
26.3208 48.4375 47.9296
26.5291 51.265 48.1401
26.4184 48.5908 50.8196
27.0833 49.2001 50.9775
27.5858 49.4082 49.5688
26.1127 52.065 50.6446
26.4184 48.5908 45.1344
26.6519 48.869 49.8249
26.2369 48.2763 50.781
26.9301 50.8976 48.1962
26.6519 48.869 46.7558
26.7859 48.9918 50.9233
27.2445 50.716 50.9928
26.2369 51.7237 50.8801
26.5291 51.265 50.9552
26.9301 50.8976 51.0121
26.3208 48.4375 50.912
26.6519 48.869 51.014
26.5291 48.735 46.7091
27.9434 50.5288 51.0701
26.4184 51.4092 51.0318
27.7632 49.4475 51.0052
26.9301 49.1024 51.0702
26.3208 48.4375 45.0896
26.2369 48.2763 47.9636
27.0833 50.7999 51.1102
26.6519 51.131 48.1368
26.7859 51.0082 48.0853
26.0733 52.2424 50.7003
26.1673 51.8916 50.9321
26.5291 48.735 49.7878
26.7859 51.0082 51.1269
26.1127 47.935 46.9076
27.5858 49.4082 51.1249
26.7859 48.9918 49.4575
27.0833 49.2001 49.3048
26.5291 48.735 51.0669
27.4125 50.6465 51.084
27.2445 49.284 51.1082
26.1673 48.1084 50.8627
27.7632 49.4475 49.4914
27.4125 49.3535 49.4441
26.6519 51.131 51.1838
26.4184 48.5908 49.7714
27.2445 49.284 49.2445
27.4125 49.3535 51.2291
27.0833 49.2001 51.2014
27.5858 50.5918 51.1676
26.0496 52.4226 50.7263
26.9301 50.8976 51.2271
26.9301 49.1024 49.5287
26.4184 48.5908 51.1265
27.5858 49.4082 49.3484
26.0733 47.7576 46.8886
26.1673 48.1084 47.9675
26.7859 48.9918 51.157
27.2445 50.716 51.2092
26.3208 51.5625 51.1012
26.5291 51.265 51.2472
26.1127 52.065 50.9847
26.4184 48.5908 46.6905
26.1127 47.935 50.9384
27.7632 49.4475 51.2228
26.2369 48.2763 51.0051
27.9434 49.4712 51.263
26.1127 47.935 47.9485
26.2369 51.7237 51.1664
26.3208 48.4375 49.7925
26.6519 48.869 51.2453
26.0733 52.2424 51.0378
27.7632 50.5525 51.2478
27.0833 50.7999 51.3263
27.5858 49.4082 51.3344
26.4184 51.4092 51.3136
26.7859 51.0082 51.3345
26.9301 49.1024 51.2944
27.4125 49.3535 49.1963
26.1673 48.1084 51.0936
27.2445 49.284 51.3265
26.3208 48.4375 51.1932
26.0496 47.5774 46.8941
27.4125 50.6465 51.3047
26.1673 51.8916 51.2286
26.3208 51.5625 51.3808
26.9301 50.8976 51.4382
26.6519 51.131 51.4199
27.5858 50.5918 51.3953
26.2369 48.2763 51.2666
27.2445 50.716 51.4254
26.0733 47.7576 47.9555
26.2369 48.2763 49.829
27.7632 49.4475 51.4361
27.9434 50.5288 51.3243
26.7859 48.9918 51.3848
27.0833 49.2001 51.422
26.5291 48.735 51.3216
27.4125 49.3535 51.4391
27.4125 50.6465 51.5229
26.5291 51.265 51.4979
27.7632 50.5525 51.4819
27.5858 49.4082 51.5441
27.0833 50.7999 51.5397
27.9434 49.4712 51.514
26.9301 49.1024 51.5165
26.2369 51.7237 51.4475
26.0496 47.5774 47.9625
26.1127 52.065 51.2889
26.4184 48.5908 51.3931
26.7859 51.0082 51.5437
26.6519 48.869 51.4744
27.2445 49.284 51.5403
27.0833 49.2001 51.6389
27.4125 49.3535 51.649
27.2445 50.716 51.6401
26.7859 48.9918 51.6092
26.5291 48.735 51.5591
26.6519 51.131 51.6398
27.9434 50.5288 51.5648
27.5858 50.5918 51.6174
26.9301 50.8976 51.6484
27.7632 49.4475 51.6475
26.1673 51.8916 51.5131
26.4184 51.4092 51.5725
26.3208 48.4375 51.4634
27.7632 50.5525 51.7086
26.3208 51.5625 51.6449
27.0833 50.7999 51.7515
26.4184 48.5908 51.6392
26.9301 49.1024 51.7356
27.2445 49.284 51.7521
26.5291 51.265 51.7285
27.5858 49.4082 51.754
26.6519 48.869 51.7007
26.7859 51.0082 51.7534
27.4125 50.6465 51.7392
26.2369 51.7237 51.7158
3 239 238 80
3 452 730 707
3 20 53 0
3 740 738 678
3 53 54 0
3 54 658 55
3 732 731 678
3 15 19 0
3 654 655 643
3 101 78 77
3 57 688 56
3 452 716 657
3 29 28 0
3 655 3 654
3 13 14 0
3 720 656 641
3 105 103 3605
3 685 69 61
3 686 685 69
3 506 505 452
3 13 710 14
3 8 16 0
3 3491 663 744
3 59 662 60
3 18 13 0
3 662 453 452
3 427 426 479
3 452 506 453
3 1721 47 1720
3 55 58 0
3 3491 744 745
3 96 93 92
3 665 269 268
3 218 63 224
3 28 27 0
3 655 3 660
3 658 55 659
3 659 452 658
3 16 17 0
3 664 3492 669
3 2 0 1
3 105 97 103
3 428 425 479
3 1718 46 52
3 190 139 138
3 328 323 318
3 119 339 338
3 323 318 67
3 3511 284 286
3 5 1 0
3 90 89 80
3 22 358 321
3 331 332 326
3 339 119 340
3 47 1721 48
3 535 534 0
3 271 196 3512
3 340 339 334
3 325 59 320
3 322 68 323
3 1705 42 41
3 196 195 142
3 364 365 357
3 335 340 334
3 341 335 340
3 1710 64 1709
3 463 460 456
3 340 119 341
3 357 23 358
3 78 76 75
3 306 282 314
3 324 107 398
3 89 83 80
3 150 146 402
3 337 119 338
3 325 58 59
3 322 327 321
3 98 133 94
3 320 60 319
3 669 268 292
3 68 67 323
3 119 326 107
3 161 160 159
3 3519 3491 663
3 339 338 333
3 328 327 322
3 247 221 294
3 1703 39 38
3 774 191 175
3 86 683 87
3 119 400 399
3 341 336 335
3 66 319 60
3 185 186 115
3 224 217 212
3 665 268 664
3 106 775 774
3 460 456 455
3 1710 65 1711
3 477 449 476
3 147 118 109
3 3526 147 118
3 272 143 273
3 194 190 3512
3 107 330 329
3 513 506 3498
3 172 169 161
3 73 1716 74
3 60 663 66
3 440 438 0
3 479 0 426
3 442 0 438
3 479 427 425
3 17 18 0
3 3602 470 429
3 493 449 450
3 159 513 506
3 3514 3479 777
3 3515 231 232
3 183 184 179
3 185 108 775
3 779 207 3511
3 479 428 432
3 188 192 187
3 250 238 239
3 217 212 83
3 1704 41 40
3 3491 746 745
3 82 675 267
3 240 239 215
3 215 244 240
3 215 83 80
3 216 223 215
3 224 216 223
3 219 218 3516
3 219 218 212
3 121 119 107
3 34 33 0
3 33 32 0
3 30 29 0
3 223 222 215
3 224 218 212
3 217 216 215
3 224 217 216
3 217 215 83
3 77 1776 255
3 321 72 21
3 1717 52 51
3 1717 52 1718
3 325 331 58
3 67 318 66
3 188 187 117
3 1713 45 44
3 70 1719 71
3 116 186 115
3 1757 1719 70
3 324 319 320
3 264 259 310
3 139 246 140
3 189 195 140
3 140 246 189
3 107 398 326
3 115 185 108
3 3681 833 3531
3 101 78 3684
3 233 227 226
3 3515 232 233
3 232 231 225
3 233 226 232
3 106 234 233
3 507 508 454
3 235 229 228
3 228 234 227
3 235 228 234
3 106 246 237
3 234 233 227
3 195 189 142
3 189 142 246
3 117 187 116
3 194 190 139
3 1711 61 65
3 237 229 230
3 237 235 229
3 139 138 246
3 3511 208 209
3 247 241 294
3 244 215 222
3 63 62 244
3 100 76 75
3 3647 100 76
3 250 249 238
3 7 8 0
3 93 241 75
3 1703 40 1704
3 96 93 80
3 427 429 426
3 87 86 244
3 246 237 230
3 115 108 246
3 351 352 346
3 366 365 321
3 187 186 116
3 116 115 246
3 117 116 246
3 138 188 117
3 117 246 138
3 221 248 247
3 243 241 238
3 238 248 243
3 727 504 2190
3 2190 2181 727
3 248 243 242
3 242 247 241
3 248 242 247
3 238 241 93
3 238 93 80
3 19 20 0
3 215 239 80
3 297 281 287
3 164 163 161
3 259 364 264
3 330 318 319
3 1706 36 35
3 512 481 479
3 401 353 347
3 186 192 185
3 339 333 334
3 242 243 241
3 1795 1797 1744
3 328 323 322
3 57 1709 64
3 107 330 324
3 324 319 330
3 326 119 337
3 331 325 326
3 327 107 328
3 779 197 3511
3 260 316 259
3 206 317 316
3 1706 36 1707
3 332 337 326
3 338 332 337
3 285 144 316
3 322 72 321
3 382 206 3514
3 143 272 246
3 316 206 112
3 206 112 777
3 322 68 72
3 203 779 207
3 22 21 321
3 254 133 94
3 258 246 245
3 251 258 245
3 255 254 77
3 254 94 77
3 338 332 333
3 329 328 318
3 318 330 329
3 6 7 0
3 32 31 0
3 244 240 239
3 250 244 239
3 3 4 0
3 244 82 267
3 31 30 0
3 221 291 250
3 269 268 250
3 194 195 140
3 270 269 250
3 270 250 265
3 779 204 203
3 142 271 196
3 246 143 142
3 296 302 295
3 258 272 246
3 281 276 258
3 3511 209 205
3 274 272 258
3 260 259 364
3 277 274 275
3 276 274 258
3 331 332 0
3 314 283 282
3 261 262 252
3 23 22 358
3 205 207 202
3 273 275 272
3 286 284 280
3 283 278 314
3 204 203 316
3 169 166 161
3 296 254 295
3 314 280 316
3 306 312 282
3 314 280 279
3 275 274 272
3 277 276 274
3 292 250 268
3 292 291 250
3 249 248 238
3 254 230 133
3 245 246 230
3 254 245 230
3 3498 3497 506
3 296 255 254
3 293 281 258
3 297 293 281
3 298 293 258
3 295 254 253
3 300 298 258
3 262 295 253
3 295 302 262
3 262 253 252
3 261 252 251
3 258 261 251
3 302 300 258
3 262 302 261
3 453 161 774
3 261 302 258
3 328 107 329
3 364 352 351
3 263 310 264
3 431 479 432
3 301 303 300
3 256 308 257
3 307 256 308
3 308 304 307
3 203 207 202
3 198 316 204
3 278 314 279
3 285 286 280
3 280 316 285
3 257 309 263
3 308 257 309
3 309 263 310
3 203 202 316
3 308 309 304
3 313 288 282
3 3681 313 288
3 288 283 282
3 303 301 3728
3 305 314 306
3 305 311 304
3 304 314 305
3 309 310 304
3 310 314 304
3 311 304 315
3 144 316 201
3 202 205 201
3 201 316 202
3 209 208 144
3 205 209 201
3 95 96 80
3 1720 46 1718
3 1713 44 1712
3 97 98 94
3 365 111 366
3 1717 51 74
3 1721 25 48
3 169 168 166
3 111 110 365
3 1709 57 56
3 56 1715 1709
3 352 256 364
3 1716 74 1717
3 350 345 346
3 350 256 356
3 62 678 677
3 256 352 350
3 352 350 346
3 321 365 358
3 365 358 357
3 314 310 259
3 316 314 259
3 107 366 327
3 669 664 268
3 1708 1703 38
3 353 347 348
3 256 355 354
3 355 354 344
3 256 356 355
3 256 354 353
3 344 354 349
3 354 349 348
3 354 348 353
3 468 467 435
3 345 344 356
3 356 350 345
3 344 356 355
3 264 263 364
3 263 257 364
3 257 256 364
3 364 351 357
3 109 365 145
3 110 109 365
3 113 111 110
3 317 316 236
3 316 260 236
3 260 236 364
3 111 107 366
3 318 319 66
3 119 399 341
3 457 430 434
3 424 416 423
3 387 402 389
3 188 190 138
3 134 365 145
3 137 134 365
3 327 321 366
3 527 526 499
3 342 399 336
3 400 342 399
3 132 104 98
3 232 226 225
3 376 365 371
3 106 3515 233
3 376 382 371
3 183 182 181
3 3514 383 377
3 372 371 365
3 372 365 137
3 137 377 372
3 236 380 317
3 364 374 236
3 374 236 380
3 365 374 364
3 375 374 365
3 381 375 374
3 381 374 380
3 376 375 365
3 382 376 375
3 382 375 381
3 383 377 371
3 383 371 382
3 3492 668 669
3 388 385 387
3 487 485 484
3 390 387 389
3 399 341 336
3 388 386 385
3 390 388 387
3 409 408 3638
3 120 119 400
3 400 343 342
3 737 736 678
3 1707 37 1708
3 1129 1128 1117
3 37 1708 38
3 223 224 63
3 166 164 161
3 320 398 324
3 325 320 398
3 398 326 325
3 402 387 385
3 58 331 0
3 129 128 123
3 151 156 150
3 150 402 151
3 402 385 378
3 256 401 353
3 373 151 402
3 402 378 373
3 120 402 400
3 402 400 343
3 146 124 402
3 123 120 402
3 124 123 402
3 403 389 402
3 403 360 359
3 359 402 343
3 403 359 402
3 423 415 422
3 403 389 411
3 406 390 389
3 419 413 412
3 412 411 403
3 411 406 389
3 155 150 146
3 54 55 0
3 412 406 411
3 419 412 418
3 413 412 403
3 422 415 414
3 414 413 403
3 415 414 403
3 405 407 362
3 424 417 416
3 407 363 362
3 416 415 403
3 405 362 361
3 404 405 361
3 423 416 415
3 404 361 360
3 403 404 360
3 417 403 404
3 417 416 403
3 418 406 412
3 410 409 3638
3 407 417 405
3 405 417 404
3 478 3497 510
3 826 825 172
3 482 436 437
3 828 829 191
3 429 430 425
3 193 777 455
3 53 657 54
3 514 461 160
3 493 492 449
3 459 431 458
3 434 430 425
3 534 0 537
3 508 507 3546
3 774 775 192
3 441 426 0
3 442 441 0
3 231 225 136
3 439 440 0
3 3444 1476 3445
3 455 777 457
3 443 447 441
3 14 15 0
3 777 457 3479
3 60 320 59
3 429 426 470
3 426 470 447
3 542 0 537
3 459 431 462
3 3614 3479 3526
3 443 438 469
3 436 480 435
3 483 480 481
3 114 121 107
3 442 438 443
3 426 447 441
3 437 471 436
3 432 428 458
3 193 455 174
3 461 3498 514
3 516 463 456
3 3614 3526 118
3 184 179 178
3 3511 197 833
3 285 286 144
3 287 281 276
3 148 147 109
3 457 460 455
3 463 457 460
3 168 167 166
3 803 168 167
3 377 372 371
3 434 428 458
3 477 450 449
3 434 428 425
3 489 486 445
3 435 433 479
3 455 183 174
3 464 440 439
3 3498 511 3497
3 3602 464 469
3 3602 469 443
3 438 469 464
3 466 464 439
3 440 464 438
3 4264 4260 4244
3 1434 1431 910
3 442 443 441
3 481 480 479
3 1449 1408 1407
3 433 467 435
3 121 122 119
3 3662 121 122
3 468 436 435
3 472 471 437
3 3558 2314 3620
3 3638 410 1883
3 477 520 476
3 468 481 467
3 480 479 435
3 433 431 479
3 386 385 378
3 479 478 0
3 541 439 0
3 487 488 485
3 432 431 458
3 1454 1455 1434
3 490 486 489
3 520 492 493
3 118 113 110
3 468 471 436
3 112 777 776
3 488 486 485
3 472 473 444
3 488 472 473
3 472 444 437
3 444 484 437
3 474 446 445
3 473 445 444
3 485 484 444
3 520 519 492
3 486 444 445
3 486 485 444
3 490 486 488
3 520 519 476
3 517 487 484
3 446 489 445
3 473 474 445
3 484 482 437
3 517 484 482
3 517 482 483
3 517 483 471
3 490 488 473
3 129 3535 128
3 475 476 448
3 449 492 448
3 519 518 475
3 476 449 448
3 825 830 824
3 453 161 159
3 106 3515 774
3 76 3519 3491
3 592 494 590
3 535 0 531
3 27 26 0
3 669 291 668
3 669 292 291
3 722 721 683
3 666 270 269
3 668 291 221
3 667 668 221
3 36 1707 37
3 730 11 10
3 249 250 221
3 244 84 82
3 774 175 172
3 190 188 3512
3 774 192 191
3 192 191 829
3 776 777 197
3 798 797 3498
3 105 132 98
3 3519 78 3684
3 835 828 834
3 246 108 106
3 108 106 775
3 192 775 185
3 235 237 106
3 84 244 79
3 270 666 265
3 665 664 3492
3 655 640 639
3 640 639 691
3 4 5 0
3 3546 510 3499
3 500 499 498
3 527 500 499
3 1810 1809 348
3 187 192 186
3 176 193 174
3 184 804 178
3 635 520 613
3 383 382 3514
3 487 517 472
3 472 517 471
3 113 3614 118
3 471 483 468
3 513 514 159
3 3498 513 514
3 463 511 457
3 3498 463 511
3 453 506 159
3 802 167 166
3 804 184 183
3 799 163 798
3 461 161 160
3 514 160 159
3 463 3498 516
3 518 489 490
3 491 489 446
3 518 491 489
3 492 491 448
3 519 492 491
3 519 491 518
3 474 475 446
3 518 474 475
3 475 448 446
3 448 491 446
3 500 496 495
3 526 498 499
3 526 525 498
3 524 523 496
3 522 521 494
3 64 1710 65
3 498 497 496
3 497 524 496
3 500 498 496
3 503 502 501
3 530 503 502
3 502 529 501
3 530 502 529
3 418 154 153
3 529 528 501
3 409 408 367
3 503 501 500
3 501 528 500
3 528 527 500
3 578 577 571
3 503 495 494
3 495 522 494
3 503 500 495
3 1121 3604 1152
3 220 89 83
3 678 677 728
3 466 465 439
3 3493 1552 1545
3 155 156 150
3 1121 3604 1126
3 563 566 537
3 2645 3545 2640
3 542 540 0
3 541 0 540
3 724 9 725
3 725 452 724
3 4251 4246 4269
3 458 459 457
3 1293 538 536
3 1368 3493 1473
3 563 560 534
3 558 559 532
3 214 220 83
3 465 439 541
3 532 531 0
3 563 537 534
3 821 4269 822
3 532 558 531
3 550 577 574
3 477 450 611
3 774 453 3519
3 562 559 533
3 147 3526 148
3 3622 3410 3568
3 557 558 531
3 135 141 133
3 3515 135 141
3 141 136 133
3 156 379 151
3 3513 156 379
3 557 561 531
3 565 564 538
3 1455 1453 1435
3 533 559 532
3 1401 910 1429
3 550 549 574
3 377 210 137
3 3514 377 210
3 571 570 569
3 573 572 571
3 132 105 3605
3 577 574 571
3 577 551 550
3 578 577 551
3 552 551 578
3 1429 910 1430
3 4269 4252 4246
3 570 545 546
3 549 574 573
3 570 569 545
3 518 490 474
3 545 569 544
3 26 3 0
3 538 564 536
3 574 573 571
3 561 535 531
3 564 562 536
3 560 561 534
3 384 386 378
3 3513 384 386
3 572 548 546
3 573 572 548
3 536 562 533
3 141 231 136
3 3515 141 231
3 512 511 457
3 427 429 425
3 541 540 465
3 565 539 538
3 546 572 570
3 572 570 571
3 549 548 573
3 567 540 566
3 129 149 124
3 3535 129 149
3 542 537 566
3 566 540 542
3 540 567 465
3 547 543 539
3 568 547 543
3 565 547 539
3 137 210 134
3 568 569 544
3 568 543 544
3 447 3602 443
3 149 155 146
3 1454 1434 910
3 458 457 434
3 561 535 534
3 129 124 123
3 777 206 3514
3 418 130 127
3 9 10 0
3 3620 2260 2314
3 419 420 397
3 420 397 849
3 2 9 0
3 590 493 587
3 590 494 493
3 384 378 373
3 593 494 592
3 594 494 593
3 1330 598 556
3 287 3686 3599
3 3686 3599 829
3 521 520 493
3 248 249 221
3 301 300 298
3 478 504 0
3 112 782 776
3 193 176 834
3 393 795 794
3 3639 3521 3607
3 584 493 450
3 1585 1233 3630
3 612 520 611
3 3623 3420 3520
3 584 611 450
3 584 585 493
3 612 611 584
3 494 521 493
3 470 3602 447
3 613 520 612
3 585 612 584
3 2170 3624 3426
3 585 586 493
3 613 585 586
3 613 612 585
3 3448 3435 3583
3 779 204 198
3 594 596 503
3 122 120 119
3 388 390 125
3 316 200 199
3 586 587 493
3 613 614 586
3 474 490 473
3 386 388 125
3 3629 759 3651
3 200 316 112
3 112 782 200
3 418 153 152
3 594 503 494
3 853 1164 1163
3 596 595 503
3 156 3513 155
3 431 462 433
3 595 591 503
3 1454 910 1476
3 3493 530 635
3 488 487 472
3 145 148 109
3 4241 4272 4262
3 418 152 131
3 125 3513 386
3 379 373 151
3 1097 359 1103
3 591 589 503
3 3493 1553 1552
3 879 884 878
3 418 126 125
3 462 433 467
3 467 457 462
3 379 384 373
3 3513 379 384
3 659 58 661
3 661 452 659
3 1455 1435 1434
3 510 505 3546
3 512 467 481
3 4044 4107 4054
3 467 512 457
3 476 519 475
3 482 480 436
3 483 482 480
3 121 114 3606
3 3606 121 3662
3 406 418 125
3 10 11 0
3 421 422 414
3 1120 421 422
3 1431 1430 910
3 459 462 457
3 316 199 198
3 1400 1399 1396
3 418 127 126
3 418 131 130
3 210 211 134
3 3514 210 211
3 4264 4252 820
3 1483 3593 1485
3 198 781 780
3 149 146 124
3 424 423 1120
3 780 779 198
3 3546 508 509
3 595 622 591
3 788 789 153
3 197 782 781
3 782 781 199
3 419 394 393
3 175 828 191
3 782 199 200
3 93 100 75
3 3491 773 770
3 11 12 0
3 662 452 661
3 699 507 3546
3 55 659 58
3 12 6 0
3 504 700 693
3 523 496 495
3 712 452 711
3 723 504 727
3 655 660 640
3 709 704 452
3 662 60 663
3 663 453 662
3 5 1 717
3 662 59 661
3 684 685 61
3 22 21 748
3 705 452 704
3 735 734 678
3 654 3 26
3 656 654 641
3 661 59 58
3 678 734 733
3 657 54 658
3 658 452 657
3 712 452 715
3 78 77 75
3 705 16 8
3 725 10 9
3 726 722 677
3 3497 505 506
3 676 675 3492
3 665 666 269
3 3492 665 666
3 674 265 673
3 244 86 85
3 86 85 682
3 681 641 680
3 266 250 244
3 266 265 250
3 88 244 85
3 670 84 82
3 676 670 82
3 3492 676 670
3 244 81 79
3 654 643 642
3 643 642 694
3 673 265 666
3 674 673 3492
3 674 266 265
3 654 642 641
3 267 266 244
3 675 267 266
3 675 266 674
3 82 676 675
3 678 731 679
3 670 671 79
3 3492 670 671
3 694 504 723
3 723 642 694
3 683 641 682
3 88 85 680
3 244 222 63
3 222 223 63
3 34 33 679
3 43 42 740
3 721 720 641
3 678 63 62
3 85 681 680
3 681 85 682
3 682 641 681
3 244 88 81
3 807 824 170
3 3498 807 824
3 87 244 62
3 86 683 682
3 723 641 642
3 689 688 57
3 3491 690 684
3 743 739 678
3 219 213 212
3 733 732 678
3 740 741 678
3 687 56 50
3 688 687 56
3 91 95 80
3 713 452 706
3 690 61 684
3 690 64 65
3 689 64 57
3 690 689 64
3 504 692 691
3 660 647 640
3 647 640 692
3 640 692 691
3 504 693 692
3 4 660 3
3 660 648 647
3 648 647 693
3 647 693 692
3 673 666 3492
3 723 641 727
3 694 504 695
3 691 504 696
3 643 655 638
3 638 694 643
3 675 674 3492
3 638 695 694
3 504 696 695
3 691 639 696
3 655 639 638
3 639 638 696
3 638 696 695
3 3499 698 697
3 3546 698 699
3 3546 3499 698
3 3499 703 697
3 724 452 451
3 3499 702 703
3 660 649 648
3 649 648 700
3 648 700 693
3 4 717 5
3 645 703 644
3 510 504 478
3 717 645 644
3 652 699 651
3 651 718 652
3 708 452 707
3 725 452 730
3 8 704 7
3 705 8 704
3 87 683 62
3 714 710 452
3 17 713 18
3 706 452 705
3 706 705 16
3 714 452 713
3 6 707 12
3 707 12 11
3 709 452 708
3 704 7 709
3 7 6 709
3 6 709 708
3 711 452 710
3 711 710 14
3 712 19 15
3 70 686 69
3 15 711 14
3 712 15 711
3 17 706 16
3 713 17 706
3 13 713 18
3 710 13 714
3 13 714 713
3 20 19 715
3 19 715 712
3 716 452 715
3 657 53 716
3 53 20 716
3 20 716 715
3 660 4 717
3 699 698 651
3 650 644 717
3 703 702 644
3 649 717 650
3 660 649 717
3 717 1 718
3 651 698 646
3 646 718 651
3 646 697 645
3 645 718 646
3 698 697 646
3 697 703 645
3 717 645 718
3 507 653 454
3 653 454 719
3 1 719 2
3 718 1 719
3 652 653 507
3 719 652 653
3 699 652 507
3 718 652 719
3 683 677 62
3 722 683 677
3 721 641 683
3 740 738 42
3 656 720 27
3 721 28 29
3 720 28 27
3 721 720 28
3 654 656 26
3 722 29 30
3 722 721 29
3 656 27 26
3 2 724 9
3 508 454 451
3 454 451 724
3 719 454 724
3 509 508 451
3 724 719 2
3 730 10 725
3 679 678 729
3 728 726 677
3 31 30 726
3 30 726 722
3 729 728 678
3 729 33 679
3 726 728 31
3 729 32 33
3 728 32 31
3 729 728 32
3 730 707 11
3 708 707 6
3 736 735 678
3 220 214 213
3 679 731 34
3 732 35 36
3 731 35 34
3 732 731 35
3 678 738 737
3 37 36 733
3 36 733 732
3 38 735 734
3 39 38 735
3 38 37 734
3 37 734 733
3 678 742 741
3 678 743 742
3 770 773 71
3 90 89 3516
3 735 736 39
3 737 40 41
3 736 40 39
3 737 736 40
3 738 41 42
3 738 737 41
3 49 739 50
3 50 739 687
3 218 63 3516
3 63 3516 678
3 740 741 43
3 742 44 45
3 741 44 43
3 742 741 44
3 49 743 739
3 219 220 213
3 45 743 49
3 742 45 743
3 690 65 61
3 66 744 67
3 663 66 744
3 2199 2149 2197
3 21 746 72
3 67 745 68
3 744 67 745
3 771 3491 770
3 101 94 77
3 68 746 72
3 745 68 746
3 746 21 747
3 76 3647 3491
3 102 99 92
3 2199 2197 2198
3 747 21 748
3 3491 754 755
3 749 748 22
3 754 3491 753
3 3491 749 748
3 3491 772 753
3 3491 756 751
3 749 23 750
3 686 3491 685
3 96 95 91
3 23 749 22
3 751 25 24
3 24 750 23
3 751 24 750
3 3491 686 773
3 753 51 52
3 753 52 46
3 99 3556 102
3 756 3491 755
3 3491 750 749
3 756 25 751
3 102 96 91
3 754 753 46
3 756 48 25
3 100 93 92
3 47 755 46
3 755 754 46
3 3569 1125 1140
3 623 622 595
3 3567 1533 1534
3 3689 3618 1493
3 3567 1534 1535
3 1280 549 548
3 271 273 143
3 3512 271 273
3 760 455 757
3 3778 3757 3705
3 879 878 1147
3 423 422 1120
3 3535 155 3513
3 781 198 199
3 390 406 125
3 1401 1400 910
3 483 481 468
3 3491 751 750
3 771 73 74
3 770 73 71
3 772 771 51
3 771 74 51
3 96 102 92
3 772 51 753
3 755 756 47
3 756 48 47
3 771 770 73
3 102 91 3556
3 70 773 71
3 773 686 70
3 90 91 80
3 3556 90 91
3 234 235 106
3 155 3535 149
3 317 380 206
3 118 110 109
3 3512 192 829
3 381 382 206
3 380 381 206
3 836 174 830
3 419 397 396
3 418 157 154
3 418 158 157
3 157 791 790
3 419 393 392
3 418 391 158
3 391 158 792
3 418 392 391
3 392 391 793
3 391 793 792
3 418 419 392
3 392 794 793
3 3675 3627 762
3 1703 40 39
3 163 162 161
3 172 171 170
3 504 2216 2190
3 814 815 180
3 816 810 757
3 798 162 797
3 461 797 161
3 3497 511 512
3 825 171 824
3 797 162 161
3 798 163 162
3 166 165 164
3 782 776 197
3 757 810 455
3 3519 774 3515
3 183 181 174
3 813 814 179
3 3498 815 816
3 802 803 167
3 3498 802 803
3 455 752 183
3 803 806 168
3 3498 803 806
3 827 173 826
3 175 173 172
3 805 804 3498
3 801 802 166
3 3498 801 802
3 275 273 3599
3 825 172 171
3 209 201 144
3 193 834 833
3 197 777 193
3 193 833 197
3 806 169 168
3 505 3497 510
3 311 312 305
3 3760 311 312
3 804 3498 809
3 809 183 182
3 774 172 161
3 780 781 197
3 196 195 3512
3 172 170 169
3 805 804 178
3 178 813 805
3 814 180 179
3 809 804 183
3 835 176 834
3 799 164 163
3 516 456 455
3 797 461 3498
3 760 816 757
3 810 515 455
3 3498 810 515
3 752 180 179
3 813 805 3498
3 479 3497 512
3 799 800 164
3 3498 799 800
3 814 813 3498
3 801 166 165
3 800 165 164
3 815 814 3498
3 183 752 179
3 760 752 455
3 816 760 752
3 816 752 815
3 808 809 182
3 3498 808 809
3 3165 1484 3192
3 793 3478 792
3 1259 1203 3555
3 1278 543 539
3 635 521 520
3 3668 3618 1495
3 789 790 154
3 831 174 181
3 807 170 169
3 806 807 169
3 3498 806 807
3 779 780 197
3 194 140 139
3 312 313 282
3 3681 312 313
3 826 173 172
3 271 143 142
3 286 208 144
3 3511 286 208
3 207 205 3511
3 3512 192 188
3 195 194 3512
3 174 831 830
3 799 798 3498
3 830 831 824
3 827 175 173
3 827 828 175
3 177 176 174
3 174 836 177
3 836 177 176
3 836 176 835
3 1127 3744 1126
3 3667 3793 3439
3 598 599 583
3 3765 3814 3590
3 790 157 154
3 787 788 152
3 791 158 157
3 419 395 394
3 394 840 795
3 419 396 395
3 787 152 131
3 786 787 131
3 786 131 130
3 605 630 601
3 3437 3616 3438
3 620 621 593
3 789 154 153
3 849 796 420
3 3832 3548 3642
3 111 113 107
3 785 786 130
3 785 130 127
3 784 785 127
3 784 127 126
3 2992 3612 3582
3 783 784 126
3 783 126 125
3 778 783 125
3 3798 2844 2839
3 788 3478 787
3 3544 3435 3583
3 1285 1283 551
3 1081 1082 334
3 1078 1079 1031
3 1068 336 342
3 611 520 477
3 1293 1296 538
3 883 854 1518
3 1331 599 598
3 1078 332 1077
3 1536 1537 950
3 3655 859 866
3 1094 367 368
3 1468 1466 1439
3 1078 1031 0
3 1294 1293 536
3 568 571 569
3 1086 963 969
3 1278 1279 543
3 1031 973 965
3 1295 1292 1031
3 1341 607 610
3 1296 539 538
3 1435 1405 1432
3 857 1523 861
3 2556 1093 369
3 1399 910 3550
3 1323 1299 1278
3 842 849 397
3 3706 842 849
3 1277 545 544
3 901 894 893
3 565 547 571
3 1435 1453 1432
3 1308 1307 1306
3 1311 1303 3551
3 1279 544 543
3 1138 1072 1071
3 1497 1496 1306
3 1305 1310 1303
3 1083 964 965
3 894 893 1165
3 1339 604 1338
3 3468 1521 1516
3 1304 1305 1303
3 334 1082 333
3 1084 964 963
3 840 841 395
3 3609 840 841
3 3569 1123 1125
3 363 362 1090
3 1298 1297 1031
3 1152 1121 1153
3 886 877 1517
3 1073 1134 1066
3 1127 1126 1121
3 1284 549 1280
3 1704 41 1705
3 1146 1075 1147
3 1499 1570 922
3 866 859 853
3 1306 1491 908
3 856 1522 860
3 3670 1129 1123
3 1031 1010 1011
3 1313 1330 1287
3 1121 1153 1149
3 3413 3129 3561
3 1088 1087 968
3 853 1164 864
3 903 3540 3472
3 937 871 938
3 1081 335 1080
3 1087 969 1086
3 928 1595 1594
3 3463 950 1592
3 1172 1171 1528
3 3436 3532 3440
3 1250 1175 1227
3 3465 954 1229
3 3463 952 1539
3 1528 1229 3465
3 3593 1486 1488
3 1078 0 332
3 2665 962 961
3 3533 1307 1308
3 1086 1084 963
3 1291 532 0
3 1079 1031 965
3 1359 1336 1335
3 1084 964 1083
3 1087 969 968
3 1386 1385 1031
3 1250 870 1251
3 1010 1031 972
3 1031 971 972
3 1457 1406 1405
3 1284 550 549
3 1297 1295 1031
3 1509 957 1510
3 1438 1436 1395
3 1031 1012 1015
3 1088 967 968
3 1080 336 1068
3 1624 1623 989
3 1081 334 335
3 1598 1423 1597
3 3643 3555 3451
3 1031 1011 1012
3 960 1018 983
3 1512 1509 961
3 3527 3465 1588
3 1331 598 1330
3 3589 1511 1599
3 1023 1031 1017
3 1609 1424 1604
3 1450 1403 1402
3 1602 1424 1603
3 1095 363 367
3 1031 973 970
3 1427 1488 1426
3 1091 361 362
3 977 976 1031
3 1031 1024 1025
3 971 1031 970
3 1031 1015 1017
3 1083 965 1079
3 1282 548 546
3 1331 1330 1313
3 1309 1314 1288
3 336 1080 335
3 1277 1281 545
3 3753 3784 3715
3 1031 1291 0
3 1282 1280 548
3 1290 533 532
3 1281 546 545
3 1279 1277 544
3 1346 1446 1345
3 978 1031 977
3 957 1509 962
3 1509 962 961
3 1018 3589 1513
3 1024 1031 1023
3 892 1037 869
3 1609 1011 1010
3 1038 1045 1020
3 1695 1694 3432
3 3541 1046 1047
3 1240 1050 3462
3 1209 1214 1186
3 1049 1042 1041
3 1040 1039 1038
3 1047 1039 1046
3 1513 984 983
3 1734 1788 1733
3 1049 1054 1042
3 1048 1047 1040
3 1045 1022 3656
3 3432 1063 1692
3 1053 1040 1038
3 3589 1597 3434
3 1697 1683 1682
3 912 1479 911
3 1240 1239 3462
3 3593 1656 3443
3 1009 1031 1003
3 855 1147 879
3 3597 575 3586
3 840 3570 795
3 841 396 395
3 1141 1076 1070
3 1076 1070 1147
3 1089 966 967
3 1089 967 1088
3 1092 360 361
3 360 359 1097
3 1104 1068 342
3 1104 342 343
3 1092 361 1091
3 1103 343 359
3 1090 362 1091
3 881 1147 1072
3 1436 1465 1438
3 1147 851 1148
3 1094 367 1095
3 3493 635 636
3 3590 3996 3947
3 635 530 521
3 363 1095 1090
3 1089 1163 1088
3 1164 1089 1163
3 1104 343 1103
3 1090 1101 1095
3 1091 1096 1090
3 1098 1091 1096
3 1103 1147 1097
3 1148 1103 1147
3 1092 360 1097
3 1066 1065 1146
3 1098 1091 1092
3 858 863 851
3 857 1134 861
3 1143 1068 1148
3 61 1711 69
3 1462 1457 1461
3 1096 1067 1102
3 1067 1102 1101
3 1096 1090 1102
3 1090 1102 1101
3 1076 1141 1075
3 1075 1147 1076
3 1148 1104 1103
3 1072 1071 1147
3 1067 1146 1098
3 1105 959 958
3 1105 966 959
3 1105 1089 966
3 1574 848 847
3 1106 957 958
3 1106 958 1105
3 1107 957 1106
3 3553 888 889
3 1255 1201 1259
3 1259 1203 1255
3 2662 984 2661
3 2662 985 2666
3 2721 1020 2722
3 2666 986 985
3 1113 1114 1111
3 1116 1115 1113
3 1124 1125 1119
3 1123 1129 1118
3 1127 1122 1121
3 1129 1118 1117
3 1125 1123 1119
3 1140 1125 1124
3 421 414 413
3 1120 420 419
3 419 421 413
3 1120 419 421
3 3670 3744 1128
3 3562 1120 796
3 3468 1136 3569
3 3569 3528 3468
3 3706 3609 842
3 860 856 1134
3 886 877 1134
3 856 854 1134
3 3478 3766 3577
3 854 1134 883
3 857 1139 1135
3 1139 1135 1074
3 1073 1066 1146
3 1135 1134 1073
3 886 1134 883
3 883 1517 886
3 1139 1074 1075
3 1075 1074 1146
3 855 851 1147
3 1458 1456 1406
3 1148 1104 1068
3 857 1141 1139
3 1141 1139 1075
3 889 888 878
3 882 878 1147
3 1134 1131 1130
3 1131 1130 1519
3 1136 1140 1130
3 1151 1118 1117
3 1346 1373 1345
3 1074 1135 1073
3 1073 1146 1074
3 852 1148 1143
3 857 1142 1141
3 852 858 851
3 851 1148 852
3 882 888 881
3 882 881 1147
3 1142 1141 1070
3 588 608 503
3 1071 1070 1147
3 1144 1068 1080
3 852 1144 1143
3 1144 1143 1068
3 1154 1082 1077
3 852 1145 1144
3 852 1154 1145
3 1145 1144 1080
3 1151 1122 1121
3 887 1138 881
3 1149 1121 1150
3 1146 1098 1092
3 1147 1146 1097
3 1097 1146 1092
3 955 3463 1530
3 1146 1065 1064
3 1065 1064 1150
3 1150 1065 1151
3 1151 1121 1150
3 1064 1150 1149
3 1122 1117 1151
3 1065 1151 1066
3 1133 1140 1124
3 1140 1133 1130
3 1151 1124 1119
3 1118 1151 1119
3 1151 1133 1124
3 1151 1130 1133
3 1066 1151 1134
3 1151 1134 1130
3 1096 1098 1067
3 1069 1146 1064
3 1064 1153 1069
3 1149 1064 1153
3 1146 1069 1067
3 1069 1067 1153
3 1067 1153 1152
3 1154 1082 1081
3 1081 1145 1080
3 1154 1081 1145
3 852 1155 1154
3 1155 1154 1077
3 852 1157 853
3 852 1156 1155
3 1156 1155 1077
3 852 1157 1156
3 3500 561 560
3 1157 1079 1078
3 1078 1156 1077
3 1157 1078 1156
3 853 1158 1157
3 1158 1157 1079
3 1163 1162 1088
3 1083 1158 1079
3 1159 1083 1084
3 853 1159 1158
3 1159 1158 1083
3 1162 853 1163
3 1031 1450 1390
3 1160 1084 1086
3 853 1160 1159
3 1160 1159 1084
3 1162 1087 1161
3 1162 1088 1087
3 1161 853 1162
3 1161 1086 1087
3 853 1161 1160
3 1161 1160 1086
3 1164 1105 1089
3 901 900 893
3 890 1165 893
3 900 897 890
3 864 1165 865
3 1164 864 1165
3 885 867 865
3 897 885 868
3 868 1165 890
3 868 885 865
3 865 1165 868
3 1166 1107 1106
3 1106 1165 1105
3 1204 1268 1257
3 1165 1164 1105
3 1355 1353 1440
3 1252 1198 1253
3 1232 1231 1177
3 937 936 870
3 871 937 870
3 1393 1436 1344
3 1226 1173 1174
3 1173 1170 1165
3 1165 1166 1106
3 1175 1165 1166
3 1174 1173 1165
3 1175 1174 1165
3 1114 1116 1113
3 3472 1237 902
3 1183 1237 1236
3 1111 1110 2620
3 3540 3434 3472
3 2660 983 960
3 2579 1115 2569
3 2579 2569 2578
3 3536 3763 3542
3 580 579 553
3 3597 580 579
3 3630 1232 1233
3 3358 3680 3566
3 1268 1192 1182
3 2662 985 984
3 939 938 873
3 1258 1257 1181
3 3358 3566 3418
3 1179 1585 1233
3 3542 1204 1262
3 1252 1203 1202
3 873 938 871
3 871 1251 873
3 930 939 873
3 1197 1196 1166
3 933 941 932
3 1252 1198 1197
3 1198 1197 1166
3 1112 1114 1111
3 1112 1111 1110
3 1169 1112 1110
3 1205 1169 1112
3 1201 1259 1205
3 1169 1110 1109
3 3468 1519 1520
3 3086 2579 2578
3 1114 1205 1112
3 1231 3527 1532
3 1168 1169 1109
3 1227 870 1250
3 1168 1109 1108
3 1167 1168 1108
3 1166 1167 1107
3 1205 1201 1166
3 1167 1108 1107
3 875 874 1263
3 1037 1206 1019
3 1186 1214 896
3 1567 929 1566
3 993 2671 994
3 2622 2627 2621
3 1204 1268 1267
3 952 956 943
3 1190 1189 1268
3 898 899 891
3 955 947 1530
3 1268 1263 1190
3 943 1263 949
3 1237 1236 3472
3 902 895 1237
3 1228 1209 1210
3 1228 1210 1186
3 1041 1053 1040
3 1276 1222 1221
3 1265 1216 1211
3 1597 969 968
3 2670 993 992
3 1484 1673 1672
3 1673 1672 1665
3 1222 1220 1218
3 1248 1247 1699
3 894 1223 901
3 1165 1085 894
3 1223 1085 894
3 1165 1170 1085
3 1085 1224 1223
3 1227 1174 1175
3 3473 1224 1223
3 936 870 3473
3 900 897 3560
3 1226 1225 1173
3 1225 870 1226
3 1227 1226 1174
3 1196 1175 1166
3 1250 1196 1175
3 1226 870 1227
3 1234 1228 1186
3 952 3463 956
3 1172 1171 1251
3 1233 1232 1178
3 1479 1477 911
3 1230 872 1234
3 1234 1186 1230
3 1230 1187 1186
3 3630 3527 1588
3 940 939 930
3 1251 1196 1250
3 1529 1190 1189
3 1199 1198 1166
3 1253 1199 1198
3 1251 1196 1197
3 1171 1528 1229
3 1251 932 931
3 932 931 1527
3 871 870 1251
3 1116 1205 1114
3 930 873 1251
3 1267 1266 1212
3 1268 1214 1213
3 1204 1266 1261
3 936 937 926
3 1263 1214 1215
3 1191 1190 1263
3 1233 1179 1178
3 1252 1202 1180
3 1202 1180 1256
3 1533 1192 1182
3 949 948 1263
3 1191 1263 947
3 3536 3358 3573
3 1184 896 895
3 895 1237 1184
3 1194 1188 1053
3 1240 1188 1239
3 1638 1684 1634
3 1270 1247 1246
3 1270 1218 1217
3 1242 1241 1195
3 1270 1248 1247
3 1031 1009 1008
3 1031 1008 1007
3 1060 1061 1059
3 1059 1269 1060
3 1217 1269 1216
3 1270 1217 1269
3 1062 1060 1269
3 1211 1242 1195
3 1265 1211 1242
3 931 940 930
3 930 1251 931
3 1252 1251 1197
3 1229 954 946
3 933 932 1251
3 934 942 933
3 946 954 935
3 946 1251 1171
3 946 935 1251
3 934 933 1251
3 935 934 1251
3 1179 1178 1252
3 1559 920 919
3 1674 1484 1675
3 1176 1252 1177
3 1178 1232 1177
3 1178 1177 1252
3 899 876 869
3 1254 1199 1253
3 1200 1199 1166
3 1254 1200 1199
3 1201 1200 1166
3 1255 1201 1200
3 1255 1200 1254
3 1169 1205 1168
3 1687 1697 1686
3 1435 1434 1407
3 1167 1205 1166
3 1168 1205 1167
3 1202 1260 1256
3 1258 1257 1204
3 1264 1228 1209
3 1463 1467 1368
3 1263 1215 1209
3 1463 1418 1421
3 1254 1255 1203
3 1252 1253 1203
3 1253 1254 1203
3 1204 1261 1208
3 1266 1212 1207
3 3521 3440 3532
3 2577 2578 2573
3 1266 1204 1267
3 1264 1263 1209
3 951 945 1263
3 1214 1206 1037
3 3567 1533 3636
3 1268 1182 1181
3 1565 1508 1507
3 1241 1240 1194
3 1195 1241 1194
3 1269 1265 1216
3 1207 1261 1206
3 1266 1207 1261
3 1261 1208 1206
3 1268 1263 1214
3 1181 1268 1257
3 1189 1535 1534
3 1213 1267 1212
3 1268 1213 1267
3 1214 1037 896
3 1641 1684 1635
3 1241 1242 1050
3 1274 1220 1275
3 1031 998 997
3 1031 1007 1006
3 1031 1006 998
3 1274 1272 1273
3 2715 2662 2666
3 1423 1483 1424
3 1219 1274 1220
3 1221 1275 1220
3 1276 1221 1275
3 1274 1219 1273
3 1218 1273 1219
3 1273 1272 1270
3 1222 1038 1020
3 1273 1270 1218
3 1045 1022 1020
3 1436 1350 1348
3 903 896 895
3 1222 1218 1038
3 1283 552 551
3 1285 551 550
3 1281 1282 546
3 882 888 878
3 1309 1288 1283
3 1319 1320 1293
3 1278 1323 1279
3 1289 1286 554
3 1287 555 1286
3 1284 1285 550
3 1314 1286 1289
3 909 908 904
3 1289 553 1288
3 1316 1319 1290
3 1294 536 533
3 299 298 293
3 1319 1293 1294
3 1043 1044 1019
3 3500 558 557
3 1334 600 603
3 678 739 687
3 887 3474 1138
3 1302 1300 1031
3 3551 1311 1309
3 1343 503 608
3 1291 1290 532
3 1300 1301 1298
3 1300 1031 1298
3 1082 1077 333
3 256 3508 3503
3 1290 1294 533
3 1296 1278 539
3 1520 1521 880
3 1372 1345 1343
3 1320 1324 1293
3 333 1077 332
3 1333 1331 1313
3 1292 1291 1031
3 1280 1305 1284
3 1318 1317 1291
3 3615 3238 3596
3 1522 860 1523
3 457 429 3602
3 1310 1283 1311
3 1311 1303 1310
3 1283 1310 1285
3 1310 1285 1284
3 1310 1284 1305
3 1305 1304 1280
3 1309 1311 1283
3 621 3795 620
3 790 3478 789
3 1524 1303 908
3 1496 1491 1306
3 3544 3532 3607
3 1524 908 907
3 3646 3619 1496
3 887 888 881
3 1319 1294 1290
3 1291 1317 1290
3 1321 1292 1295
3 621 623 594
3 3795 621 623
3 3780 1126 3744
3 1317 1316 1290
3 1318 1292 1291
3 1321 1318 1292
3 1328 1300 1302
3 1322 1297 1295
3 3550 1410 1409
3 791 3478 790
3 3493 1367 1368
3 1322 1325 1297
3 3470 3924 3471
3 1338 604 606
3 1325 1298 1297
3 1137 1071 1070
3 1142 1137 1070
3 1134 1135 857
3 1278 1324 1296
3 1278 1324 1299
3 1137 1138 1071
3 3474 1137 1138
3 3513 778 3606
3 565 3500 571
3 3500 571 778
3 862 863 851
3 3479 114 3606
3 1281 1277 1326
3 1323 1279 1277
3 1327 1304 1303
3 1304 1280 1327
3 1280 1327 1282
3 1327 1282 1281
3 1327 1281 1326
3 794 3570 793
3 1321 1322 1295
3 1277 1329 1323
3 1277 1329 1326
3 547 571 568
3 4262 1552 1545
3 3435 3544 3436
3 1335 600 1334
3 1341 610 609
3 854 1526 856
3 1518 854 1525
3 1332 1334 597
3 1137 3474 1142
3 1343 608 607
3 1341 609 1340
3 1072 1138 881
3 3442 3437 3616
3 1401 1400 1397
3 1360 1359 1336
3 843 839 838
3 3715 843 839
3 1342 1343 607
3 789 3478 788
3 3593 3443 1485
3 630 629 601
3 3478 850 787
3 3766 3478 850
3 563 3500 560
3 583 582 556
3 2715 2714 2662
3 589 588 503
3 1223 3473 901
3 1436 1393 1392
3 3577 3570 3478
3 791 792 158
3 1438 1395 1394
3 1383 1302 1031
3 942 953 934
3 1464 1465 1420
3 1450 1397 1398
3 1382 1381 1354
3 3780 3744 3670
3 888 3553 3474
3 564 3500 565
3 897 890 868
3 1381 4061 1382
3 1417 1487 1415
3 3463 1539 950
3 3463 1531 956
3 3199 3525 3260
3 880 1134 877
3 877 1521 880
3 4257 847 4268
3 1380 1379 1352
3 1384 1383 1031
3 3606 3479 3602
3 3602 466 464
3 562 3500 564
3 1374 1375 1347
3 1375 1348 1347
3 1260 1256 3730
3 794 393 392
3 1436 1348 1347
3 3464 3613 3553
3 953 935 934
3 1450 1407 1404
3 1395 1436 1392
3 1393 1419 1392
3 3535 3513 3606
3 1525 854 1526
3 622 618 591
3 1329 1326 1303
3 1328 1301 1300
3 1463 1368 1374
3 1462 1459 1433
3 1463 1371 1419
3 297 299 293
3 3686 297 299
3 1521 3468 1520
3 1433 1432 1405
3 1377 1348 1350
3 3602 457 3479
3 3630 3527 1232
3 530 529 528
3 1326 1327 1303
3 3631 1982 1984
3 125 3513 778
3 859 858 3539
3 3443 1660 1661
3 1446 1343 1345
3 466 3602 465
3 858 3539 3464
3 888 887 3474
3 3581 3006 3678
3 1523 857 1524
3 1491 3653 3608
3 3468 1516 1517
3 1376 1349 1346
3 1496 1492 1491
3 1142 857 3474
3 786 850 785
3 1362 1338 1361
3 1337 1360 1336
3 1361 1337 1360
3 3629 758 759
3 1369 1342 1341
3 1343 1370 1342
3 1522 856 1526
3 1134 861 860
3 861 860 1523
3 875 1263 872
3 872 1536 875
3 3569 3528 3670
3 1132 1134 880
3 880 1520 1132
3 918 917 916
3 621 594 593
3 1453 1455 1449
3 1354 1440 1355
3 1363 1340 1339
3 1558 1557 918
3 859 853 852
3 1461 1433 1432
3 1401 1397 1398
3 3720 4048 3724
3 1392 1421 1418
3 1450 1402 1398
3 1399 1390 1396
3 899 892 891
3 1400 1396 1397
3 1552 4272 1553
3 1557 917 1556
3 1380 1382 1353
3 1434 1404 1407
3 1371 1374 1344
3 1344 1419 1371
3 3550 1414 1413
3 855 862 851
3 1450 1449 1407
3 3561 3130 3129
3 3550 1416 1414
3 4259 4235 4267
3 1350 1440 1354
3 1437 1394 1389
3 1484 1674 1673
3 1674 1673 1666
3 3493 823 822
3 1433 1405 1406
3 1431 1404 1403
3 1434 1431 1404
3 1301 1325 1298
3 1324 1296 1293
3 1411 3550 1412
3 1413 1387 1386
3 1414 1413 1387
3 1412 1413 1386
3 1328 1409 1302
3 1410 1383 1384
3 1409 1383 1302
3 1410 1409 1383
3 3602 3500 563
3 3606 3602 3500
3 1411 1385 1384
3 1412 1411 1385
3 1410 1411 1384
3 1388 1416 1390
3 558 3500 559
3 1388 1414 1387
3 1386 1412 1385
3 858 859 852
3 3602 567 465
3 1414 1388 1416
3 1452 1408 1449
3 1231 1176 1532
3 1440 1350 1436
3 1399 1416 1390
3 3550 1399 1416
3 1412 3550 1413
3 3613 3553 862
3 430 457 429
3 1379 1352 1351
3 1417 1415 1389
3 1415 1389 1420
3 820 4269 4252
3 567 3602 566
3 1499 918 914
3 3863 2611 2610
3 1374 1347 1344
3 1340 609 604
3 629 4126 630
3 1465 1421 1420
3 1478 1423 1483
3 1430 1431 1403
3 1421 1420 1394
3 1382 1355 1353
3 911 1477 910
3 1395 1392 1421
3 1421 1394 1395
3 1484 1698 1675
3 1419 1418 1392
3 1378 1379 1351
3 3685 1378 1379
3 788 153 152
3 953 942 3465
3 1463 1419 1418
3 1388 1387 1031
3 1387 1386 1031
3 1537 872 3472
3 1385 1384 1031
3 969 963 1597
3 1450 1404 1403
3 1390 1388 1031
3 1597 968 1596
3 1390 1450 1396
3 1668 1698 1675
3 1436 1347 1344
3 1450 1397 1396
3 840 395 394
3 1596 968 967
3 1033 1031 1025
3 1033 1035 1031
3 1684 1642 1648
3 1022 3589 1044
3 1031 1035 974
3 1609 1010 1604
3 976 1031 975
3 1488 1486 1426
3 901 3473 900
3 1435 1407 1408
3 3473 900 3560
3 1463 1374 1371
3 1401 1429 1398
3 1430 1402 1403
3 1429 1402 1398
3 1430 1429 1402
3 4249 845 4268
3 900 893 890
3 1464 1420 1415
3 4267 4253 4235
3 559 3500 562
3 1375 1374 1368
3 4232 4252 4244
3 1453 1461 1432
3 3493 844 832
3 844 832 4266
3 1459 1487 1417
3 1341 1342 607
3 1037 1043 1019
3 1191 1530 947
3 1462 1456 1459
3 3539 3473 936
3 1446 1346 1349
3 1484 1451 1031
3 3566 3418 3055
3 1351 1349 1446
3 1352 1351 1446
3 1435 1408 1405
3 1436 1467 1463
3 1275 1276 1272
3 1440 1436 1467
3 1274 1275 1272
3 1451 1450 1031
3 1446 1352 1353
3 1440 1353 1446
3 1447 1444 1442
3 1442 1474 1447
3 1485 1451 1484
3 1447 1446 1441
3 1472 1473 1445
3 1445 1475 1472
3 1308 1306 1303
3 1408 1452 1405
3 1441 1468 1440
3 902 903 895
3 3472 902 903
3 3434 1537 1423
3 3472 3434 1537
3 1419 1393 1344
3 1559 1560 920
3 3444 1559 1560
3 1252 1180 1179
3 1180 1179 1585
3 939 940 926
3 3577 796 3706
3 796 3706 849
3 866 864 853
3 1527 940 931
3 3445 1450 1451
3 874 1536 875
3 3465 1527 941
3 1499 919 918
3 1462 1433 1461
3 2575 2573 2626
3 1462 1458 1456
3 1417 1433 1391
3 1459 1417 1433
3 1433 1406 1391
3 1406 1456 1391
3 1457 1458 1406
3 1452 1457 1405
3 1461 1452 1457
3 1456 1460 1391
3 1487 1456 1460
3 1452 1453 1449
3 1461 1452 1453
3 1487 1464 1415
3 1465 1464 1437
3 1464 1437 1487
3 1465 1463 1421
3 1462 1458 1457
3 3440 3521 3441
3 3521 3441 3442
3 953 954 935
3 3465 953 954
3 1437 1438 1394
3 1465 1437 1438
3 1417 1391 1389
3 1394 1420 1389
3 1487 1459 1456
3 1460 1437 1389
3 1487 1460 1437
3 1391 1460 1389
3 1463 1436 1465
3 561 3500 557
3 3544 3677 3607
3 525 524 523
3 1441 1446 1440
3 1468 1467 1440
3 1471 1469 1442
3 1469 1442 1474
3 2644 3635 3545
3 1443 1444 1439
3 1470 1443 1439
3 1466 1470 1439
3 3493 820 819
3 1368 1473 1467
3 1444 1447 1439
3 1447 1441 1439
3 1447 1448 1446
3 1475 1447 1448
3 1475 1474 1447
3 1446 1448 1445
3 1448 1445 1475
3 1473 1446 1445
3 1508 1565 1503
3 1557 3444 1556
3 1595 1584 1501
3 941 932 1527
3 1251 1252 1172
3 1422 1505 1423
3 1423 1478 1422
3 3444 1476 1477
3 1483 1478 3445
3 1422 1481 1425
3 1481 1425 1480
3 1558 3444 1557
3 1481 1482 1422
3 1476 1454 3445
3 1482 1478 1422
3 963 1598 1597
3 1683 1697 1668
3 1697 1668 1698
3 1685 1644 1642
3 3593 1489 1488
3 1471 1444 1442
3 3432 1699 1700
3 1455 1454 1449
3 1454 1450 1449
3 3593 1655 1656
3 1611 1424 1610
3 1484 1670 1669
3 1670 1669 1662
3 3443 1657 1656
3 3589 1022 3656
3 1489 1488 1427
3 3593 1483 1486
3 761 3651 759
3 1491 906 908
3 1491 1490 906
3 769 765 764
3 571 3597 578
3 3956 3816 3962
3 1486 1426 1424
3 1288 553 552
3 1287 556 555
3 1493 913 906
3 626 603 600
3 1287 1330 556
3 842 397 396
3 1468 1441 1439
3 3503 307 256
3 3600 3503 307
3 3888 3822 3814
3 1496 3619 1492
3 1495 1494 1493
3 1495 1493 906
3 3653 1491 1492
3 1522 1523 907
3 3437 3529 3442
3 3529 3442 3441
3 3464 858 3613
3 858 3613 863
3 1289 554 553
3 1283 1288 552
3 1286 555 554
3 1129 1128 3670
3 3592 2160 2159
3 1362 1339 1338
3 3430 2160 3592
3 1477 1476 910
3 914 911 910
3 914 912 911
3 1550 914 912
3 1591 1506 1502
3 3730 3630 1588
3 1595 1589 1501
3 1506 1502 1501
3 1425 1422 1505
3 1505 1480 1425
3 1505 1504 1480
3 1505 923 1501
3 1505 1501 1423
3 1505 924 923
3 1505 1504 924
3 1508 1506 1503
3 1508 1507 1506
3 1323 1303 1329
3 1048 3541 1047
3 1047 1040 1039
3 3589 1510 1509
3 1598 1424 1423
3 1606 965 1607
3 1607 1424 1606
3 3589 1626 1627
3 1607 973 965
3 1603 1424 1604
3 1486 1483 1424
3 1614 1424 1613
3 1604 972 1603
3 964 963 1605
3 1611 1015 1012
3 1621 1426 1424
3 1016 1018 960
3 961 960 1512
3 1514 984 985
3 2663 1108 2622
3 973 970 1607
3 1054 1238 1053
3 3589 1515 1538
3 1514 1515 985
3 1016 1512 960
3 1514 1513 3589
3 3589 1538 1622
3 987 1538 986
3 1515 986 985
3 1538 1515 986
3 877 1517 1516
3 1130 1519 1136
3 1473 530 503
3 3493 1473 530
3 1517 1518 883
3 3468 1517 1518
3 1134 1132 1131
3 1132 1131 1520
3 1131 1520 1519
3 1516 877 1521
3 566 3602 563
3 1446 1473 503
3 3617 2950 2951
3 1519 3468 1136
3 3493 822 821
3 1231 1177 1176
3 3527 3465 1528
3 949 956 943
3 956 948 1531
3 947 1531 955
3 1263 948 947
3 948 947 1531
3 1479 1550 912
3 1252 1176 1172
3 1193 1268 1189
3 1189 1534 1193
3 1529 1189 1535
3 1268 1193 1192
3 1193 1192 1534
3 1192 1534 1533
3 1528 1532 1172
3 3527 1528 1532
3 945 1541 951
3 1263 945 944
3 1536 874 1542
3 944 1540 945
3 944 1540 1539
3 896 903 891
3 1228 1234 872
3 1263 1264 872
3 872 1537 1536
3 1264 1228 872
3 1654 1661 1653
3 1653 1676 1654
3 1540 945 1541
3 943 1539 952
3 1263 944 943
3 944 943 1539
3 951 1263 874
3 874 1541 951
3 1542 950 1541
3 874 1542 1541
3 3754 3794 3529
3 3809 3775 3889
3 113 114 107
3 3665 4087 3720
3 763 3627 762
3 1490 1495 906
3 3608 1490 1495
3 1343 1446 503
3 1380 1353 1352
3 1578 1569 846
3 848 4257 847
3 3586 575 3554
3 3521 3442 3625
3 3468 1518 907
3 907 3709 3468
3 3945 3449 3446
3 4266 845 844
3 3532 3521 3607
3 3451 3643 3457
3 1579 1578 4271
3 1499 920 919
3 1558 1559 919
3 3444 1558 1559
3 916 915 914
3 1567 3444 1566
3 1550 3444 1479
3 918 916 914
3 1551 915 914
3 1550 1551 914
3 3444 1550 1551
3 1499 914 910
3 3436 3544 3532
3 1358 1359 1335
3 3618 1493 1494
3 1562 1563 924
3 3444 1562 1563
3 1551 1554 915
3 3444 1551 1554
3 903 898 891
3 3540 903 898
3 1500 922 921
3 1589 1590 1577
3 1590 1589 1501
3 1562 924 923
3 917 1498 916
3 1568 1562 923
3 829 3728 3686
3 929 1503 923
3 923 1568 1567
3 1503 1566 929
3 1557 918 917
3 3444 1561 1565
3 1500 1576 921
3 929 1567 923
3 1529 1530 1190
3 3463 1529 1530
3 1531 955 3463
3 1581 1570 922
3 938 939 926
3 1527 926 3465
3 926 3465 1588
3 1571 936 926
3 1555 1498 916
3 1498 1555 917
3 1555 1556 917
3 3444 1555 1556
3 3444 1568 1562
3 1554 1555 916
3 3444 1554 1555
3 1504 1564 1480
3 1564 1480 3444
3 3444 1563 1564
3 1554 916 915
3 1504 925 924
3 1564 1504 925
3 925 1563 924
3 1564 925 1563
3 1565 1507 1561
3 1560 1499 920
3 3444 1560 1576
3 1540 1541 950
3 1586 1588 926
3 1595 1589 1580
3 1542 1536 950
3 1558 919 918
3 1565 1566 1503
3 3444 1565 1566
3 1501 928 927
3 1539 1540 950
3 950 1501 927
3 1582 1595 1581
3 1571 1570 936
3 1570 910 936
3 1570 1499 910
3 940 1527 926
3 937 938 926
3 3445 1483 1485
3 1334 603 597
3 3579 1307 3533
3 1136 3569 1140
3 1489 1428 1427
3 3570 3478 793
3 1578 846 845
3 1500 1499 922
3 1576 1500 1499
3 1576 1499 1560
3 1580 922 921
3 1568 3444 1567
3 3444 1576 1577
3 1501 1537 1423
3 956 949 948
3 1577 1576 921
3 921 1580 1577
3 1506 1501 923
3 1582 1570 1581
3 1232 1231 3527
3 3444 1577 1590
3 3672 3583 3448
3 1361 1338 1337
3 850 843 778
3 3593 1489 1655
3 3565 2300 3661
3 1579 845 844
3 3608 1490 1491
3 908 905 904
3 840 3609 3570
3 3609 3570 3577
3 1594 1595 1582
3 1537 1501 950
3 1580 1589 1577
3 1584 928 1501
3 3445 1454 1450
3 927 1592 950
3 1586 1571 1582
3 1583 1571 926
3 926 1586 1583
3 1586 1583 1571
3 3567 1529 3463
3 1587 1533 1182
3 3636 1587 1533
3 3636 3567 1592
3 941 942 933
3 3465 941 942
3 910 3539 936
3 1530 1191 1190
3 1229 1171 946
3 1237 1184 1183
3 1502 1590 1501
3 1591 1502 1590
3 1591 3444 1590
3 1561 1507 1506
3 1591 1561 1506
3 3444 1591 1561
3 1503 1506 923
3 1594 1582 1586
3 1580 1581 922
3 1593 1592 927
3 927 1594 928
3 1593 927 1594
3 1582 1571 1570
3 928 1595 1584
3 975 1031 974
3 1611 1012 1610
3 1598 963 1605
3 1605 1424 1598
3 972 1604 1010
3 1011 1610 1012
3 3589 1601 1596
3 1511 1510 957
3 1599 959 958
3 958 1511 957
3 1599 958 1511
3 1600 966 959
3 1600 959 1599
3 967 966 1601
3 1601 1596 967
3 966 1601 1600
3 964 1606 965
3 1605 964 1606
3 1606 1424 1605
3 971 1602 970
3 1603 1602 971
3 972 1603 971
3 1602 970 1608
3 970 1608 1607
3 1424 1608 1602
3 1607 1424 1608
3 1609 1011 1610
3 1610 1424 1609
3 1614 1024 1615
3 1615 1424 1614
3 1612 1424 1611
3 1025 1615 1024
3 1612 1611 1015
3 1017 1612 1015
3 1612 1017 1613
3 1613 1424 1612
3 1023 1613 1017
3 1614 1023 1613
3 1023 1614 1024
3 975 974 1619
3 1025 1616 1033
3 1615 1025 1616
3 1616 1424 1615
3 974 1617 1035
3 1617 1424 1616
3 1617 1035 1033
3 1617 1033 1616
3 1618 974 1619
3 1619 1424 1618
3 1617 974 1618
3 1618 1424 1617
3 1621 1424 1620
3 1620 1424 1619
3 1676 980 979
3 1621 1427 1426
3 1620 1619 975
3 1621 977 976
3 976 1620 975
3 1621 976 1620
3 1622 987 988
3 1622 1538 987
3 3589 1514 1515
3 3589 1623 1624
3 3114 3113 3032
3 1624 989 990
3 1623 1622 988
3 1632 1000 1001
3 1238 1239 1185
3 1633 1632 1001
3 1238 1185 1053
3 1633 1001 1002
3 3032 3004 3003
3 1240 1194 1188
3 1054 1053 1042
3 1632 1684 1631
3 1625 991 990
3 1626 1625 991
3 1627 992 993
3 1627 1626 992
3 1632 1631 1000
3 992 1626 991
3 3121 3115 3032
3 3002 3074 3003
3 1678 982 981
3 1627 1628 993
3 1625 1624 990
3 1629 994 995
3 1628 994 993
3 1629 1628 994
3 1239 1188 1185
3 1629 1630 995
3 1631 999 1000
3 1630 999 995
3 1631 1630 999
3 1634 1002 1013
3 1634 1633 1002
3 3589 1509 1512
3 1634 1684 1633
3 1050 3462 1684
3 1667 1674 1666
3 1643 1428 1427
3 1664 1678 1665
3 1269 1051 1050
3 1635 1027 1028
3 1029 1028 1636
3 1028 1636 1635
3 1034 1029 1637
3 1029 1637 1636
3 3589 1624 1625
3 989 1623 988
3 1638 1013 1014
3 1638 1634 1013
3 1666 1673 1665
3 1665 1678 1666
3 1639 1014 1021
3 1639 1638 1014
3 1684 1646 1645
3 1026 1021 1640
3 1021 1640 1639
3 1641 1027 1635
3 1027 1026 1641
3 1026 1641 1640
3 1642 998 1006
3 977 1643 978
3 1621 977 1643
3 1643 1427 1621
3 1678 982 1683
3 1678 981 1677
3 1036 996 1645
3 1645 1034 1036
3 1645 1637 1034
3 3589 1596 1597
3 997 996 1647
3 1684 1633 1632
3 996 1647 1646
3 996 1646 1645
3 1644 1007 1006
3 1684 1637 1636
3 1648 998 1642
3 998 997 1648
3 997 1648 1647
3 1054 3462 1049
3 1668 1675 1667
3 1667 1683 1668
3 1694 1693 3432
3 978 1652 979
3 1675 1674 1667
3 1652 1643 978
3 979 1031 978
3 1659 1660 1032
3 3443 1659 1660
3 1657 1658 1030
3 1652 1649 1643
3 1428 1655 1489
3 1643 1649 1428
3 1649 1428 1655
3 1652 979 1676
3 1651 1652 1030
3 1030 1657 1651
3 3443 1658 1657
3 1652 1650 1649
3 1650 1649 1656
3 1649 1656 1655
3 3443 1659 1658
3 1265 1269 1050
3 1653 1660 1032
3 1032 1676 1653
3 1485 1484 3443
3 1484 3443 1661
3 1652 1651 1650
3 1651 1650 1657
3 1650 1657 1656
3 1697 1682 1681
3 3803 3696 4023
3 1484 1669 1661
3 1484 1671 1670
3 1484 1672 1671
3 1672 1671 1664
3 1272 1271 1270
3 1684 1645 1637
3 1672 1664 1665
3 1031 1004 1003
3 1016 3589 1512
3 1003 1680 1009
3 980 1031 979
3 981 1031 980
3 1005 1031 982
3 1678 1667 1666
3 982 1031 981
3 1009 1008 1680
3 1031 1005 1004
3 1061 1063 1060
3 3432 1061 1063
3 1685 1679 1644
3 1240 1241 1050
3 3115 3114 3032
3 1684 1050 1685
3 1685 1642 1684
3 1689 1697 1688
3 1688 1697 1687
3 1050 1685 1051
3 1242 1265 1050
3 1684 1636 1635
3 3589 1622 1623
3 1684 1647 1646
3 1684 1639 1638
3 1661 1660 1653
3 1664 1671 1663
3 1663 1677 1664
3 1652 1030 1676
3 1659 1658 1030
3 1032 1659 1030
3 1030 1676 1032
3 980 1677 981
3 1676 980 1677
3 1677 1664 1678
3 1662 1669 1654
3 1663 1670 1662
3 1662 1677 1663
3 1671 1670 1663
3 1677 1662 1654
3 1669 1661 1654
3 1676 1654 1677
3 1005 982 1683
3 1683 1004 1005
3 1008 1680 1679
3 1008 1007 1679
3 1007 1679 1644
3 1642 1644 1006
3 3074 3032 3003
3 1683 1682 1004
3 1678 1667 1683
3 1003 1682 1004
3 1680 1681 1003
3 1681 1003 1682
3 1686 1680 1679
3 1269 1052 1051
3 1051 1686 1052
3 1685 1051 1686
3 1686 1679 1685
3 1269 1055 1052
3 1055 1052 1687
3 1052 1687 1686
3 1045 1046 1038
3 1269 1056 1055
3 1056 1055 1688
3 1055 1688 1687
3 1693 1692 3432
3 1269 1057 1056
3 1057 1056 1689
3 1056 1689 1688
3 1063 1062 1060
3 1269 1058 1057
3 1684 1648 1647
3 1269 1059 1058
3 1062 1692 1063
3 1269 1243 1062
3 1243 1062 1692
3 1269 1244 1243
3 1244 1243 1693
3 1243 1693 1692
3 1269 1270 1244
3 1018 1016 3589
3 1696 1247 1246
3 3589 1511 1510
3 1270 1245 1244
3 1245 1244 1694
3 1244 1694 1693
3 2119 2053 2059
3 1696 1699 1247
3 3432 1696 1699
3 1696 1695 3432
3 1270 1246 1245
3 1246 1245 1695
3 1245 1695 1694
3 1246 1696 1695
3 1697 1680 1686
3 1697 1681 1680
3 1684 1641 1640
3 1684 1640 1639
3 1702 1272 1271
3 1270 1249 1248
3 1249 1248 1700
3 1248 1700 1699
3 1702 1271 1701
3 3432 1700 1701
3 1270 1271 1249
3 1271 1249 1701
3 1249 1701 1700
3 212 214 83
3 213 214 212
3 1712 44 43
3 1712 43 42
3 1712 42 1705
3 3491 771 772
3 1714 50 49
3 2359 2360 1997
3 1714 49 45
3 1714 45 1713
3 3491 747 748
3 1715 56 50
3 1715 50 1714
3 810 3498 816
3 1720 47 46
3 104 133 98
3 253 254 252
3 1719 73 71
3 1719 1716 73
3 524 525 497
3 136 230 133
3 252 254 245
3 251 252 245
3 227 230 136
3 727 2181 667
3 105 98 97
3 1722 24 25
3 1722 25 1721
3 229 230 227
3 228 229 227
3 23 1723 357
3 225 227 136
3 1723 23 24
3 1723 24 1722
3 226 227 225
3 1724 357 351
3 1724 1723 357
3 1725 351 346
3 1725 1724 351
3 1726 346 345
3 1726 1725 346
3 1727 345 344
3 1727 1726 345
3 1732 1786 1731
3 1783 1730 1729
3 1728 344 349
3 1728 1727 344
3 1915 1732 1731
3 1730 34 0
3 1730 1706 34
3 1984 1968 1982
3 3507 241 294
3 1728 1781 1727
3 1730 1783 1706
3 1706 1784 1783
3 1756 1703 1761
3 1772 1719 1716
3 3626 1801 1800
3 2559 1834 1833
3 1782 3510 1785
3 504 0 1915
3 1916 1917 1799
3 1983 1917 1747
3 515 516 455
3 3498 515 516
3 1862 1781 1728
3 3575 3309 3406
3 1905 1904 1851
3 1872 1819 1818
3 1742 1741 2143
3 1799 1798 1746
3 2365 2366 2358
3 1780 255 1781
3 1877 1823 1822
3 1791 1790 1736
3 1915 1741 1740
3 1798 1797 1745
3 3769 1905 1904
3 478 3497 479
3 3627 763 3659
3 1915 1743 1742
3 1758 1756 1704
3 75 1772 1764
3 1787 1733 1732
3 1758 1704 1705
3 1757 70 69
3 1757 69 1711
3 1782 1785 1729
3 241 75 1762
3 1781 1780 1727
3 1780 1779 1726
3 1756 241 1758
3 1703 1760 1708
3 1704 1756 1703
3 1760 1708 1707
3 241 1761 1756
3 3507 241 3510
3 813 179 178
3 241 2142 1762
3 1710 1762 1709
3 75 1763 1762
3 1763 1762 1710
3 3491 746 747
3 1771 1717 1718
3 75 1764 1763
3 1757 1711 1764
3 1764 1719 1757
3 1765 241 1766
3 241 1765 1758
3 1765 1758 1705
3 1766 1713 1712
3 1712 1765 1705
3 1766 1712 1765
3 1769 75 1772
3 1711 1763 1710
3 241 1767 1766
3 1767 1714 1713
3 1767 1713 1766
3 241 1768 1767
3 241 2142 1768
3 2142 1768 1709
3 1709 1768 1715
3 1768 1715 1714
3 1768 1714 1767
3 1780 1726 1727
3 77 75 1770
3 1770 1716 1717
3 75 1770 1769
3 1770 1769 1716
3 77 1771 1770
3 1771 1770 1717
3 1772 1769 1716
3 1772 1719 1764
3 1764 1763 1711
3 1761 241 3510
3 77 1775 1774
3 77 1773 1771
3 1773 1771 1718
3 1775 1722 1721
3 77 1774 1773
3 828 835 827
3 1721 1774 1720
3 1775 1721 1774
3 1774 1773 1720
3 1720 1773 1718
3 1776 1722 1723
3 77 1776 1775
3 1776 1775 1722
3 1944 1748 1747
3 1779 255 1780
3 1777 1723 1724
3 255 1777 1776
3 1777 1776 1723
3 255 1779 1778
3 1779 1778 1725
3 1779 1726 1725
3 1778 1724 1725
3 255 1778 1777
3 1778 1777 1724
3 833 3628 3543
3 3510 1786 1785
3 1786 1785 1731
3 1787 1786 1732
3 3510 1787 1786
3 1784 1759 1706
3 1759 1707 1706
3 1915 1733 1732
3 1745 1797 1744
3 1915 1731 1729
3 1916 1799 1746
3 1809 349 348
3 1809 349 1728
3 1810 348 347
3 879 884 855
3 833 834 828
3 1800 1801 1747
3 826 836 825
3 3683 3576 2349
3 1915 1737 1736
3 1755 1749 1808
3 1915 1740 1739
3 1804 1751 1750
3 2178 2169 2177
3 3610 3575 3559
3 1847 1846 1819
3 1812 347 1810
3 1862 1809 1728
3 1846 1820 1819
3 1815 347 1812
3 1870 1816 1817
3 1837 1816 1814
3 1781 255 1862
3 530 522 521
3 1842 1841 1838
3 3458 3774 3459
3 1782 1783 1729
3 3510 1782 1783
3 2618 3461 2633
3 3562 1120 424
3 2560 1833 1832
3 2555 370 1829
3 4087 3985 3984
3 3859 3769 3723
3 1834 2559 1828
3 527 525 523
3 3580 1572 3549
3 1837 1817 1816
3 1844 1836 1821
3 1845 1847 1818
3 1841 1825 1839
3 2073 2043 2044
3 3926 2637 2636
3 1844 1821 1820
3 1898 1900 1845
3 1836 1822 1821
3 3574 296 3506
3 3717 904 905
3 3509 1890 1889
3 1895 1842 1841
3 1896 1895 1842
3 1915 1742 1741
3 1845 1818 1817
3 3461 2613 2612
3 1944 1752 1748
3 3509 1889 1888
3 1879 1878 1825
3 1735 1789 1734
3 2325 2315 2318
3 1314 1315 1286
3 1905 1852 1851
3 1906 1905 1852
3 1853 1906 1852
3 3558 2314 3426
3 1871 1870 1817
3 3508 1871 1870
3 2628 2627 2622
3 3550 3539 910
3 1874 1821 1820
3 1915 1944 1744
3 530 527 522
3 1888 1889 1835
3 1746 1798 1745
3 2085 3723 2084
3 1470 1471 1466
3 1879 1825 1841
3 1833 1881 1832
3 1993 1962 1992
3 1863 1809 1810
3 255 1863 1862
3 1863 1862 1809
3 1847 1819 1818
3 1868 1815 347
3 401 256 1868
3 1868 347 401
3 1813 1814 1811
3 1847 1900 1846
3 1900 1898 3509
3 1474 1475 1473
3 1873 1874 1820
3 1879 1895 1841
3 409 368 367
3 78 76 3519
3 1873 3508 1874
3 1901 1843 1848
3 1882 1881 1833
3 1873 1872 1819
3 3508 1873 1872
3 408 367 363
3 369 410 368
3 1883 369 410
3 410 409 368
3 1908 1909 1855
3 1706 35 34
3 1908 3502 1909
3 2560 2559 1833
3 889 884 878
3 1471 1474 1466
3 1834 1882 1833
3 1884 1885 1824
3 1824 1886 1831
3 1887 1831 1832
3 3581 3246 3252
3 1875 1874 1821
3 3543 3898 3703
3 1898 1845 1837
3 1892 3819 3509
3 3819 3509 3506
3 3509 1897 1890
3 1825 1878 1823
3 836 830 825
3 525 498 497
3 827 835 826
3 1892 1891 1796
3 1894 1814 1867
3 1837 1845 1817
3 1872 1871 1818
3 1818 1871 1817
3 2181 3428 2190
3 1889 1890 1835
3 1897 1836 1844
3 1890 1836 1835
3 1897 1890 1836
3 1822 1875 1821
3 505 452 451
3 1899 1844 1846
3 1879 3508 1895
3 1899 1897 1844
3 1788 1787 1733
3 3510 1788 1787
3 2143 2141 1968
3 1915 1744 1743
3 1983 1984 1800
3 1878 3508 1879
3 3657 3769 3687
3 1744 1795 1743
3 1965 1964 1946
3 1954 1946 1953
3 1794 1793 1739
3 315 304 3600
3 1981 1979 1980
3 1484 3165 1698
3 758 576 3673
3 3673 3629 758
3 509 505 451
3 3546 509 505
3 1747 1983 1800
3 1857 1826 1910
3 1917 1944 1747
3 1913 1912 1859
3 3611 417 3638
3 3618 1494 1495
3 1855 1914 1908
3 1914 1913 1860
3 1858 1911 1854
3 1915 1736 1735
3 3628 3600 3504
3 1968 1798 1797
3 1874 3508 1875
3 1984 1798 1968
3 1944 1917 1916
3 1960 1959 1946
3 1840 1888 1839
3 1985 3626 1984
3 1917 1983 1799
3 3859 3751 3872
3 1924 2171 2166
3 3464 3553 3474
3 1915 1735 1734
3 2216 2213 2214
3 1986 1987 1918
3 1987 1918 2162
3 1985 2226 2206
3 1945 1755 1754
3 221 3507 294
3 1731 1785 1729
3 689 688 3491
3 1878 1877 1823
3 1846 1844 1820
3 3804 3703 3898
3 1915 1739 1738
3 2256 3661 2309
3 3610 3559 3407
3 1877 3508 1878
3 2344 2226 2225
3 2236 1936 3626
3 1888 1893 1839
3 3509 1888 1893
3 1944 1753 1752
3 2559 2558 1828
3 2259 2252 2251
3 2119 2052 2051
3 3865 3923 3794
3 1945 1751 1750
3 3804 3506 3898
3 1962 1751 1945
3 1956 1955 1946
3 1944 1745 1744
3 1932 1933 1931
3 2162 2161 1986
3 1946 2047 1967
3 1760 1761 1703
3 2193 2186 2185
3 2021 1850 1849
3 2562 1831 1824
3 2214 2207 2192
3 2028 1853 2027
3 2231 2216 2230
3 2025 1848 1843
3 1956 1945 1946
3 1963 1796 1751
3 2128 221 3507
3 1945 1750 1749
3 3628 833 3600
3 1945 1749 1755
3 1850 1903 1849
3 1944 1746 1745
3 1903 1902 1849
3 1962 1963 1751
3 1961 1945 1956
3 1953 1946 1950
3 2020 2019 2005
3 1966 1965 1946
3 1955 1954 1946
3 1926 1924 1921
3 1944 1753 1945
3 1964 1960 2017
3 3669 2198 2197
3 2211 2210 2219
3 1920 1924 1919
3 2166 1920 1924
3 220 219 3516
3 1944 1916 1746
3 1891 3819 1892
3 1984 3626 1800
3 1915 1738 1737
3 1930 1988 1933
3 1967 1966 1946
3 2218 2210 2209
3 522 523 495
3 1925 1926 1924
3 2172 1925 1926
3 1950 1946 1942
3 2166 2165 1920
3 3592 3572 3430
3 2210 2219 2218
3 2219 2218 2216
3 2032 1859 1858
3 2612 2611 2558
3 1958 1957 1946
3 1942 1946 1941
3 1959 1958 1946
3 1946 1943 1941
3 2001 2000 1941
3 3648 2236 3626
3 1946 1952 1943
3 2001 2005 2000
3 2358 2252 2094
3 2018 1965 1964
3 2019 2018 1965
3 1964 1960 1946
3 1961 2016 1992
3 1953 2008 1954
3 1957 1952 1946
3 2001 1942 1941
3 1993 1963 1962
3 1992 1962 1961
3 1941 2006 2000
3 2006 2000 2005
3 1959 1958 2013
3 1943 1941 2006
3 1934 1935 1930
3 2235 1934 1935
3 2008 2005 2007
3 2008 1953 2007
3 2002 2001 1942
3 2007 1953 1950
3 1950 2002 1942
3 2007 1950 2002
3 2014 1956 2016
3 2009 1955 1954
3 2009 1954 2008
3 1943 2010 2006
3 2010 1952 1943
3 1957 1952 2011
3 1952 2011 2010
3 1958 1957 2012
3 1957 2012 2011
3 1958 2013 2012
3 1748 1801 1747
3 2015 1960 1959
3 1947 1989 1940
3 1955 2014 1956
3 2009 1955 2014
3 1956 2016 1961
3 2019 1965 1966
3 2013 2015 1959
3 1960 2017 2015
3 3286 3294 3287
3 1911 1907 1854
3 2017 2018 1964
3 2077 1993 1963
3 2080 2081 2027
3 668 667 3492
3 667 3492 727
3 2027 1853 1852
3 2030 1851 2023
3 2023 1850 2022
3 1851 1904 1850
3 1802 1808 1749
3 1836 1835 1822
3 2024 1796 1963
3 2300 3687 3565
3 3588 2485 3658
3 2029 1854 1853
3 1901 1896 1843
3 2014 2016 2004
3 2035 1860 2034
3 2025 2026 1848
3 2078 2024 2025
3 1593 1594 1586
3 2438 2427 2437
3 2010 2006 2005
3 2252 2090 2091
3 2099 2358 2098
3 3736 3040 3039
3 1948 1949 1947
3 2796 2794 2073
3 2390 2391 2382
3 2013 2012 2005
3 2073 2044 2045
3 2073 2042 2043
3 2101 2020 2005
3 2580 1857 1856
3 2020 1967 1966
3 2101 2020 1967
3 2019 2020 1966
3 3723 3657 2081
3 1972 1973 1971
3 1684 1630 3589
3 1020 1022 1019
3 2119 2054 2053
3 2081 3657 2080
3 2127 2111 2110
3 2988 2574 2626
3 2780 2583 2582
3 2228 2216 2227
3 2209 2218 2217
3 2218 2217 2216
3 2609 2556 2555
3 2024 2077 1963
3 2078 2024 2077
3 2561 2560 1832
3 1971 1973 1970
3 2468 2282 2281
3 2046 2073 2045
3 3637 2843 2844
3 2087 2088 2034
3 3723 2087 2088
3 1938 2079 2078
3 2074 2021 2079
3 2021 2079 2026
3 2079 2026 2025
3 2079 2025 2078
3 2028 2081 2027
3 2347 2321 2320
3 2434 2432 2433
3 3769 1906 1905
3 3824 3628 3504
3 1849 1902 1848
3 2082 2029 2028
3 3657 2083 2080
3 2024 2025 1843
3 2023 2083 2076
3 3423 2364 3601
3 829 833 828
3 2030 2023 2083
3 2083 2080 2027
3 1843 1842 1796
3 2074 2075 2021
3 2023 1851 1850
3 2021 2022 1850
3 2085 2032 2031
3 2085 2031 2084
3 2086 2032 2085
3 2024 1843 1796
3 2092 2039 2038
3 1315 1312 1286
3 3551 1315 1312
3 2281 2280 2274
3 2091 2038 2037
3 2094 2252 2093
3 2037 2090 2036
3 2091 2037 2090
3 1998 2004 1997
3 2110 2106 2052
3 2127 2110 2106
3 2191 2190 2184
3 2094 2093 2040
3 2041 2094 2040
3 2358 2099 2100
3 2119 2049 2050
3 2087 2034 2033
3 2170 2171 2166
3 2093 2040 2039
3 2119 2065 2064
3 1314 1289 1288
3 2119 2064 2063
3 2127 2113 2112
3 2127 2100 2123
3 2100 2068 2069
3 2282 2281 2274
3 2092 2093 2039
3 2252 2092 2093
3 2047 1967 2101
3 2102 2048 2047
3 2102 2047 2101
3 2004 2016 1992
3 2225 2226 2206
3 2104 2049 2050
3 2102 2005 2103
3 2103 2048 2102
3 2103 2049 2048
3 2103 2005 2104
3 2104 2049 2103
3 2105 2051 2050
3 2104 2105 2050
3 2233 2225 2224
3 2225 2224 3427
3 2059 2113 2058
3 2107 2108 2053
3 2053 2113 2107
3 2119 2058 2057
3 2113 2112 2058
3 1759 1760 1707
3 3510 1759 1760
3 2193 2191 2185
3 1935 1936 1930
3 2231 2223 2222
3 2119 2057 2056
3 2057 2111 2056
3 2110 2056 2052
3 2111 2110 2056
3 2058 2112 2057
3 2119 2056 2052
3 2111 2112 2057
3 2059 2053 2113
3 2108 2054 2053
3 2066 2114 2065
3 1924 1936 1918
3 2114 2066 2060
3 2063 2117 2055
3 2052 2106 2051
3 2048 2047 1946
3 2060 2116 2061
3 2115 2060 2116
3 2109 2055 2054
3 2108 2109 2054
3 2119 2059 2058
3 2117 2109 2055
3 2117 2063 2118
3 1985 2206 1984
3 2119 2051 2050
3 2115 2114 2060
3 2106 2105 2051
3 2127 2122 2121
3 2121 2072 2067
3 2091 2092 2038
3 2252 2091 2092
3 2072 2121 2071
3 2119 2055 2054
3 2127 2124 2116
3 2064 2120 2065
3 2120 2065 2114
3 2118 2064 2120
3 2119 2063 2055
3 2064 2118 2063
3 2099 2098 2045
3 2122 2121 2067
3 2123 2068 2100
3 2100 2099 2046
3 2123 2067 2068
3 2123 2122 2067
3 2079 2074 1938
3 2100 2069 2046
3 2119 2062 2061
3 2116 2061 2124
3 2124 2062 2125
3 2062 2124 2061
3 2070 2126 2071
3 2126 2071 2121
3 2125 2070 2126
3 2070 2125 2062
3 1968 1794 1793
3 1930 1924 1921
3 1945 1754 1753
3 2449 2454 2448
3 2128 221 2181
3 221 2181 667
3 1968 1797 1795
3 1975 1977 1973
3 2146 2147 1968
3 2215 2214 2207
3 1759 3510 1784
3 1736 1790 1735
3 1969 1968 2147
3 1729 1730 0
3 2145 1968 1795
3 1794 1740 1739
3 1740 2141 1794
3 2141 1794 1968
3 1762 1709 2142
3 2141 1741 1740
3 2143 2141 1741
3 2145 1743 1795
3 2145 2143 1968
3 2146 2128 2129
3 1981 2159 1980
3 2145 1742 1743
3 2145 2143 1742
3 1790 1789 1735
3 3510 1790 1789
3 2146 2130 2131
3 1915 1729 0
3 1784 1783 3510
3 1915 1734 1733
3 1979 1981 1978
3 1978 1981 1973
3 2137 2147 2136
3 1971 2199 1972
3 2197 2205 2144
3 1970 1973 1969
3 1969 2148 2147
3 2148 1970 1969
3 1969 1973 1968
3 2150 1972 2199
3 3624 2177 3558
3 2150 2151 1973
3 1974 1975 1973
3 1976 1977 1975
3 1880 1910 1826
3 3502 1880 1910
3 2151 1974 1973
3 1975 2152 1974
3 2155 2153 1976
3 3617 3552 3142
3 2208 2217 2215
3 2217 2215 2216
3 1984 1983 1799
3 2220 2212 2228
3 1977 1976 2155
3 1936 1986 1918
3 1977 1978 1973
3 1978 1977 2156
3 1977 2156 2155
3 2160 2159 1981
3 1979 1978 2157
3 1981 1982 1973
3 2160 1981 1982
3 1973 1982 1968
3 2156 2157 1978
3 3530 2234 2255
3 1985 1986 1936
3 2130 2146 2129
3 2129 2183 2130
3 1919 2164 1918
3 1919 1924 1918
3 1930 1936 1924
3 3624 3558 3426
3 1923 1931 1921
3 1929 1933 1928
3 2167 2168 1921
3 2185 2191 2184
3 2171 1925 1924
3 2172 2171 1925
3 1922 1923 1921
3 2169 1922 1923
3 2168 1922 1921
3 2169 2168 1922
3 1926 1927 1921
3 89 3516 220
3 3631 2206 3534
3 2178 2169 1923
3 1931 1923 2178
3 90 3556 3516
3 3558 2177 3620
3 2231 2216 2232
3 2232 2223 2231
3 1949 1989 1947
3 835 836 826
3 2137 2200 2136
3 2170 2166 2165
3 1988 1933 1929
3 1931 1933 1921
3 1940 2004 1938
3 1933 1930 1921
3 1761 1760 3510
3 1789 1788 1734
3 3510 1789 1788
3 2182 2129 2128
3 2182 2128 2181
3 2213 2214 2192
3 2153 2152 1975
3 2237 1930 2238
3 2188 3428 2189
3 2147 2146 2131
3 3428 2196 2200
3 3302 3575 3559
3 2189 3428 2194
3 1984 1799 1798
3 1985 1936 3626
3 2160 3740 3430
3 1997 2004 1989
3 2152 2151 1974
3 1976 2153 1975
3 2198 2151 2150
3 3428 2196 2195
3 3428 2205 2204
3 3428 2195 2194
3 3427 2224 2184
3 2132 2147 2131
3 2131 2188 2132
3 2187 2131 2188
3 2157 2156 2154
3 2133 2147 2132
3 2132 2189 2133
3 2188 2132 2189
3 2002 2005 2001
3 3401 3373 3324
3 2184 3427 2205
3 2213 2193 2186
3 2216 2213 2193
3 2232 2223 2224
3 2192 2213 2186
3 2216 2214 2215
3 2208 2215 2207
3 2134 2147 2133
3 2133 2194 2134
3 2189 2133 2194
3 2148 2147 2144
3 2135 2147 2134
3 2134 2195 2135
3 2194 2134 2195
3 3428 2202 2201
3 3428 2202 2203
3 2205 2184 3428
3 3428 2200 2201
3 2136 2147 2135
3 2135 2196 2136
3 2195 2135 2196
3 1973 2150 1972
3 2224 2223 2184
3 2149 1971 2199
3 2197 2148 2144
3 2149 2148 1970
3 1971 2149 1970
3 3669 3517 2205
3 2196 2136 2200
3 2201 2138 2202
3 2140 2147 2139
3 2139 2203 2140
3 3428 2203 2204
3 2144 2147 2140
3 2140 2204 2144
3 2139 2147 2138
3 2138 2202 2139
3 2138 2147 2137
3 2137 2201 2138
3 2200 2137 2201
3 2202 2139 2203
3 2203 2140 2204
3 2204 2144 2205
3 2164 2163 1918
3 1986 2226 1985
3 2198 2154 2153
3 2198 2152 2151
3 2183 2182 2129
3 3428 2183 2182
3 2154 2155 2153
3 2190 2184 3428
3 2229 2216 2230
3 2230 2221 2229
3 2217 2208 2209
3 2198 3669 3517
3 2158 2157 1979
3 2230 2222 2221
3 2231 2230 2222
3 1980 2158 1979
3 1805 1801 1748
3 2127 2126 2125
3 2199 2198 2150
3 2216 2191 2193
3 2227 2216 2219
3 2073 2068 2067
3 1937 1934 1930
3 504 2216 1915
3 2216 2190 2191
3 2187 2183 2130
3 3428 2187 2183
3 2131 2187 2130
3 2187 3428 2188
3 2102 2101 2005
3 2113 2127 2107
3 3517 2154 3427
3 2223 2222 2221
3 2251 2282 2258
3 3517 3427 2205
3 2192 2185 2184
3 2227 2228 2212
3 3428 2182 2181
3 2154 3517 2198
3 2206 3427 2225
3 2198 2153 2152
3 2228 2216 2229
3 2229 2220 2228
3 2229 2220 2221
3 2156 2155 2154
3 3430 2206 3427
3 2082 2084 2029
3 2227 2212 2211
3 2219 2227 2211
3 2192 2221 2184
3 1993 2004 1992
3 2003 2004 1998
3 2363 2003 2004
3 2030 1852 1851
3 2221 2223 2184
3 3574 303 829
3 2172 2171 2170
3 2234 2238 1934
3 2235 2234 1934
3 2336 2329 2330
3 2361 1999 1998
3 2337 2330 2331
3 3661 2256 2301
3 2127 2115 2114
3 2238 1937 1934
3 2161 2226 1986
3 2468 2281 2280
3 2445 1946 2443
3 2364 2363 2004
3 2225 2395 2233
3 2395 2233 2394
3 527 526 525
3 1315 1314 3551
3 2249 1830 1876
3 2249 2248 1830
3 2611 3461 2612
3 2558 2557 1828
3 2249 1829 2247
3 1828 2250 2248
3 1827 1884 1826
3 2089 2090 2036
3 2252 2089 2090
3 2089 2036 2035
3 1912 1911 1858
3 2088 2035 2034
3 2088 2089 2035
3 2252 2088 2089
3 2086 2033 2032
3 1468 1473 1467
3 2083 3657 2076
3 1841 1839 1838
3 1937 2238 1930
3 2237 2176 1930
3 2180 1933 1928
3 2429 2422 2423
3 2176 2175 1929
3 2175 2174 1928
3 2176 1988 1930
3 685 684 3491
3 1929 2175 1928
3 1988 2176 1929
3 3556 3491 3516
3 2174 2180 1928
3 2260 2174 2180
3 2255 2253 2254
3 2367 2319 2317
3 2264 2262 2261
3 2008 2009 2005
3 1987 2162 1986
3 2425 2385 2382
3 2177 2169 2168
3 1996 2359 2356
3 3769 3657 3723
3 2255 2237 2176
3 2005 2009 2004
3 2004 2364 2005
3 1951 1989 1949
3 2244 2267 2239
3 2238 2255 2234
3 2271 2266 2267
3 2271 2267 2262
3 2271 2262 2269
3 1996 1997 1994
3 2359 1996 1997
3 2270 2271 2269
3 2072 2073 2067
3 2344 2225 2395
3 2119 2061 2060
3 2097 2098 2044
3 1946 2445 2119
3 2097 2044 2043
3 2069 2073 2046
3 2367 2317 2316
3 1524 857 3474
3 2127 2120 2118
3 1990 1991 1989
3 2335 2334 2328
3 2274 2275 2251
3 2275 2251 2282
3 2282 2274 2275
3 2096 2043 2042
3 2119 2066 2065
3 2279 2274 2278
3 2127 2112 2111
3 2015 2013 2005
3 2096 2097 2043
3 2119 2072 2071
3 2099 2046 2045
3 2365 3520 2366
3 2095 2042 2041
3 2286 2278 2280
3 2105 2104 2005
3 2098 2358 2097
3 2086 2087 2033
3 3723 2086 2087
3 1410 3550 1411
3 2017 2015 2005
3 1936 2236 1935
3 2066 2119 2060
3 2098 2045 2044
3 2127 2108 2107
3 2420 2421 2367
3 2095 2096 2042
3 2094 2095 2041
3 2358 2094 2095
3 2011 2010 2005
3 1904 1903 1850
3 3671 3584 3477
3 1307 3579 1306
3 2241 2242 2240
3 2242 2246 2240
3 2246 2240 2297
3 2255 2261 2253
3 2127 2358 2100
3 2253 2246 2242
3 2242 2294 2253
3 2261 2267 2253
3 3134 3098 3097
3 2290 2291 2266
3 2243 2244 2239
3 2288 2243 2239
3 2419 2406 2405
3 2255 2175 2174
3 2012 2011 2005
3 2262 2267 2261
3 2236 2235 1935
3 3530 2236 2235
3 2246 2267 2244
3 2253 2267 2246
3 2030 2083 2027
3 2255 2176 2175
3 2260 2261 2255
3 2391 2442 2390
3 1897 3509 1899
3 2177 2168 2167
3 690 689 3491
3 2260 2255 2174
3 2414 2413 2347
3 2438 2386 2387
3 2126 2127 2121
3 2245 2246 2244
3 2297 2245 2246
3 3530 2307 2255
3 2354 2284 2283
3 2325 2324 2315
3 2297 2240 2298
3 2363 3601 3557
3 2305 2306 2304
3 2296 2289 2244
3 2242 2293 2241
3 2127 2123 2122
3 1993 2077 1938
3 2077 2078 1938
3 3425 2414 2347
3 2255 2238 2237
3 1940 2306 2302
3 2306 2302 2256
3 2366 2364 2127
3 2004 1993 1938
3 2300 2301 1938
3 1939 1940 1938
3 2302 1939 1940
3 2301 1939 1938
3 2302 2301 1939
3 2312 2311 2303
3 3671 2312 2311
3 1947 1940 2306
3 2428 2411 2419
3 2290 2271 2266
3 2300 3661 2301
3 2304 2306 2303
3 2303 2312 2304
3 2294 2293 2242
3 2271 2290 2270
3 2303 2306 2257
3 2257 2311 2303
3 2306 2256 2257
3 2245 2296 2244
3 2323 2347 2320
3 3640 3422 3557
3 2316 2314 2260
3 2367 2316 2314
3 2302 2301 2256
3 1999 2003 1998
3 2362 1999 2003
3 2563 2562 1824
3 2354 3576 2357
3 2338 2337 2331
3 2127 2105 2005
3 2005 2364 2127
3 2318 2306 2315
3 2316 2317 2261
3 2267 2292 2266
3 2263 2264 2261
3 2317 2263 2261
3 2319 2317 2263
3 3829 3435 3940
3 2320 2262 2321
3 2334 2326 2328
3 2322 2270 2290
3 2269 2321 2262
3 2262 2323 2320
3 2264 2265 2262
3 2265 2262 2323
3 2323 2319 2264
3 2326 3584 2334
3 2315 2306 2305
3 2305 2324 2315
3 2292 2267 2239
3 2289 2288 2243
3 2292 2291 2266
3 3425 2292 2291
3 2244 2289 2243
3 3324 3170 3373
3 2165 2164 1919
3 3429 2165 2164
3 2310 2309 2256
3 2394 1944 1915
3 2322 2321 2269
3 2327 2326 2318
3 2328 2326 2327
3 2327 2306 2318
3 2270 2322 2269
3 2127 2109 2108
3 3424 2340 2339
3 2328 2306 2327
3 2329 2306 2328
3 2334 3584 3424
3 2330 2306 2329
3 2331 2306 2330
3 3170 3373 3175
3 1948 2308 1947
3 2308 2306 1947
3 2332 2308 2306
3 2332 2306 2331
3 2333 2308 2332
3 2019 2018 2005
3 2247 1829 370
3 1961 1962 1945
3 2097 2358 2096
3 1991 2283 1990
3 2127 2106 2105
3 2018 2017 2005
3 1990 2277 1989
3 2340 2339 2333
3 2283 2277 1990
3 2341 2308 2333
3 2342 2308 2341
3 3683 2349 2343
3 2268 2308 1948
3 2343 2268 2308
3 2343 2308 2342
3 1949 2268 1948
3 2261 2316 2260
3 2007 2005 2002
3 2358 2366 2127
3 2322 2290 3425
3 2443 2440 2441
3 3425 2322 2347
3 2436 2398 2397
3 2265 2323 2264
3 2324 3584 2325
3 2341 2340 2333
3 2333 2339 2332
3 3504 3503 3600
3 2343 2349 2342
3 4008 4143 4031
3 2349 2348 2342
3 2382 2340 3424
3 2342 2348 2340
3 2348 2340 2382
3 2341 2342 2340
3 2264 2319 2263
3 2277 2273 1989
3 1927 2173 1926
3 3683 2354 3576
3 1994 2355 2284
3 2355 2284 2354
3 1995 1996 1994
3 2355 1995 1994
3 1989 2004 1940
3 2433 2425 2432
3 2394 1944 2423
3 1991 1997 1989
3 2357 2355 2354
3 2356 2355 1995
3 2357 2356 2355
3 1996 2356 1995
3 2127 2116 2115
3 2453 2449 2448
3 2358 2274 2251
3 2127 2117 2109
3 2283 2284 1991
3 2096 2358 2095
3 1994 1997 1991
3 2284 1994 1991
3 2009 2014 2004
3 2119 2070 2062
3 2336 2335 2329
3 2120 2127 2114
3 2119 2048 1946
3 2127 2125 2124
3 2360 1998 1997
3 2252 2358 2251
3 2233 2232 2224
3 2394 2233 2232
3 2127 2118 2117
3 3424 2336 2335
3 3557 2361 3422
3 2370 2353 2367
3 2443 2440 2439
3 2394 2216 2232
3 3516 678 3491
3 3293 3286 3294
3 3424 2338 2337
3 2216 1915 2394
3 114 113 3614
3 3614 3479 114
3 2381 2345 2346
3 2381 2346 2351
3 2368 2421 2367
3 2379 2373 2378
3 2381 2351 2353
3 2381 2353 2378
3 2381 2378 2373
3 2381 2373 2375
3 2381 2375 2380
3 2299 2298 2240
3 2396 2379 2373
3 2119 2049 2048
3 1933 2180 1932
3 2362 2361 1999
3 2438 2427 2426
3 2354 2283 2277
3 2180 2179 1932
3 1932 1931 2179
3 3576 2357 3423
3 1900 1847 1845
3 2435 2432 2399
3 2430 2412 2428
3 3477 2382 3424
3 1877 1875 1822
3 3508 1877 1875
3 2075 2022 2021
3 1900 1899 1846
3 3509 1900 1899
3 3578 1306 3646
3 3575 3309 3302
3 2431 2432 2425
3 2392 2366 2364
3 2436 2398 2435
3 2419 2411 2410
3 2371 2376 2370
3 2367 2347 2319
3 2324 2313 2305
3 3584 2324 2313
3 2119 2073 2072
3 2416 2417 2383
3 2376 2371 2369
3 2369 2397 2376
3 2429 2371 2426
3 2422 2370 2429
3 2371 2372 2369
3 2430 2404 2428
3 2431 2396 2403
3 2379 2396 2378
3 2435 2434 2432
3 2397 2398 2376
3 2426 2427 2369
3 2376 2378 2370
3 2377 2378 2376
3 2398 2377 2376
3 2370 2378 2353
3 2423 2420 2421
3 3477 2413 2414
3 2416 2383 2382
3 1938 3657 2300
3 1839 1893 1838
3 2439 2429 2426
3 2443 2423 2429
3 2441 2389 2390
3 1888 1840 1835
3 3940 3884 3435
3 1938 3657 2074
3 2401 2400 2345
3 2417 2401 2400
3 2431 2403 2430
3 3477 2415 2382
3 829 3543 833
3 1871 3508 1872
3 1820 1873 1819
3 2367 2353 2347
3 2427 2397 2369
3 2081 2082 2028
3 1931 2179 2178
3 2347 2323 2319
3 2418 2406 2400
3 2364 3423 2392
3 2371 2370 2429
3 2287 2292 2239
3 2413 2409 2352
3 2415 2413 2409
3 2329 2335 2328
3 2396 2373 2403
3 2443 2441 2442
3 2455 2453 2449
3 2439 2388 2387
3 2378 2399 2377
3 2426 2372 2369
3 2423 2394 2395
3 2443 1946 1945
3 2385 2390 2382
3 1857 1910 1856
3 2119 2445 2073
3 1796 1891 1751
3 3610 3406 3575
3 2374 2375 2373
3 2405 2404 2374
3 1883 370 369
3 2431 2424 2425
3 2399 2398 2377
3 2435 2399 2398
3 2437 2386 2385
3 2438 2437 2386
3 2436 2385 2435
3 2375 2405 2374
3 2425 2411 2382
3 2406 2380 2400
3 2405 2375 2406
3 2441 2440 2389
3 2374 2404 2373
3 2436 2437 2385
3 2387 2386 2385
3 2390 2387 2385
3 2382 2349 2348
3 2437 2436 2397
3 2292 2287 3425
3 2428 2404 2405
3 2416 2382 2415
3 2407 2402 2346
3 2415 2407 2402
3 3477 2413 2415
3 2382 2391 2349
3 2396 2399 2378
3 2432 2396 2399
3 2368 2370 2367
3 2422 2368 2370
3 2332 2338 2331
3 2347 2322 2321
3 2357 2359 2356
3 2423 1945 2443
3 2350 2351 2346
3 2408 2350 2351
3 2408 2407 2350
3 2415 2408 2407
3 2290 3425 2291
3 2445 2444 2443
3 2428 2405 2419
3 2437 2427 2397
3 2353 2413 2347
3 2425 2434 2385
3 2434 2385 2435
3 2337 2336 2330
3 3424 2337 2336
3 2311 2310 2257
3 2350 2407 2346
3 2418 2384 2410
3 2417 2384 2383
3 2418 2417 2384
3 2417 2416 2401
3 2352 2353 2351
3 2339 2338 2332
3 3424 2339 2338
3 2409 2408 2351
3 3424 2335 2334
3 2439 2440 2388
3 2419 2418 2406
3 2404 2403 2373
3 2428 2412 2411
3 2402 2401 2345
3 2416 2402 2401
3 663 453 3519
3 2419 2410 2418
3 2346 2402 2345
3 2430 2424 2412
3 2431 2430 2424
3 2400 2381 2345
3 2416 2402 2415
3 2353 2413 2352
3 2430 2403 2404
3 2352 2409 2351
3 2438 2439 2387
3 2084 3723 2082
3 2026 1849 1848
3 2432 2396 2431
3 2380 2406 2375
3 2423 1945 1944
3 2422 2421 2368
3 2423 2422 2421
3 2415 2408 2409
3 2288 2287 2239
3 3425 2288 2287
3 2439 2426 2438
3 2442 2441 2390
3 2372 2426 2371
3 2443 2429 2439
3 2389 2440 2388
3 2381 2400 2380
3 2418 2417 2400
3 2451 2278 2274
3 3623 3520 3421
3 2073 2069 2068
3 2454 2452 2448
3 2278 2454 2276
3 2451 2452 2278
3 2452 2454 2278
3 2358 2451 2274
3 2448 2452 2447
3 3623 2482 3420
3 2276 2461 2285
3 2454 2460 2276
3 2608 2607 2554
3 2453 2459 2448
3 2459 2458 2447
3 2483 2459 2458
3 2179 2260 2180
3 2448 2459 2447
3 2456 2481 2450
3 2481 2480 2450
3 2482 2481 2480
3 3588 2483 3692
3 1989 2273 1951
3 2282 2468 2258
3 2280 2279 2274
3 2279 2280 2278
3 2469 2286 2462
3 2472 2466 2286
3 3692 3420 3588
3 2119 2071 2070
3 3520 2365 3537
3 3658 2484 2485
3 2477 3537 2478
3 3537 2477 2365
3 2474 2475 2473
3 2480 2474 2475
3 2476 2473 2358
3 2365 2477 2358
3 2478 2477 2473
3 2473 2451 2358
3 2456 2451 2450
3 2393 2366 3420
3 2480 2479 2474
3 2482 2480 2479
3 2451 2475 2450
3 2475 2450 2480
3 2473 2475 2451
3 2478 3537 3421
3 2474 2479 2473
3 2454 2455 2449
3 2272 2268 1949
3 2461 2460 2276
3 1951 2272 1949
3 2481 2482 2456
3 3692 2482 3420
3 2459 2483 2453
3 3419 2501 2500
3 2553 2537 2538
3 2632 2631 2577
3 2286 2285 2276
3 2278 2286 2276
3 2486 2487 2286
3 2491 2286 2490
3 2492 2486 2286
3 2484 2489 2285
3 2489 2286 2285
3 1884 3502 1885
3 2467 2468 2286
3 3520 3420 2366
3 2494 2463 2286
3 2489 2490 2286
3 2509 3419 2510
3 3203 3260 3200
3 3525 3203 3260
3 2464 2465 2286
3 2487 2488 2286
3 2501 2487 2488
3 2501 2500 2487
3 2488 2494 2286
3 2491 2492 2286
3 2521 3419 2522
3 2469 2470 2286
3 2841 2788 2787
3 2470 2471 2286
3 2508 2470 2471
3 2471 2472 2286
3 1856 1909 1855
3 2465 2462 2286
3 2463 2464 2286
3 2510 2509 2463
3 2784 2038 2783
3 2494 2502 2488
3 2466 2467 2286
3 2515 2466 2467
3 1907 1906 1853
3 3859 1907 1906
3 2504 2492 2486
3 2505 2504 2486
3 2521 2505 2504
3 2504 2503 2491
3 2521 2504 2503
3 2492 2504 2491
3 2503 2495 2490
3 2521 2503 2495
3 2491 2503 2490
3 2614 2613 2560
3 2286 2468 2280
3 2495 2493 2489
3 2521 2495 2493
3 2490 2495 2489
3 2493 2485 2484
3 2521 2493 2485
3 2489 2493 2484
3 2521 2485 2496
3 2521 2496 2519
3 2530 2446 2445
3 2530 2445 2553
3 2619 3545 3455
3 2553 2532 2530
3 2518 2519 2517
3 2498 2519 2496
3 2499 2519 2498
3 2517 2519 2516
3 2535 2534 2529
3 2249 1876 1829
3 2446 2530 2393
3 2530 2496 2393
3 2479 2478 2473
3 3421 2479 2478
3 2553 2073 2445
3 2553 2536 2532
3 2553 2539 2533
3 2553 2551 2552
3 3637 2833 2834
3 2497 2498 2496
3 2536 2497 2498
3 2532 2497 2496
3 2536 2532 2497
3 2530 2532 2496
3 2528 2531 2527
3 2531 2528 2499
3 2531 2499 2498
3 2498 2537 2531
3 2499 2539 2533
3 2527 2539 2528
3 2537 2538 2527
3 2538 2527 2539
3 2553 2551 2550
3 2543 2535 2529
3 2541 2519 2540
3 3562 3722 3611
3 2543 2499 2529
3 2543 2540 2499
3 2544 2543 2535
3 2545 2540 2543
3 2545 2543 2544
3 1093 1094 368
3 2534 2533 2499
3 2553 2534 2533
3 2537 2536 2498
3 2553 2537 2536
3 2540 2519 2499
3 2539 2528 2499
3 2553 2534 2535
3 2519 2541 2516
3 2553 2538 2539
3 2541 2542 2516
3 2537 2531 2527
3 581 580 554
3 2550 2535 2553
3 2551 2544 2545
3 2550 2544 2535
3 2551 2550 2544
3 2556 370 2555
3 2610 2557 2554
3 2611 2610 2557
3 2529 2534 2499
3 2545 2546 2540
3 2552 2545 2546
3 2552 2551 2545
3 2564 1827 1826
3 2159 2158 1980
3 3592 2159 2158
3 3612 3042 3582
3 2609 2555 2608
3 2610 2607 2554
3 3638 3501 3502
3 2615 2614 2561
3 3461 2615 2614
3 296 3574 302
3 3574 302 303
3 2982 3455 2989
3 2627 1206 2628
3 580 3597 581
3 3661 3565 2309
3 1100 1099 1093
3 1099 1093 2609
3 3006 2820 3637
3 2616 2615 2562
3 3461 2616 2615
3 1028 2680 1029
3 2562 2561 1831
3 2613 2612 2559
3 1881 3502 1882
3 2037 2038 1856
3 1479 3444 1477
3 1094 1100 1093
3 2032 2033 1859
3 1474 1468 1466
3 2614 2561 2560
3 1830 2248 1828
3 1205 2987 2986
3 2987 2986 2569
3 1093 2609 2556
3 1473 1475 1472
3 2613 2559 2560
3 1022 1044 1019
3 2076 2023 2022
3 3652 3454 3453
3 3456 3739 3536
3 2598 2568 2567
3 3477 3424 3584
3 2599 2601 2576
3 3069 3587 3070
3 2738 3452 2739
3 2627 1206 3094
3 2250 2248 3638
3 2598 2599 2568
3 3635 2841 2845
3 2607 3863 2610
3 2608 2607 3863
3 2559 2612 2558
3 2075 2076 2022
3 3657 2075 2076
3 1474 1471 1469
3 3549 1572 1573
3 1884 1827 1824
3 2616 2563 2562
3 3628 3477 3543
3 2617 2616 2563
3 3461 2617 2616
3 2564 2617 2563
3 2835 2782 2781
3 1910 1909 1856
3 3502 1910 1909
3 961 2665 2660
3 2660 960 961
3 2664 1107 2663
3 2621 1109 1110
3 2621 1110 2620
3 2663 1108 1107
3 1186 1184 896
3 2622 1108 1109
3 2622 1109 2621
3 2684 1031 997
3 2477 2476 2473
3 2625 1113 2624
3 2624 1113 1115
3 2624 1115 2579
3 2625 1111 1113
3 2625 2620 1111
3 3859 1911 1907
3 1116 1115 2986
3 2986 1205 1116
3 1115 2986 2569
3 2714 1019 2715
3 1020 2723 1222
3 3542 1208 3682
3 2713 1019 2718
3 2718 2660 2713
3 2656 2600 2603
3 2602 2577 2575
3 3098 3097 2765
3 2629 2981 2570
3 2036 2037 1855
3 3536 3542 1592
3 2618 2565 2564
3 2633 2618 2565
3 3562 3580 1572
3 3723 2259 2252
3 2618 2617 2564
3 3461 2618 2617
3 3493 832 823
3 2084 2031 2029
3 884 3553 889
3 2633 2634 2580
3 2635 2581 2582
3 2634 2581 2580
3 2635 2634 2581
3 2633 3461 2634
3 2561 1832 1831
3 3872 3789 3751
3 1886 1885 1824
3 2809 2808 2796
3 1887 1886 1831
3 3502 1887 1886
3 2636 2582 2583
3 2637 2583 2584
3 2637 2636 2583
3 863 862 3613
3 3691 3315 3595
3 2483 2455 2453
3 1914 1861 1855
3 3764 1235 3636
3 2647 2606 2595
3 3451 3545 3455
3 3634 3032 3585
3 3538 3518 3429
3 2587 2983 2588
3 2575 2577 2573
3 3429 2164 2163
3 2629 3455 2981
3 2654 2600 2598
3 2656 2654 2600
3 3537 3520 3421
3 3542 1592 1262
3 1044 3589 3434
3 986 2666 987
3 1020 1019 2715
3 2663 2622 2628
3 2575 2626 2574
3 2991 2990 2568
3 2647 2595 2594
3 2604 2657 2603
3 2655 2630 2601
3 2631 2630 2577
3 2599 2653 2598
3 2989 3455 2990
3 2619 2595 2566
3 2683 2684 997
3 2572 2982 2571
3 2982 2981 2571
3 3455 2982 2981
3 2659 2658 2605
3 3454 2659 2658
3 2664 957 1107
3 1037 896 892
3 892 896 891
3 2664 962 957
3 2661 984 983
3 2661 983 2660
3 2670 992 991
3 1221 1222 1220
3 2669 991 2670
3 1212 1214 1206
3 2716 1019 2717
3 1186 1187 1184
3 1209 1210 1186
3 1214 1215 1209
3 1207 1212 1206
3 1213 1214 1212
3 1184 1187 1183
3 2665 2664 962
3 2663 2664 2628
3 2671 993 2670
3 1194 1218 1053
3 1053 1218 1038
3 2713 1019 2714
3 1217 1218 1216
3 1216 1218 1194
3 1219 1220 1218
3 2669 991 990
3 2669 990 2668
3 2672 999 995
3 2668 990 989
3 2667 988 987
3 2667 987 2666
3 1042 1053 1041
3 1185 1188 1053
3 1195 1216 1194
3 2668 989 988
3 2668 988 2667
3 1211 1216 1195
3 2672 2679 2671
3 2724 2672 2679
3 2724 2672 2673
3 2672 995 994
3 2671 994 2672
3 999 2673 1000
3 2672 999 2673
3 1001 2674 1002
3 1000 2674 1001
3 2673 1000 2674
3 1002 2675 1013
3 2674 1002 2675
3 1014 2676 1021
3 1013 2676 1014
3 2675 1013 2676
3 1021 2677 1026
3 2676 1021 2677
3 1026 2678 1027
3 2677 1026 2678
3 2680 1028 1027
3 2680 1027 2678
3 1312 1287 1286
3 2681 1034 1029
3 2681 1029 2680
3 2682 1036 1034
3 2682 1034 2681
3 3211 2957 2956
3 1036 996 2683
3 2682 1036 2683
3 2714 2662 2661
3 2661 2713 2660
3 2714 2661 2713
3 2685 1031 2684
3 3426 2344 2226
3 2226 3538 3426
3 2771 2073 2770
3 3637 2820 2837
3 2845 2841 2788
3 2988 2626 3455
3 2592 2645 2591
3 3679 3580 3789
3 2879 2877 2876
3 3298 2073 2553
3 2708 2893 2685
3 2893 2693 2692
3 2683 997 996
3 2691 2745 2690
3 1481 3444 1480
3 2918 2905 2901
3 2723 2670 2722
3 3420 2496 2393
3 2712 2732 2711
3 2918 2906 2905
3 3374 3175 3176
3 2893 2708 2707
3 3452 2755 2754
3 2730 2731 2680
3 3452 2730 2731
3 2735 2684 2683
3 2956 2868 2815
3 2739 2738 2685
3 2755 2711 2732
3 2717 1019 2718
3 2722 1020 2723
3 2719 2667 2666
3 1020 2719 2715
3 2719 2715 2666
3 599 602 583
3 602 583 3597
3 1444 1471 1443
3 2660 2718 2717
3 1581 1595 1580
3 2717 2664 2665
3 1019 2716 1206
3 1206 2716 2628
3 2664 2716 2628
3 2717 2664 2716
3 2660 2717 2665
3 3589 1600 1599
3 1423 3434 1597
3 2723 2671 2670
3 1020 2720 2719
3 3589 1601 1600
3 1020 2721 2720
3 2679 1222 2723
3 2723 2671 2679
3 2721 2720 2668
3 2722 2670 2669
3 2669 2721 2668
3 2722 2669 2721
3 2668 2720 2667
3 2720 2719 2667
3 2730 2680 2678
3 2679 1222 2724
3 2725 2673 2674
3 1222 2725 2724
3 2725 2724 2673
3 2726 2674 2675
3 1222 2726 2725
3 2726 2725 2674
3 1222 2727 2726
3 2727 2726 2675
3 2676 2727 2675
3 2728 2676 2677
3 1222 2728 2727
3 2728 2727 2676
3 1222 2730 2729
3 2730 2729 2678
3 2729 2677 2678
3 1222 2729 2728
3 2729 2728 2677
3 3450 3107 3101
3 2700 2753 2699
3 2748 2705 2699
3 2734 2735 2683
3 2731 2733 2681
3 3452 2731 2733
3 3452 3450 3101
3 2682 2733 2681
3 2711 2755 2701
3 2681 2731 2680
3 2732 2712 2706
3 2737 2707 2706
3 2754 2701 2700
3 2755 2754 2701
3 2734 2683 2682
3 3734 3090 3454
3 2743 2744 2689
3 3734 2949 2744
3 3205 3525 3409
3 3091 2649 2648
3 2741 2687 2686
3 3115 2942 2943
3 2742 2743 2688
3 2956 2957 2902
3 2750 2695 2696
3 2737 2736 2706
3 3452 2737 2736
3 3134 3649 3138
3 2736 2732 2706
3 2925 2697 2696
3 2476 2477 2358
3 2992 3745 3582
3 3444 1482 1478
3 1478 3445 3444
3 2750 2749 2695
3 2950 2750 2749
3 2751 2696 2697
3 2753 2754 2700
3 1474 1473 1468
3 2752 2751 2697
3 2751 2750 2696
3 2910 2900 2901
3 2893 2706 2712
3 2906 2907 2905
3 2951 2762 2950
3 2746 2752 2692
3 2918 2900 2899
3 2698 2752 2697
3 2925 2688 2924
3 2694 2746 2692
3 2893 1484 1031
3 2752 2698 2692
3 2709 2694 2693
3 2693 2694 2692
3 2893 2707 2706
3 2753 2756 2699
3 2710 2709 2702
3 2702 2709 2693
3 554 580 553
3 2748 2747 2704
3 2756 2753 3452
3 2747 2710 2703
3 2703 2710 2702
3 1587 1182 1181
3 2704 2747 2703
3 2704 2893 2705
3 2705 2748 2704
3 2925 2698 2697
3 2965 2961 3299
3 2764 2765 2759
3 2925 2692 2698
3 2893 2704 2703
3 3135 3127 3126
3 3211 2959 2957
3 2765 2766 2760
3 3098 2765 2766
3 2762 2761 2760
3 3723 2259 3751
3 2259 3751 3522
3 2769 2073 2768
3 1861 1914 1860
3 2771 2767 2073
3 2840 2839 2786
3 2636 2635 2582
3 1885 3502 1886
3 2776 2073 2769
3 3581 3193 3246
3 2580 2633 2565
3 3009 3010 2823
3 2774 2039 2040
3 3638 2250 3502
3 2250 1882 1828
3 3502 2250 1882
3 2500 2505 2486
3 3419 2500 2505
3 2844 2790 2843
3 2779 2775 2773
3 2776 2041 2042
3 2767 2768 2073
3 2580 2565 1826
3 2595 2619 2594
3 2033 2034 1859
3 2658 2657 2604
3 3746 3549 3851
3 3851 3777 3746
3 1314 1309 3551
3 2775 2774 2773
3 2594 2641 2593
3 2859 2854 2799
3 2834 2833 2780
3 2781 2584 2583
3 2781 2583 2780
3 1881 1887 1832
3 3502 1881 1887
3 2782 2585 2584
3 2782 2584 2781
3 3851 3777 3901
3 3777 3901 3798
3 3225 3409 3226
3 2783 2038 2039
3 2783 2039 2774
3 2784 1856 2038
3 2613 3461 2614
3 2785 2582 2581
3 2785 2581 2784
3 3926 3901 3458
3 2985 3545 2980
3 2788 2590 2787
3 884 862 855
3 3553 884 862
3 2789 2585 2782
3 3581 3193 3007
3 2562 2615 2561
3 3006 3581 3007
3 3461 2634 3926
3 2883 2880 2878
3 2073 2776 2042
3 2776 2773 2041
3 3538 2170 3426
3 2772 2770 2073
3 3211 2922 2907
3 3274 3224 3222
3 2794 2793 2073
3 2790 2791 2586
3 2793 2772 2073
3 2909 2900 2899
3 2903 2902 2796
3 2959 2903 2904
3 2805 2813 2802
3 2893 2699 2705
3 2808 2807 2796
3 2811 2810 2796
3 2867 2866 2854
3 1592 3644 3536
3 2918 2890 2891
3 2893 2703 2702
3 2699 2893 2700
3 3226 3219 3220
3 3245 3244 2857
3 3410 3243 3241
3 2816 2814 2796
3 2801 2800 2795
3 2819 2796 2815
3 2795 2800 2794
3 2515 2514 2466
3 3732 2515 2514
3 3011 2824 2825
3 1861 2036 1855
3 2796 2795 2794
3 3559 3303 3302
3 2825 2823 2824
3 3679 3522 2522
3 3751 3679 3522
3 3419 2505 2521
3 2859 2793 2799
3 2859 2832 2772
3 2793 2772 2859
3 2840 2841 2787
3 2634 3926 2635
3 2844 3798 3637
3 3798 3637 3678
3 1882 1834 1828
3 3525 3252 3663
3 2781 2834 2780
3 3637 2842 2843
3 2086 3723 2085
3 2775 2774 2836
3 2837 2784 2783
3 2783 2836 2774
3 2837 2783 2836
3 2838 2785 2784
3 2839 2786 2844
3 3638 3611 3501
3 3611 3501 3722
3 2786 2844 2791
3 2844 2791 2790
3 2035 2036 1861
3 2645 2592 2587
3 2878 2881 2877
3 2599 2576 2568
3 2834 2835 2781
3 3637 2834 2835
3 2838 2833 2780
3 3637 2838 2833
3 2789 2782 2842
3 2843 2790 2789
3 2843 2789 2842
3 2837 2838 2784
3 3637 2837 2838
3 2649 2648 2593
3 2802 2805 2798
3 2860 2804 2806
3 2805 2803 2798
3 2810 2809 2796
3 2860 2813 2804
3 2804 2813 2802
3 2803 2801 2797
3 2798 2803 2797
3 2796 2797 2795
3 1884 1880 1826
3 3502 1884 1880
3 2850 2848 2849
3 2812 2811 2796
3 3622 3568 3408
3 2797 2801 2795
3 2814 2812 2796
3 2800 2799 2794
3 2854 2800 2799
3 2807 2806 2796
3 2806 2804 2796
3 2804 2802 2796
3 2802 2798 2796
3 3621 3457 3644
3 2794 2799 2793
3 2817 2816 2796
3 2832 2830 2770
3 2818 2817 2796
3 2772 2832 2770
3 2830 2831 2770
3 2819 2818 2796
3 2645 2644 2591
3 3545 2645 2644
3 2798 2797 2796
3 2831 2771 2770
3 2820 2779 2775
3 2856 2853 2855
3 2777 2778 2769
3 2777 2769 2768
3 2856 2851 2853
3 2827 2828 2767
3 2828 2768 2767
3 3211 2920 2919
3 2828 2777 2768
3 2858 2828 2777
3 2778 2779 2773
3 2858 2778 2779
3 2778 2776 2769
3 1859 1912 1858
3 2776 2778 2773
3 2836 2837 2820
3 2836 2820 2775
3 2827 2831 2767
3 2831 2771 2767
3 2807 2806 2861
3 2806 2861 2860
3 2861 2860 2854
3 2808 2807 2862
3 2807 2862 2861
3 2862 2861 2854
3 2809 2808 2863
3 2808 2863 2862
3 2863 2862 2854
3 2867 2866 2812
3 2811 2810 2865
3 2786 2590 2589
3 2810 2809 2864
3 2809 2864 2863
3 2864 2863 2854
3 2810 2865 2864
3 2865 2864 2854
3 2814 2812 2867
3 2812 2811 2866
3 2811 2866 2865
3 2868 2815 2872
3 2872 2854 2868
3 3622 3408 3242
3 2816 2870 2869
3 2870 2869 2854
3 2817 2816 2870
3 2925 2690 2689
3 2816 2814 2869
3 2814 2869 2867
3 2869 2867 2854
3 2872 2818 2819
3 2818 2817 2871
3 2817 2871 2870
3 2871 2870 2854
3 2818 2872 2871
3 2873 2592 2792
3 3455 2988 2991
3 3453 3763 3682
3 3678 3637 3006
3 2980 3545 2641
3 2876 2588 2875
3 3734 2744 2743
3 2959 2904 2899
3 2877 2597 2596
3 2878 2649 2597
3 2878 2597 2877
3 2597 2649 2593
3 2893 1031 2685
3 2880 2650 2649
3 2880 2649 2878
3 2881 2883 2878
3 2600 2598 2567
3 2924 2650 2882
3 2689 2743 2688
3 2882 2650 2880
3 3591 3635 3545
3 2742 2741 2687
3 3734 2742 2741
3 2756 2748 2699
3 2924 2686 2652
3 3210 2897 3208
3 2924 2652 2651
3 2925 2689 2688
3 2693 2893 2702
3 2924 2687 2686
3 2924 2688 2687
3 2910 2909 2900
3 3137 3138 3132
3 2901 2911 2905
3 2910 2901 2911
3 2917 2912 2919
3 2592 2873 2587
3 2922 2915 2906
3 2918 2916 2915
3 2909 2908 2899
3 2930 3635 2955
3 2923 2916 2919
3 2918 2901 2900
3 3382 2918 2796
3 2919 2916 2917
3 2392 3423 2391
3 2918 2917 2916
3 2916 2923 2915
3 2917 2918 2912
3 2923 2922 2915
3 2831 2858 2830
3 2907 2922 2906
3 2521 2522 2519
3 2919 2920 2912
3 2879 2881 2877
3 2835 2842 2782
3 3637 2835 2842
3 3545 2984 2983
3 3169 3416 3324
3 2914 3210 2913
3 3211 3210 2921
3 2960 2891 2890
3 2886 2924 2884
3 2918 2924 2886
3 3093 3091 2649
3 1262 1258 1204
3 3764 1262 1258
3 2873 2874 2587
3 3573 2996 2994
3 2788 2792 2591
3 2887 2918 2886
3 2888 2918 2887
3 2785 2838 2780
3 3115 3117 2943
3 556 582 555
3 3612 3019 3027
3 2314 3426 2367
3 2923 3211 2919
3 2907 2911 2905
3 3211 2907 2911
3 3382 2796 3298
3 3644 3643 3457
3 2918 2915 2906
3 2414 3543 3477
3 2933 2934 2932
3 3000 2933 2934
3 2918 2904 2796
3 3211 3207 2960
3 2995 2994 2928
3 2996 2995 2994
3 2925 2695 2691
3 2943 2941 2942
3 3413 3129 3726
3 2925 2691 2690
3 2950 2762 2751
3 2943 2945 2936
3 2931 2932 2926
3 2925 2893 2692
3 2757 2948 2759
3 2765 2948 2759
3 2765 2760 2948
3 2925 2696 2695
3 3462 3541 1049
3 2745 2744 2690
3 3160 3165 1698
3 2695 2749 2691
3 2749 2745 2691
3 2950 2745 2949
3 2792 2845 2788
3 2953 2792 2845
3 2953 2873 2792
3 2954 2874 2873
3 2954 2873 2953
3 2041 2773 2040
3 2955 2875 2874
3 2955 2874 2954
3 2819 2872 2815
3 2815 2956 2902
3 2899 2959 2908
3 2959 2957 2903
3 2902 2815 2796
3 2903 2957 2902
3 2876 2875 2958
3 2958 2879 2876
3 2875 2958 2955
3 2920 2921 2912
3 2918 2913 2912
3 2894 2895 2886
3 2895 2887 2886
3 3210 2914 2897
3 2894 2886 2884
3 2892 2884 2882
3 2883 2930 2881
3 2892 2894 2884
3 2885 2892 2882
3 2883 2885 2880
3 2885 2882 2880
3 2962 2929 2930
3 2918 2914 2913
3 2914 2918 2897
3 2965 2961 2962
3 2965 2962 2963
3 2965 2963 2964
3 2897 2918 2891
3 2790 2586 2585
3 2930 2958 2879
3 3298 3293 3294
3 2881 2930 2879
3 3612 2992 3019
3 2890 2918 2889
3 2972 2966 2967
3 2927 2928 2926
3 2994 2927 2928
3 2885 2962 2883
3 2893 1484 3192
3 2273 2272 1951
3 2932 2936 2926
3 2928 2931 2926
3 2977 2968 2976
3 3308 3300 3299
3 2979 2929 2977
3 2889 2918 2888
3 2930 3635 2992
3 2980 2593 2641
3 2708 2738 2707
3 3739 3536 3792
3 2593 2985 2980
3 2623 2629 2566
3 2645 2640 2587
3 2792 2592 2591
3 2984 2588 2596
3 2984 2983 2588
3 3053 3742 2926
3 2788 2591 2590
3 2597 2593 2985
3 2985 2596 2597
3 2985 2984 2596
3 2987 2573 2569
3 2626 2987 2573
3 2572 2982 2567
3 2654 2646 2598
3 3433 3644 3536
3 3582 3817 3745
3 2982 2567 2989
3 2605 2658 2604
3 2568 2991 2576
3 2991 2576 2574
3 2567 2990 2568
3 2989 2567 2990
3 2657 2656 2603
3 3454 2657 2656
3 2632 3086 2578
3 2991 2574 2988
3 2654 3454 2656
3 3751 3679 3789
3 2968 2977 2929
3 3172 3167 3168
3 2959 3211 2908
3 2841 3635 2840
3 2955 2958 2930
3 3722 3580 3562
3 1208 1204 3542
3 3306 2972 2966
3 3734 2743 2742
3 2966 3306 3015
3 424 417 3611
3 3611 3562 424
3 2935 2934 3001
3 2918 3405 2924
3 2648 2594 2593
3 2993 2927 2926
3 2686 2740 2652
3 2971 2972 2969
3 2884 2924 2882
3 2931 2995 2928
3 2935 2936 2934
3 2931 2998 2995
3 2998 2995 2996
3 2932 2931 2998
3 2999 2998 2996
3 2999 2933 2932
3 3000 2999 2933
3 3114 2942 2941
3 3115 3114 2942
3 2998 2999 2932
3 2934 2936 2932
3 3000 3001 2934
3 3113 3114 2941
3 2994 2993 2927
3 3124 3119 3564
3 2941 2943 2938
3 2937 2938 2936
3 3004 2937 2938
3 3002 3003 2936
3 3003 2937 2936
3 3004 3003 2937
3 2940 2941 2938
3 3027 3019 3014
3 2939 2940 2938
3 3004 3005 2938
3 2851 2858 2823
3 2822 2823 2821
3 3009 2822 2823
3 3239 2852 2851
3 3240 3239 2852
3 2512 2511 2462
3 2866 2865 2854
3 2822 3008 2821
3 2854 2801 2800
3 3009 3008 2822
3 3211 2956 2868
3 3615 3596 3271
3 3193 3194 3011
3 3247 3193 3194
3 2854 2859 2832
3 3419 2511 3523
3 3523 2522 3419
3 3010 2824 2823
3 3011 3010 2824
3 3007 3008 2821
3 2825 2851 2823
3 2874 2875 2587
3 2848 2850 2846
3 2820 2858 2779
3 2978 2979 2977
3 3211 2909 2908
3 3017 2968 3018
3 3016 3015 2966
3 2972 3306 2971
3 3014 2929 3019
3 3211 2911 2910
3 2972 2962 2961
3 2892 2962 2885
3 2904 2903 2796
3 1592 1588 3644
3 3023 3013 3022
3 2975 3124 3119
3 3024 3013 3023
3 3001 3000 2996
3 3014 3013 2978
3 3027 3013 3026
3 3014 2979 2929
3 2979 3014 2978
3 2623 2619 2566
3 3455 2623 2619
3 3591 3817 3745
3 3000 2999 2996
3 3030 3013 3029
3 3031 3026 3013
3 3005 2939 2938
3 3027 3014 3013
3 2924 2651 2650
3 3030 3031 3013
3 1235 1587 1181
3 582 3597 583
3 2968 3017 2967
3 3287 3267 3286
3 3416 3347 3081
3 3081 3585 3416
3 3612 3042 3027
3 2738 2737 2707
3 3452 2738 2737
3 3750 2307 2414
3 3417 3062 3320
3 3034 3035 3033
3 3045 3034 3035
3 3563 3412 3413
3 3047 3033 3035
3 3033 3047 3028
3 3320 3314 3022
3 3051 3048 3050
3 3078 3074 2996
3 3543 3530 2414
3 3046 3047 3035
3 3031 3037 3030
3 3650 2414 3547
3 3046 3052 3035
3 3028 3048 2997
3 3047 3048 3028
3 3055 3047 3048
3 2297 3547 2298
3 2893 3374 3192
3 3051 3058 3050
3 3049 3050 3048
3 3058 3057 3050
3 3078 3076 3077
3 3048 3051 2997
3 2976 3018 2968
3 3382 3298 3294
3 3063 3062 3022
3 3417 3063 3062
3 3017 3307 3018
3 3072 3060 3061
3 3083 3084 3076
3 3058 3066 3051
3 3037 3036 3030
3 2657 3454 2658
3 3021 3029 3013
3 3065 3021 3029
3 3059 3060 3051
3 3066 3059 3051
3 2272 2354 2273
3 3025 3020 3013
3 3024 3025 3013
3 3328 3357 3315
3 3069 3068 3020
3 3025 3068 3024
3 3023 3063 3022
3 3020 3021 3013
3 3070 3020 3021
3 3070 3069 3020
3 3076 3078 3073
3 3071 3061 3060
3 3079 3071 3061
3 3067 3071 3060
3 3002 3001 2935
3 3074 3002 3001
3 3311 3307 3017
3 2936 3002 2935
3 3080 3072 3073
3 3073 3051 3060
3 3073 3060 3072
3 3074 3001 2996
3 2733 2734 2682
3 3452 2733 2734
3 3211 2921 2920
3 3039 3040 2996
3 3085 3084 3077
3 3051 3078 2997
3 1588 1592 1586
3 3192 3177 3178
3 3565 3477 2309
3 598 583 556
3 3283 2553 3284
3 3032 3005 3004
3 3078 3085 3077
3 3064 3063 3023
3 3080 3082 3073
3 3075 3076 3073
3 3073 3078 3051
3 3040 2997 2996
3 2997 3078 2996
3 2627 2621 3094
3 2624 2579 3087
3 3087 3086 2579
3 2630 2602 2601
3 3088 2625 2624
3 1258 1235 1181
3 3764 1258 1235
3 3088 3092 2620
3 3652 3088 3092
3 3652 3454 2655
3 3089 2606 2647
3 2659 2606 2605
3 2367 2344 3426
3 3538 3429 2170
3 3634 3585 3081
3 3093 2649 2650
3 3090 3091 2648
3 2461 2484 2285
3 2690 2744 2689
3 2648 3090 2647
3 3093 2650 3095
3 2651 3096 2652
3 3095 2651 3096
3 2740 3096 2652
3 2753 3452 2754
3 2326 2325 2318
3 3584 2326 2325
3 2949 2745 2744
3 2948 2951 2947
3 2735 2739 2684
3 2762 2748 2747
3 2748 3452 2756
3 2762 2752 2751
3 2762 2747 2710
3 2752 2762 2746
3 2746 2762 2694
3 2762 2710 2709
3 2762 2709 2694
3 2738 2708 2685
3 3159 3154 3105
3 3106 3107 3101
3 3160 3106 3107
3 2609 2608 3863
3 1702 3160 1698
3 2732 3452 2736
3 2735 2734 3452
3 3617 3142 2950
3 2730 1222 3452
3 3105 3106 3101
3 2893 2712 2711
3 2893 2711 2701
3 2893 2701 2700
3 3153 3152 3110
3 3411 3153 3152
3 3417 3064 3587
3 3658 3588 2483
3 3111 3105 3101
3 3101 3100 2761
3 3111 3101 3100
3 2762 3101 2761
3 2939 3112 3005
3 3112 3005 3032
3 2940 2939 3112
3 2941 2940 3113
3 2940 3113 3112
3 3113 3112 3032
3 2938 2943 2936
3 1301 3550 1328
3 3238 3615 3237
3 2973 2974 2945
3 3121 3524 3415
3 3121 3118 3117
3 3118 3117 2944
3 2944 2945 2943
3 3121 3117 3115
3 2936 2945 2926
3 3119 3116 2975
3 3120 3119 3116
3 3242 3240 3239
3 2950 2749 2745
3 3171 3412 3161
3 3666 3121 3032
3 2944 3117 2943
3 2945 3118 2944
3 2974 2975 2945
3 2945 3122 3118
3 2973 2945 3122
3 3119 3564 3120
3 3564 3120 3524
3 3124 3123 2974
3 2945 2975 2926
3 3126 2948 2947
3 2762 2951 2760
3 3126 3125 2947
3 3136 3127 3135
3 3176 3171 3166
3 3126 2948 2757
3 3128 2926 2975
3 3128 2975 3116
3 2951 2948 2760
3 2947 2952 2946
3 3125 2947 2946
3 2951 2952 2947
3 3130 2951 2952
3 3130 3129 2951
3 3106 3159 3105
3 2946 3131 3125
3 3137 3136 2758
3 2763 2764 2759
3 3132 2763 2759
3 3099 3098 2760
3 3134 3099 3098
3 3098 2766 2760
3 3158 3163 3157
3 2758 2757 3136
3 2758 2759 2757
3 3137 2758 2759
3 3127 3136 2757
3 3126 3127 2757
3 2759 3137 3132
3 3411 3150 3149
3 3133 3132 2763
3 3138 3133 3132
3 3097 3133 2764
3 3138 3097 3133
3 2764 3133 2763
3 2765 3097 2764
3 3589 3541 3462
3 3143 3139 3100
3 3598 3144 3649
3 2972 2968 2929
3 1312 1313 1287
3 3551 1312 1313
3 3160 3159 3106
3 2762 2748 3452
3 3452 3101 2762
3 2761 3100 2760
3 3100 3099 2760
3 3110 3111 3100
3 3153 3110 3111
3 1276 1222 3450
3 3450 1272 1276
3 3146 3411 3147
3 3107 3160 1272
3 1272 3450 3107
3 3411 3155 3147
3 3109 3110 3100
3 3152 3109 3110
3 3450 1222 3452
3 2739 2735 3452
3 3039 3736 3358
3 1471 1470 1443
3 3102 3103 3100
3 3146 3102 3103
3 3154 3411 3159
3 3103 3104 3100
3 3147 3103 3104
3 3147 3146 3103
3 3134 3143 3099
3 3143 3100 3099
3 3139 3140 3100
3 3150 3149 3139
3 555 581 554
3 3146 3145 3102
3 3411 3146 3145
3 3141 3102 3100
3 3151 3141 3102
3 3151 3102 3145
3 3140 3141 3100
3 3151 3140 3141
3 3151 3150 3140
3 3155 3411 3156
3 3160 1702 1272
3 3151 3145 3411
3 2755 2732 3452
3 3663 3525 3259
3 3090 3089 2647
3 3454 3090 3089
3 3156 3152 3411
3 3104 3108 3100
3 3155 3104 3108
3 3155 3147 3104
3 3153 3111 3105
3 3154 3153 3105
3 3411 3154 3153
3 3156 3109 3152
3 3108 3109 3100
3 3156 3108 3109
3 3156 3155 3108
3 3130 2952 2946
3 3359 3353 3352
3 2962 3309 3211
3 3374 3373 3175
3 3598 3144 3412
3 3329 3357 3328
3 3211 2868 2854
3 582 581 555
3 3597 582 581
3 2875 2588 2587
3 1100 1099 3863
3 3142 3413 3412
3 1482 3444 1481
3 3150 3411 3151
3 3170 3142 3412
3 3306 3311 3015
3 3140 3150 3139
3 3358 3039 3573
3 2924 3374 2925
3 3445 1451 1485
3 3192 3164 3165
3 2950 2751 2750
3 3166 3171 3161
3 3552 3413 3142
3 2073 3298 2796
3 3324 3170 3169
3 3175 3176 3170
3 3634 3081 3074
3 3135 3126 3125
3 3412 3171 3170
3 3524 3120 3169
3 3169 3120 3128
3 3128 2949 2926
3 3169 3128 2949
3 2950 3142 2949
3 3352 3082 3080
3 2975 3124 2974
3 3142 3169 2949
3 3170 3142 3169
3 3192 3172 3178
3 3174 3173 3168
3 1592 1593 1586
3 2854 3309 3267
3 3309 3267 3287
3 3358 3736 3680
3 3416 3121 3666
3 3057 3418 3058
3 3352 3079 3071
3 3049 3056 3048
3 3144 3412 3161
3 3183 3174 3173
3 3412 3135 3598
3 2925 2893 3374
3 3177 3176 3166
3 3192 3177 3176
3 3166 3178 3167
3 3178 3167 3172
3 3177 3166 3178
3 3138 3137 3136
3 3192 3174 3172
3 3192 3191 3186
3 3138 3649 3598
3 3138 3136 3135
3 3135 3598 3138
3 3183 3173 3182
3 3187 3157 3188
3 3172 3174 3168
3 3192 3163 3188
3 3162 3164 3158
3 3162 3164 3161
3 3180 3162 3161
3 3168 3180 3166
3 3164 3165 3161
3 3166 3180 3161
3 3192 3189 3183
3 3180 3186 3179
3 3181 3157 3187
3 3192 3174 3183
3 3164 3163 3158
3 3192 3164 3163
3 3157 3188 3163
3 3181 3187 3180
3 3192 3187 3188
3 3192 3190 3189
3 3185 3179 3190
3 3190 3184 3185
3 3189 3184 3182
3 3190 3189 3184
3 3183 3189 3182
3 3179 3191 3186
3 3187 3186 3180
3 3192 3187 3186
3 3191 3190 3179
3 3192 3190 3191
3 3195 3196 3011
3 2514 2513 2466
3 2511 3523 2512
3 3198 3011 3197
3 2513 2472 2466
3 2508 2507 2470
3 3523 2508 2507
3 3225 3204 3219
3 3193 3009 3008
3 3522 2522 2520
3 3193 3008 3007
3 2502 2501 2488
3 3419 2502 2501
3 2502 2494 2463
3 3227 3409 3261
3 2850 2851 2825
3 2854 2860 2813
3 3200 3201 3011
3 3203 3200 3201
3 3259 3199 3525
3 3409 3264 3261
3 2509 2502 2463
3 3419 2509 2502
3 3204 3011 3202
3 2464 2510 2463
3 2511 2510 2464
3 3201 3202 3011
3 2854 2832 2830
3 2829 2846 2826
3 2259 2258 2251
3 3522 2259 2258
3 2889 3207 2898
3 3207 2960 2890
3 3208 2897 2891
3 2921 2913 2912
3 3210 2921 2913
3 3208 2960 2891
3 3257 3256 2524
3 2826 2846 2825
3 3207 2890 2889
3 3281 2553 3282
3 2898 2889 2888
3 2858 2854 2830
3 3267 2858 2854
3 2896 2898 2888
3 3207 3211 2898
3 2896 2888 2887
3 2895 2896 2887
3 3211 2895 2896
3 3211 2962 2895
3 2846 2850 2825
3 3267 3245 2858
3 2847 2848 2846
3 2513 3632 2514
3 3241 3240 2853
3 2828 2858 2827
3 2872 2871 2854
3 3219 3011 3204
3 3227 3220 3221
3 3220 3011 3219
3 3221 3011 3220
3 3226 3225 3219
3 3259 3197 3199
3 3285 2553 3292
3 3205 3203 3201
3 3525 3205 3203
3 3247 3748 3248
3 3309 2962 3302
3 3193 3011 3010
3 3193 3010 3009
3 3278 2547 3274
3 3291 3297 3286
3 2547 2552 2540
3 2548 2547 2540
3 3272 2548 2547
3 3278 2552 2553
3 3274 3272 2547
3 2854 2813 2805
3 3258 3257 2523
3 3264 3249 3409
3 2552 2546 2540
3 3278 2552 2547
3 3227 3226 3220
3 3249 3270 3268
3 3284 2553 3285
3 2895 2962 2894
3 3249 3268 3266
3 3270 3235 3236
3 3233 3011 3232
3 3236 3271 3270
3 3271 3270 3249
3 3215 3214 2848
3 3206 3011 2825
3 3236 3206 3011
3 3236 3011 3235
3 2826 3206 2825
3 2849 3215 2848
3 3615 3271 3237
3 2457 2456 2451
3 3209 3206 2826
3 3237 3206 3236
3 2829 3209 2826
3 2460 2461 2454
3 3214 3213 2847
3 3238 3214 3213
3 2848 3214 2847
3 3213 3212 2846
3 2847 3213 2846
3 3241 2855 2853
3 3243 3241 2855
3 2854 2805 2803
3 3644 3555 1588
3 2852 2853 2851
3 3240 2852 2853
3 2854 2803 2801
3 2857 2858 2856
3 3245 2857 2858
3 2858 2831 2827
3 2778 2858 2777
3 3239 3218 2851
3 3242 3239 3218
3 3067 3066 3059
3 2457 2452 2447
3 3408 3242 3654
3 3006 3007 2820
3 2856 2858 2851
3 2821 2858 2820
3 3409 3252 3249
3 3226 3409 3227
3 2823 2858 2821
3 3237 3236 3271
3 3559 3407 3304
3 2520 2515 2467
3 3732 2520 2515
3 3194 3195 3011
3 3248 3194 3195
3 3248 3247 3194
3 3225 3216 3204
3 3204 3216 3202
3 3216 3409 3225
3 3222 3250 3224
3 2468 2258 3522
3 3522 2520 2468
3 3748 3663 3252
3 3196 3253 3195
3 3748 3663 3248
3 2526 2525 2518
3 3254 2526 2525
3 2522 2526 2519
3 3254 2522 2526
3 3254 3252 2522
3 2525 2524 2517
3 2519 2526 2518
3 3256 2524 2525
3 3292 2553 3295
3 2524 2523 2516
3 3257 2524 2523
3 2517 2524 2516
3 3256 3254 2525
3 2518 2525 2517
3 3254 3256 3250
3 3251 3255 3250
3 3257 3251 3255
3 3256 3251 3250
3 3257 3256 3251
3 2549 2548 2541
3 3269 2549 2548
3 3258 3257 3255
3 3198 3199 3197
3 3196 3197 3011
3 3259 3196 3197
3 2470 2507 2469
3 2506 2512 2462
3 3260 3199 3198
3 3198 3200 3011
3 3260 3198 3200
3 3266 3265 3249
3 3233 3232 3265
3 3525 3252 3409
3 3221 3223 3011
3 3261 3221 3223
3 3261 3227 3221
3 3262 3258 3255
3 3222 3262 3250
3 3262 3250 3255
3 3263 3262 3258
3 3222 3263 3262
3 2523 2549 2516
3 3269 2523 2549
3 3270 3268 3235
3 3232 3265 3264
3 3265 3264 3249
3 2507 2506 2469
3 3523 2507 2506
3 3223 3232 3011
3 3264 3223 3232
3 3264 3261 3223
3 3233 3234 3011
3 3266 3233 3234
3 3234 3235 3011
3 3268 3234 3235
3 3266 3265 3233
3 3268 3266 3234
3 3238 3213 3212
3 2249 2247 3638
3 1857 2580 1826
3 579 578 552
3 3597 579 578
3 3071 3418 3352
3 3418 3352 3358
3 2461 2455 2454
3 2458 2457 2447
3 3269 3258 2523
3 3269 3222 3263
3 3269 3263 3258
3 2542 2549 2541
3 2549 2542 2516
3 3272 3222 3269
3 3272 3269 2548
3 2541 2548 2540
3 3274 3222 3272
3 3224 3275 3230
3 3250 3224 3275
3 3278 3224 3274
3 3291 3408 3286
3 3297 2553 3298
3 3282 3231 3230
3 3211 2910 2909
3 3281 3282 3230
3 3280 2553 3281
3 3281 3230 3280
3 3295 2553 3296
3 3231 3275 3230
3 3283 3231 3275
3 3278 2553 3279
3 3228 3229 3224
3 3279 3228 3229
3 3278 3228 3224
3 3279 3278 3228
3 3416 3121 3524
3 3279 2553 3280
3 3280 3229 3279
3 3273 3230 3229
3 3229 3280 3273
3 3280 3273 3230
3 3282 2553 3283
3 3283 3231 3282
3 3229 3230 3224
3 3469 3466 3847
3 2739 2685 2684
3 3208 3211 2960
3 2688 2742 2687
3 3244 3243 2856
3 3244 3571 3245
3 2904 2918 2899
3 2510 3419 2511
3 2894 2962 2892
3 3285 3277 3276
3 3292 3285 3277
3 3289 3291 3250
3 3295 3292 3288
3 3277 3288 3276
3 3292 3277 3288
3 3296 2553 3297
3 3408 3291 3271
3 3654 3596 3408
3 3288 3289 3275
3 3295 3288 3289
3 3238 3654 3596
3 3291 3271 3249
3 3283 3284 3275
3 3284 3285 3276
3 3284 3276 3275
3 3276 3288 3275
3 3580 3252 2522
3 2522 3679 3580
3 3461 3926 3458
3 3644 3582 3433
3 2602 2630 2577
3 3595 3315 3406
3 3060 3067 3059
3 3042 3038 3026
3 2965 3299 2964
3 3211 2854 3309
3 3089 2659 2606
3 3454 3089 2659
3 3453 3739 3456
3 3545 2985 2984
3 3308 3301 3300
3 3211 2923 2922
3 3066 3418 3067
3 2392 2444 2391
3 3275 3289 3250
3 3296 3290 3289
3 3297 3296 3290
3 3405 3401 3400
3 3290 3291 3289
3 3297 3290 3291
3 3295 3296 3289
3 3252 3254 3249
3 3254 3250 3249
3 3250 3291 3249
3 3293 3297 3286
3 3298 3293 3297
3 3328 3406 3287
3 3287 3383 3294
3 3328 3287 3383
3 2962 2930 2883
3 2898 3211 2896
3 3019 2992 2929
3 2992 2930 2929
3 2487 2500 2486
3 3300 3301 2961
3 2969 2972 2961
3 3299 3300 2961
3 3301 2969 2961
3 2968 2972 2967
3 3016 3017 2967
3 3302 2962 3303
3 3210 3211 3208
3 2963 3304 2964
3 2970 2971 2969
3 2969 3310 2970
3 3305 3310 2970
3 3311 3305 3310
3 2962 2972 2929
3 3307 3691 3311
3 3406 3308 3595
3 3012 3018 2976
3 3307 3012 3018
3 2977 3012 2976
3 3320 3313 3314
3 2969 3310 3301
3 3310 3301 3308
3 2971 3305 2970
3 3591 3817 3621
3 3792 3742 3739
3 3306 3305 2971
3 3311 3306 3305
3 2444 2442 2443
3 2496 3420 2485
3 3420 2485 3588
3 2967 3016 2966
3 3311 3691 3595
3 3013 3012 2977
3 2978 3013 2977
3 3750 2414 3650
3 3243 3571 3244
3 3320 3022 3062
3 3314 3022 3013
3 3314 3013 3313
3 3530 2236 3648
3 3080 3079 3072
3 3352 3080 3079
3 3536 3358 3433
3 3312 3313 3012
3 3319 3312 3313
3 3319 3318 3312
3 3313 3013 3012
3 3016 3311 3017
3 3072 3079 3061
3 3307 3316 3012
3 3317 3312 3012
3 3316 3317 3012
3 2993 3573 2994
3 3067 3418 3071
3 3065 3070 3021
3 3587 3065 3070
3 2289 3547 2296
3 553 579 552
3 3085 3078 3074
3 3077 3084 3076
3 3081 3085 3074
3 3320 3319 3313
3 3417 3320 3319
3 3075 3082 3073
3 3216 3205 3202
3 3409 3216 3205
3 2741 2740 2686
3 3734 2741 2740
3 2442 2391 2444
3 3317 3322 3316
3 3395 3387 3377
3 3315 3307 3691
3 3433 3357 3364
3 3212 3209 2829
3 2846 3212 2829
3 3217 3215 2849
3 3360 3359 3353
3 3364 3360 3359
3 3238 3212 3237
3 3083 3082 3075
3 3457 3621 3591
3 3407 3308 3299
3 3610 3407 3308
3 626 625 597
3 4126 626 625
3 2851 3218 2850
3 3218 3217 2850
3 3242 3218 3217
3 3350 3351 3347
3 3351 3347 3400
3 3400 3350 3351
3 3372 3362 3369
3 3352 3083 3082
3 3382 2918 3405
3 3344 3345 3343
3 3076 3083 3075
3 3387 3377 3378
3 3352 3347 3083
3 3024 3064 3023
3 3582 3433 3042
3 3352 3341 3350
3 3363 3354 3365
3 3354 3352 3353
3 2856 3243 2855
3 3354 3360 3353
3 3355 3334 3329
3 3355 3337 3334
3 3321 3315 3307
3 3357 3321 3315
3 3316 3321 3307
3 3352 3350 3347
3 3322 3321 3316
3 3357 3322 3321
3 3311 3016 3015
3 3311 3310 3308
3 3308 3595 3311
3 2651 3095 2650
3 2850 3217 2849
3 2344 2420 2395
3 2420 2395 2423
3 2572 2600 2567
3 3433 3357 3417
3 3315 3406 3328
3 3359 3358 3352
3 3433 3359 3358
3 2924 3405 3374
3 3339 3340 3323
3 2949 3734 2926
3 3734 2926 3742
3 3121 3122 3118
3 3392 3376 3375
3 3367 3365 3364
3 3433 3359 3364
3 3363 3352 3354
3 3369 3367 3364
3 3400 3401 3347
3 3362 3361 3355
3 3372 3362 3361
3 3363 3341 3352
3 3354 3365 3360
3 3365 3360 3364
3 3355 3357 3329
3 3356 3357 3355
3 3364 3356 3357
3 3362 3356 3355
3 3287 3406 3309
3 3299 3304 2964
3 3407 3299 3304
3 3369 3368 3366
3 3372 3369 3368
3 3365 3367 3363
3 3393 3340 3378
3 3341 3370 3323
3 3372 3368 3370
3 3364 3362 3356
3 3369 3364 3362
3 3369 3366 3367
3 3370 3341 3363
3 3370 3366 3368
3 3375 3323 3376
3 3403 3402 3380
3 3345 3350 3341
3 3367 3366 3363
3 3366 3370 3363
3 3384 3382 3379
3 2161 3538 2226
3 3415 3124 3123
3 3518 2162 2161
3 2161 3538 3518
3 3415 3124 3564
3 3451 1205 3455
3 3451 1205 1259
3 1259 3555 3451
3 3171 3176 3170
3 3374 3192 3176
3 3370 3371 3323
3 3371 3323 3375
3 3375 3372 3361
3 3355 3361 3338
3 3375 3371 3370
3 3375 3370 3372
3 3405 3401 3373
3 3392 3375 3361
3 3392 3338 3361
3 3387 3332 3395
3 3378 3340 3339
3 3378 3377 3339
3 3393 3378 3386
3 3339 3323 3377
3 3337 3331 3385
3 3393 3386 3385
3 3330 3379 3329
3 3384 3382 3383
3 3383 3382 3294
3 3405 3373 3374
3 3381 3380 3325
3 3349 3350 3345
3 3085 3347 3081
3 3398 3388 3389
3 3399 3381 3388
3 3379 3330 3325
3 3380 3379 3325
3 3382 3380 3379
3 3329 3328 3384
3 3383 3328 3384
3 3384 3329 3379
3 3389 3388 3327
3 3377 3376 3323
3 3392 3338 3333
3 3405 3404 3400
3 3342 3343 3341
3 3396 3342 3343
3 3396 3342 3394
3 3402 3380 3381
3 3398 3344 3397
3 3394 3393 3385
3 3394 3385 3391
3 3385 3386 3331
3 3332 3331 3387
3 3331 3387 3386
3 3387 3386 3378
3 2367 2420 2344
3 3398 3397 3389
3 3337 3385 3336
3 3403 3382 3380
3 3381 3388 3326
3 3334 3329 3326
3 3340 3341 3323
3 3393 3340 3341
3 3398 3345 3344
3 3397 3390 3389
3 3396 3391 3390
3 3391 3336 3385
3 3389 3390 3334
3 3391 3390 3335
3 3333 3395 3392
3 3332 3395 3333
3 3394 3342 3341
3 3394 3341 3393
3 3395 3376 3377
3 3395 3392 3376
3 3396 3394 3391
3 3336 3391 3335
3 3343 3345 3341
3 3397 3396 3390
3 3335 3390 3334
3 3397 3344 3343
3 3397 3343 3396
3 3334 3389 3327
3 3399 3398 3388
3 3327 3388 3326
3 3399 3345 3398
3 3347 3085 3084
3 3347 3084 3083
3 3404 3350 3400
3 3402 3399 3381
3 3326 3381 3325
3 3402 3346 3399
3 3346 3349 3345
3 3399 3346 3345
3 3348 3349 3346
3 3403 3348 3349
3 3402 3348 3346
3 3403 3402 3348
3 3350 3404 3349
3 3405 3403 3382
3 3404 3403 3349
3 3405 3404 3403
3 3242 3241 3240
3 3149 3148 3139
3 3411 3149 3148
3 3161 3144 3411
3 3411 3165 3161
3 3148 3143 3139
3 3148 3144 3134
3 3411 3148 3144
3 3143 3148 3134
3 3563 3561 3413
3 3131 3414 3125
3 3414 3135 3125
3 3563 3414 3135
3 3131 3130 2946
3 3561 3131 3130
3 3563 3135 3412
3 3561 3414 3131
3 2974 3123 2973
3 3415 3122 3121
3 3123 3122 2973
3 3415 3123 3122
3 3417 3319 3318
3 3036 3660 3037
3 3057 3056 3049
3 3418 3057 3056
3 3318 3322 3312
3 3417 3318 3322
3 3050 3057 3049
3 3660 3587 3433
3 3322 3317 3312
3 3417 3322 3357
3 3056 3055 3048
3 3418 3056 3055
3 3058 3418 3066
3 3033 3043 3028
3 3047 3054 3046
3 3043 3041 3028
3 3680 3043 3041
3 3055 3054 3047
3 3566 3055 3054
3 2465 2511 2464
3 2511 2465 2462
3 2512 2506 3523
3 3202 3205 3201
3 2469 2506 2462
3 3601 2363 2364
3 3422 2360 2357
3 2361 2360 1998
3 3422 2361 2360
3 2354 2277 2273
3 3422 2357 3640
3 2257 2310 2256
3 2297 2296 2245
3 3547 2297 2296
3 2241 2299 2240
3 1920 2165 1919
3 3429 2170 2165
3 3572 3430 3427
3 3431 2158 3592
3 3592 3572 3431
3 3431 2158 2157
3 3431 2157 2154
3 2154 3572 3431
3 2154 3572 3427
3 1691 1061 1059
3 3432 1691 1061
3 1691 1059 1058
3 1690 1691 1058
3 3432 1690 1691
3 3432 1697 1698
3 1690 1058 1057
3 1689 1690 1057
3 3432 1689 1690
3 3432 1697 1689
3 3417 3064 3063
3 3030 3036 3029
3 3530 2414 2307
3 3068 3025 3020
3 3068 3064 3024
3 3587 3068 3064
3 3054 3052 3046
3 3045 3044 3034
3 3566 3045 3044
3 4019 3619 3688
3 3430 2206 3534
3 3672 3448 3447
3 841 842 396
3 3609 841 842
3 3560 3473 3539
3 3706 3609 3577
3 3457 3451 3591
3 3451 3591 3545
3 2646 3454 2654
3 2646 2653 2598
3 2990 3455 2991
3 2653 2646 3454
3 2653 2655 2599
3 2655 2653 3454
3 2655 2601 2599
3 2571 2981 2570
3 2570 2629 2566
3 3087 3088 2624
3 3652 3087 3088
3 2623 3455 2629
3 3652 1206 3682
3 2602 2575 2574
3 2632 2578 2577
3 3536 3456 3763
3 2573 2578 2569
3 3682 3542 3763
3 2626 3455 2987
3 1587 1235 3636
3 2876 2877 2596
3 2983 2640 2587
3 3545 2983 2640
3 1205 3455 2987
3 1588 1260 3555
3 2993 3053 2926
3 3573 2993 3053
3 1208 1206 3682
3 3417 3587 3433
3 2953 3635 2845
3 3068 3587 3069
3 2619 2641 2594
3 3545 2619 2641
3 3454 3734 3453
3 2595 2606 2566
3 2876 2596 2588
3 2605 2570 2566
3 2606 2605 2566
3 2604 2571 2570
3 2604 2603 2571
3 2605 2604 2570
3 2603 2572 2571
3 2603 2600 2572
3 3606 3500 778
3 1099 3863 2609
3 2248 3638 2249
3 3549 3604 1573
3 370 2556 369
3 1883 2247 370
3 2791 2786 2589
3 2031 1858 1854
3 2840 2839 3798
3 2821 3007 2820
3 2608 2555 2554
3 3549 3459 3774
3 1513 1018 983
3 1514 1513 984
3 1048 1049 1041
3 3541 1048 1049
3 1048 1041 1040
3 3567 3463 1592
3 1532 1176 1172
3 1354 1381 1350
3 792 3478 791
3 2363 2362 2003
3 3557 2363 2362
3 3423 2391 2349
3 2349 3576 3423
3 908 906 905
3 1303 1306 908
3 2206 1984 3631
3 3616 3438 3667
3 3438 3667 3439
3 3642 3603 3577
3 3616 3442 3625
3 876 3540 899
3 899 898 3540
3 1044 1043 3641
3 3641 3434 1044
3 1230 1236 1183
3 3472 1230 1236
3 892 899 869
3 872 3472 1230
3 1187 1230 1183
3 897 885 3560
3 3539 859 3655
3 1224 1170 1085
3 1224 1225 1170
3 3473 1224 1225
3 885 867 3560
3 1225 870 3473
3 1225 1173 1170
3 2293 3650 2294
3 3723 3859 3751
3 3571 3243 3410
3 1529 3567 1535
3 3568 3245 3571
3 3968 3957 4133
3 3633 3447 3446
3 633 610 607
3 3756 3433 3660
3 3267 3245 3568
3 795 394 393
3 2857 3244 2856
3 3571 3410 3568
3 3052 3566 3054
3 678 3491 687
3 687 3491 688
3 84 670 79
3 671 672 79
3 3492 671 672
3 727 641 3492
3 672 81 79
3 672 680 81
3 3492 672 680
3 680 88 81
3 3492 680 641
3 633 632 609
3 3496 633 632
3 610 633 609
3 601 629 600
3 787 850 786
3 596 623 595
3 599 1331 597
3 3563 3414 3561
3 632 628 604
3 3564 3415 3524
3 3128 3120 3116
3 2288 3425 2289
3 3052 3045 3035
3 3566 3052 3045
3 3286 3408 3267
3 3408 3267 3568
3 3038 3756 3042
3 3756 3042 3433
3 609 632 604
3 628 627 604
3 3496 628 627
3 627 630 605
3 3496 627 630
3 3496 632 628
3 627 606 604
3 3603 3548 3642
3 606 627 605
3 1260 1203 3555
3 3456 3453 3763
3 2963 3303 2962
3 3304 3303 2963
3 3559 3304 3303
3 3039 3573 2996
3 3929 3864 3799
3 815 752 180
3 800 801 165
3 3498 800 801
3 824 171 170
3 3498 824 831
3 808 182 181
3 831 808 181
3 3498 831 808
3 504 3499 510
3 701 702 644
3 3499 701 702
3 504 3499 700
3 700 701 649
3 3499 700 701
3 650 701 644
3 701 650 649
3 2554 2555 1829
3 2247 1883 3638
3 369 1093 368
3 1840 1825 1823
3 3580 3460 3722
3 3460 3722 3501
3 530 528 527
3 3600 307 304
3 3579 3578 1306
3 1814 1816 1811
3 3506 3505 3574
3 1867 1814 1813
3 1894 1898 1837
3 3509 1894 1898
3 1893 1892 1838
3 3509 1893 1892
3 2773 2774 2040
3 3543 3574 829
3 1894 1837 1814
3 3406 3308 3610
3 1835 1823 1822
3 1518 1525 907
3 255 3506 296
3 1894 1867 3509
3 1750 1803 1749
3 1870 1869 1816
3 1869 3508 1870
3 1816 1869 1811
3 2234 3530 2235
3 1067 3858 1152
3 527 523 522
3 1869 1864 1811
3 1864 3508 1869
3 1868 1815 1811
3 3600 833 315
3 1864 1868 1811
3 1868 1864 3508
3 1868 256 3508
3 3138 3134 3097
3 1813 1815 1812
3 1866 1813 1812
3 1866 1867 1813
3 1867 1866 3509
3 3474 1524 3464
3 3648 3819 3804
3 1865 1866 1812
3 1866 1865 3509
3 1863 255 3509
3 255 3509 3506
3 1865 1812 1810
3 1863 1865 1810
3 1865 1863 3509
3 1790 3510 1791
3 3507 2146 2128
3 1737 1791 1736
3 3510 1968 2146
3 3510 2146 3507
3 1792 1791 1737
3 1791 3510 1792
3 1738 1792 1737
3 3510 1968 1793
3 1793 1792 1738
3 1792 3510 1793
3 1739 1793 1738
3 277 287 276
3 273 3599 3512
3 3599 3512 829
3 287 277 3599
3 289 290 278
3 3531 289 290
3 283 288 278
3 288 289 278
3 3531 288 289
3 284 280 279
3 290 279 278
3 277 275 3599
3 290 284 279
3 3531 290 284
3 3511 284 3531
3 3531 833 3511
3 2221 2209 2192
3 2192 2186 2185
3 2209 2207 2192
3 2221 2211 2209
3 2209 2208 2207
3 2211 2210 2209
3 2221 2212 2211
3 2221 2220 2212
3 2163 2162 1918
3 3518 2163 2162
3 3518 3429 2163
3 3524 3169 3416
3 3259 3253 3196
3 3663 3259 3253
3 3526 3514 3479
3 148 145 134
3 211 148 134
3 3526 211 148
3 3526 3514 211
3 3483 3482 3903
3 1362 3449 1361
3 3668 1495 3608
3 1361 3449 1360
3 3688 3653 1492
3 908 3738 3709
3 1360 3449 1359
3 795 3570 794
3 3634 3032 3074
3 1369 1370 1342
3 3711 1369 1370
3 3565 3628 3477
3 1372 1373 1345
3 3922 1372 1373
3 3639 3625 3521
3 3238 3215 3214
3 3237 3209 3206
3 3596 3408 3271
3 2482 2457 2456
3 843 3715 850
3 576 3554 575
3 3673 576 3554
3 3784 3577 3766
3 769 767 765
3 1331 1332 597
3 3168 3167 3166
3 3180 3182 3168
3 3180 3162 3157
3 3182 3173 3168
3 3185 3182 3180
3 3162 3158 3157
3 3181 3180 3157
3 3185 3184 3182
3 3185 3180 3179
3 312 306 305
3 3760 312 3681
3 3574 3543 3505
3 1815 1813 1811
3 3605 3519 3515
3 132 135 104
3 3605 132 135
3 135 133 104
3 3605 135 3515
3 2472 2513 2471
3 3253 3248 3195
3 3663 3253 3248
3 2513 2508 2471
3 3632 2513 2508
3 3632 2508 3523
3 407 408 363
3 3638 407 408
3 3638 417 407
3 1357 1358 1334
3 4051 1357 1358
3 796 3696 3577
3 297 287 3686
3 3557 2362 2361
3 3640 3557 3601
3 3640 3601 3423
3 2360 2359 2357
3 3423 2357 3640
3 1043 1037 869
3 3641 3540 3434
3 876 1043 869
3 3641 876 1043
3 3641 3540 876
3 3438 3437 3743
3 758 576 575
3 3754 3529 3441
3 3496 4126 4115
3 3551 3533 1308
3 3551 1308 1303
3 3754 3441 3440
3 3688 1492 3619
3 99 100 92
3 100 99 3647
3 99 3647 3556
3 3647 3556 3491
3 1752 1805 1748
3 3819 3648 3626
3 3702 3824 3772
3 3687 3565 3702
3 3565 3702 3628
3 3506 3505 3898
3 3819 1801 3626
3 1804 1803 1750
3 3819 1804 1803
3 3772 3503 3824
3 1842 1838 1796
3 1843 1896 1842
3 3649 3134 3144
3 1629 1628 3589
3 1628 1627 3589
3 1630 1629 3589
3 1626 1625 3589
3 1631 1630 1684
3 2293 2299 2241
3 3650 2293 2299
3 3650 2299 3547
3 837 3707 769
3 3846 3797 3762
3 2625 3088 2620
3 3092 3094 2620
3 3652 3092 3094
3 3094 1206 3652
3 3094 2621 2620
3 1497 3646 1496
3 3646 1497 1306
3 2452 2457 2451
3 2483 2484 2455
3 3658 2483 2484
3 2483 2458 2457
3 2482 2483 2457
3 3692 2482 2483
3 2479 3421 2482
3 3421 2482 3623
3 2484 2461 2455
3 866 867 864
3 867 866 3655
3 3655 3539 3560
3 867 865 864
3 3655 867 3560
3 1046 1039 1038
3 1046 1045 3656
3 3541 1046 3656
3 3656 3589 3541
3 764 3659 763
3 3794 3743 3529
3 3940 3646 3578
3 3036 3065 3029
3 3660 3036 3065
3 3660 3065 3587
3 3038 3037 3026
3 3037 3756 3038
3 2255 2307 2254
3 2307 2295 2254
3 3750 2307 2295
3 122 128 120
3 128 122 3662
3 3662 3606 3535
3 128 123 120
3 3662 128 3535
3 3523 3632 2522
3 3247 3246 3193
3 3748 3247 3246
3 3632 2514 3732
3 3689 913 1493
3 3853 3860 3776
3 3659 764 3665
3 3209 3237 3212
3 3585 3032 3666
3 3666 3416 3585
3 3238 3242 3217
3 3654 3238 3242
3 3238 3217 3215
3 3242 3410 3241
3 3622 3242 3410
3 1364 1341 1340
3 1363 1364 1340
3 3711 1363 1364
3 1364 1369 1341
3 3705 913 3689
3 3675 762 761
3 3485 3484 3984
3 3159 3411 3160
3 2197 2149 2148
3 3669 2205 2197
3 3165 3160 3411
3 1698 3432 1702
3 3432 1702 1701
3 1122 1127 1117
3 1123 1119 1118
3 3670 1123 3569
3 2313 2312 2304
3 3671 2313 2312
3 2305 2313 2304
3 3671 3584 2313
3 3677 3544 3583
3 3724 3694 4003
3 575 3597 571
3 3851 3549 3986
3 3723 2088 2252
3 3580 3549 3252
3 3549 3252 3746
3 3581 3252 3746
3 3746 3678 3581
3 3044 3043 3033
3 3680 3044 3043
3 2298 3547 2299
3 3425 2289 3547
3 3547 2414 3425
3 3034 3044 3033
3 3680 3566 3044
3 3681 288 3531
3 3087 3652 3086
3 3086 3652 2632
3 2631 3652 2630
3 3652 2655 2630
3 3682 3652 3453
3 2632 3652 2631
3 2390 2388 2387
3 2173 1927 1921
3 2167 2173 1921
3 2173 2172 1926
3 2411 2410 2382
3 2425 2412 2411
3 2434 2433 2425
3 2390 2389 2388
3 2410 2383 2382
3 2425 2424 2412
3 2410 2384 2383
3 101 103 94
3 103 101 3684
3 3684 3519 3605
3 103 97 94
3 3684 103 3605
3 2075 3657 2074
3 3687 3657 2300
3 2026 2021 1849
3 2030 2027 1852
3 1840 1839 1825
3 3702 3687 3772
3 3628 3824 3702
3 1902 1901 1848
3 3543 3505 3898
3 3651 3675 761
3 904 3731 909
3 3731 904 3717
3 3487 3486 4008
3 3790 3776 3832
3 3832 3784 3790
3 3743 3762 3438
3 1525 1526 907
3 3694 768 767
3 1526 1522 907
3 3705 906 913
3 1368 4061 1375
3 622 3795 623
3 3330 3329 3326
3 3334 3327 3326
3 3337 3336 3334
3 3337 3355 3332
3 3330 3326 3325
3 3336 3335 3334
3 3337 3332 3331
3 3355 3333 3332
3 3355 3338 3333
3 2173 2177 2167
3 2177 2173 2172
3 2177 2172 2170
3 2170 3624 2177
3 2177 2179 2178
3 3620 2177 2260
3 2177 2260 2179
3 2268 2343 2272
3 2343 2272 2354
3 2354 3683 2343
3 843 769 763
3 843 758 571
3 785 850 784
3 784 850 783
3 624 626 600
3 4126 624 626
3 3875 3470 3469
3 783 850 778
3 3548 3475 3832
3 3528 3709 3468
3 3693 839 3753
3 769 768 767
3 763 761 758
3 839 3693 838
3 778 843 571
3 2034 1860 1859
3 3882 3977 3917
3 3827 3696 3577
3 3825 4001 3842
3 3804 3703 3648
3 3648 3530 3703
3 1801 3819 1805
3 3530 3703 3543
3 3768 3698 3696
3 3805 3866 3787
3 634 608 588
3 3633 3447 3729
3 3447 3729 3672
3 3710 4094 3718
3 1523 1524 907
3 1127 1128 1117
3 3744 1127 1128
3 796 1120 420
3 629 624 600
3 4126 629 624
3 767 766 765
3 769 764 763
3 3770 3440 3436
3 763 762 761
3 838 3693 837
3 761 759 758
3 843 838 837
3 843 837 769
3 843 763 758
3 3707 769 3719
3 758 575 571
3 3715 850 3766
3 3797 3778 3705
3 2035 1861 1860
3 3696 3862 796
3 3590 3528 3814
3 3731 3645 909
3 3645 909 3738
3 3757 3717 905
3 1333 3551 1313
3 3672 3786 3781
3 1369 3711 1364
3 1362 1363 1339
3 3711 1362 1363
3 3711 3449 1362
3 3711 3446 3449
3 3711 3633 3446
3 3838 3821 3920
3 3820 3816 3956
3 3921 3820 3956
3 618 3795 622
3 3769 3687 3772
3 1860 1913 1859
3 3816 3803 3962
3 3685 3932 3727
3 3932 3727 3850
3 3707 3693 837
3 614 617 587
3 3469 3924 3847
3 768 3719 3694
3 769 768 3719
3 765 3665 764
3 3720 765 3665
3 767 766 3724
3 3694 767 3724
3 3928 3779 3773
3 3781 3974 3948
3 3850 3690 3727
3 1876 2554 1829
3 766 3720 765
3 3724 766 3720
3 839 3753 3715
3 3714 3701 3942
3 623 596 594
3 3726 3413 3552
3 3726 3552 3617
3 3726 2951 3129
3 3726 3617 2951
3 3786 3672 3729
3 303 302 300
3 311 3760 315
3 3760 3681 833
3 299 301 298
3 3728 299 301
3 3728 3686 299
3 1335 1336 600
3 3848 3999 3874
3 1373 1376 1346
3 3922 1373 1376
3 3909 3594 3471
3 3471 3924 3909
3 1260 1203 1202
3 3764 3636 1592
3 1585 1256 1180
3 3730 1585 1256
3 3730 3630 1585
3 3476 3475 3913
3 3738 908 909
3 908 3709 907
3 2468 2520 2467
3 3748 3246 3252
3 3755 3908 3674
3 618 4030 3795
3 3991 3864 3929
3 3782 3965 3810
3 3799 3821 3716
3 3942 3866 3787
3 4014 3933 3993
3 3830 3725 3826
3 3041 3040 2997
3 3736 3041 3040
3 3028 3041 2997
3 3736 3680 3041
3 906 905 3757
3 3757 3705 906
3 630 4126 3496
3 3776 3853 3790
3 3742 3053 3792
3 3740 2160 1982
3 3740 1982 3631
3 3740 3534 3430
3 3740 3631 3534
3 3453 3742 3739
3 3053 3792 3573
3 3096 3734 2740
3 3734 3096 3095
3 3742 3453 3734
3 3734 3091 3090
3 3734 3093 3091
3 3734 3095 3093
3 4003 3992 3918
3 3822 3806 3890
3 3806 3890 3875
3 3865 3794 3754
3 3780 3528 3670
3 3937 3979 3871
3 3862 3562 796
3 3910 3855 3823
3 2954 3635 2953
3 2955 3635 2954
3 3745 2992 3635
3 2785 2780 2582
3 2586 2639 2585
3 3745 3635 3591
3 2791 2589 2586
3 3674 3943 3768
3 3695 3900 3721
3 589 616 588
3 2522 3732 2520
3 3632 3732 2522
3 2254 2295 2253
3 2295 2294 2253
3 3750 2295 2294
3 3750 2294 3650
3 2082 3723 2081
3 2028 2029 1853
3 1838 1892 1796
3 2784 2581 1856
3 3851 3986 3901
3 3580 3938 3789
3 3460 3938 3501
3 2310 3752 2311
3 2311 3752 3671
3 3752 3671 3477
3 2309 3752 2310
3 2309 3752 3477
3 3923 3868 3794
3 3747 3801 3716
3 4064 3988 3939
3 3963 3874 3906
3 3027 3042 3026
3 3037 3031 3026
3 3756 3037 3660
3 4144 3915 3936
3 1377 1375 1348
3 4015 4047 3972
3 3882 3977 3958
3 3760 833 315
3 3728 829 303
3 3984 3484 3985
3 3484 3985 3903
3 3765 3594 3471
3 3471 3470 3806
3 3806 3765 3471
3 4048 3903 3985
3 3480 3476 3913
3 3644 3643 3555
3 2601 2602 2574
3 2576 2601 2574
3 3764 1592 1262
3 3730 1588 1260
3 615 634 588
3 4088 3931 4080
3 3888 3528 3814
3 3784 3577 3642
3 1835 1840 1823
3 3503 3824 3504
3 1803 1802 1749
3 3819 1803 1802
3 3778 3439 3797
3 3439 3797 3762
3 3772 3503 3508
3 3508 3769 1895
3 3772 3508 3769
3 3769 1896 1895
3 3769 1901 1896
3 3769 1904 1903
3 3769 1902 1901
3 3769 1903 1902
3 2557 2554 1830
3 2557 1830 1828
3 2554 1876 1830
3 3774 3604 3549
3 3858 3774 3604
3 3672 3583 3781
3 3875 3806 3470
3 3865 3770 3895
3 3770 3895 3829
3 4097 4058 3915
3 3952 3807 3953
3 3995 3803 3696
3 3741 3704 3867
3 634 631 607
3 3781 3677 3583
3 3908 3841 3816
3 1339 1340 604
3 3855 3823 3758
3 3778 3466 3439
3 3482 3856 3481
3 3778 3469 3466
3 3466 3847 3834
3 3842 4001 3930
3 3857 3812 3783
3 2635 3926 2636
3 2031 2032 1858
3 2037 1856 1855
3 3746 3777 3678
3 3777 3678 3798
3 2581 2580 1856
3 3860 3707 3693
3 3644 3621 3817
3 3817 3582 3644
3 3439 3834 3793
3 3466 3439 3834
3 3834 3813 3793
3 3991 3827 3864
3 3929 3475 3991
3 3664 3847 3791
3 3947 3676 3909
3 3909 3664 3924
3 3675 3627 4160
3 3797 3705 3689
3 3689 3846 3797
3 3768 3827 3696
3 608 634 607
3 1333 1356 1331
3 3884 3447 3969
3 3829 3436 3435
3 2789 2790 2585
3 2840 2787 2786
3 2786 2787 2590
3 3635 2840 3798
3 2585 2638 2584
3 2638 2637 2584
3 3926 2638 2637
3 3616 3807 3667
3 3633 3835 3729
3 3930 4091 4085
3 3780 3718 3996
3 1573 3871 3604
3 3927 4161 4137
3 3819 3506 3804
3 1891 1804 1751
3 3819 1891 1804
3 3814 3765 3822
3 3765 3822 3806
3 3875 3469 3881
3 3469 3881 3778
3 3839 3885 3860
3 3925 3812 3933
3 3812 3933 3838
3 3857 3747 3735
3 3954 4114 4039
3 634 615 4030
3 1382 3685 1380
3 3828 3811 3997
3 3873 3786 3893
3 3700 4124 4084
3 3879 3989 3899
3 3942 3882 3866
3 3813 3834 3791
3 3835 3633 3711
3 3929 3799 3821
3 3930 3925 4085
3 3594 3765 3590
3 3839 3885 3856
3 3786 3781 3893
3 4242 4030 3795
3 3809 3775 4191
3 4242 4030 4024
3 3792 3573 3536
3 2648 2647 2594
3 3696 3995 3698
3 3667 3818 3793
3 3820 3841 3767
3 3842 3800 3930
3 3800 3930 3925
3 1808 1802 3819
3 1755 1808 1754
3 1806 1805 1752
3 1805 3819 1806
3 1753 1806 1752
3 1808 1807 1754
3 1807 3819 1808
3 1754 1807 1753
3 1807 1806 1753
3 1806 3819 1807
3 3927 4086 3934
3 4085 4014 3925
3 3922 3835 3951
3 3835 3951 3873
3 3864 3799 3943
3 3943 3827 3864
3 3449 1359 4051
3 3778 3757 3881
3 3447 3446 3945
3 3476 3475 3929
3 3755 3841 3716
3 3908 3755 3841
3 1338 606 605
3 3911 3900 4123
3 3834 3847 3791
3 3604 1126 3871
3 3942 3787 3714
3 3733 3831 3828
3 3485 3984 3486
3 3749 3733 3831
3 1381 1377 1350
3 4061 1381 1377
3 4023 3862 3696
3 3725 3830 3721
3 3905 3946 3855
3 3481 3839 3480
3 3839 3480 3913
3 3776 3913 3860
3 3913 3860 3839
3 3776 3832 3475
3 3475 3913 3776
3 3856 3839 3481
3 3490 4101 3489
3 4120 3490 4101
3 3999 3848 3871
3 3947 3594 3909
3 3835 3729 3873
3 3729 3873 3786
3 3773 3966 3928
3 3485 3484 4155
3 3920 3821 3929
3 4074 3629 4082
3 4164 4163 4125
3 3695 3911 3900
3 3935 3808 3759
3 3781 3677 3948
3 4086 4034 4197
3 3685 3922 1378
3 4164 4125 4146
3 3896 3785 3939
3 3867 3844 3896
3 3812 3857 3801
3 3811 3997 3833
3 3604 3858 1152
3 3850 3970 3966
3 3688 3653 4019
3 4002 3949 3888
3 3743 3868 3794
3 4031 3984 4100
3 3984 4100 4087
3 3847 3664 3924
3 3469 3924 3470
3 3528 3996 3780
3 3590 3528 3996
3 3818 3793 3870
3 3793 3870 3813
3 4036 3712 3971
3 3747 3767 3716
3 1355 1382 1354
3 3780 1126 3871
3 3749 3849 3815
3 3749 3849 3831
3 3773 3850 3690
3 1380 3685 1379
3 3871 3848 3788
3 3859 1906 3769
3 2565 2564 1826
3 1854 1907 1853
3 2029 2031 1854
3 4042 3928 3966
3 1572 3862 3562
3 3823 3928 3779
3 3762 3439 3438
3 3885 3719 3707
3 3992 3885 3719
3 3719 3992 3694
3 3992 3694 4003
3 3665 4100 4087
3 3886 3883 3808
3 3978 4065 4049
3 3915 3892 4058
3 3935 3874 3848
3 3774 3858 3458
3 3858 1067 3863
3 1067 3863 1101
3 1101 1095 1094
3 1100 1101 1094
3 1101 1100 3863
3 2558 2611 2557
3 2611 3863 3461
3 3863 3461 3458
3 3863 3458 3858
3 3548 4043 3603
3 3974 3893 3781
3 3802 3639 3625
3 3837 3916 3802
3 3909 3676 3664
3 3435 3884 3448
3 3884 3448 3447
3 3528 4002 3709
3 3960 3890 3949
3 3945 3449 4051
3 3846 3689 3618
3 3618 3868 3846
3 3846 3762 3868
3 3978 3946 4049
3 3946 4049 3987
3 3979 3871 4073
3 4025 3950 3879
3 4057 3891 4025
3 4038 4033 3870
3 4093 4076 4053
3 3791 4050 3813
3 3484 3483 3903
3 3912 3717 3960
3 3881 3757 3912
3 1356 1332 1331
3 1356 4051 1333
3 3888 3822 3949
3 3867 3844 3741
3 3843 3785 3906
3 4006 3990 3690
3 3785 3939 3906
3 3859 1912 1911
3 3501 3938 3872
3 3872 3789 3938
3 3859 1913 1912
3 3872 3502 3501
3 3859 3502 1908
3 3872 3859 3502
3 3859 1914 1913
3 1914 3859 1908
3 3922 3835 3711
3 1376 1378 1349
3 3922 1376 1378
3 3699 4072 3708
3 3912 3717 3757
3 3960 3912 3890
3 3855 3836 3905
3 3852 3914 3876
3 3721 3880 3852
3 619 620 592
3 3882 3942 3854
3 3883 3854 3917
3 3917 3883 3902
3 3877 4057 3891
3 3907 3876 3805
3 3854 3917 3882
3 3862 3861 4005
3 3960 3731 3717
3 4002 3528 3888
3 3985 4087 4048
3 3895 3982 3865
3 4048 4003 3903
3 3983 3902 4027
3 4110 4066 4009
3 3889 3809 3815
3 3771 3761 3708
3 3949 3890 3822
3 3890 3875 3912
3 3875 3912 3881
3 3844 3785 3714
3 4110 4066 4130
3 4066 4130 4122
3 3914 3880 3852
3 3964 3907 3976
3 3907 3976 3958
3 3840 3959 3869
3 3758 3826 3725
3 3950 3899 3887
3 3935 3848 3788
3 3879 3950 3899
3 3982 3895 4019
3 3895 4019 3955
3 3955 3646 3940
3 3668 3868 3618
3 3923 3668 3868
3 3923 3668 3608
3 3608 3982 3923
3 1378 1351 1349
3 3787 3805 3704
3 4036 3971 3800
3 3849 3815 3897
3 3815 3897 3889
3 3936 3894 4013
3 3891 3879 4025
3 4096 3861 4134
3 3883 3854 3759
3 3844 3896 3785
3 3861 3998 3877
3 3998 3877 3891
3 4056 4022 4026
3 4227 3981 3994
3 3733 3828 3700
3 4062 4041 3997
3 3761 3771 3758
3 2639 2638 2585
3 2638 3926 2639
3 2642 2639 2586
3 3926 2642 2639
3 4042 3978 3928
3 4120 3586 3554
3 603 626 597
3 3704 3697 3904
3 3833 3959 3840
3 3801 3857 3747
3 4062 3997 4007
3 4109 4114 3830
3 3983 3979 4027
3 4013 3936 3944
3 3828 3811 3700
3 3800 4036 3842
3 4036 3842 3825
3 3590 3947 3594
3 3947 3710 3996
3 4061 3685 1382
3 1370 1372 1343
3 3922 1370 1372
3 1357 1334 1332
3 3860 3853 3693
3 3775 3965 3782
3 4047 4020 4103
3 3973 3941 3904
3 4072 3974 4006
3 3952 3916 3837
3 1370 3922 3711
3 3907 3866 3958
3 3866 3958 3882
3 3946 3905 3987
3 4105 4026 4056
3 3903 3482 3918
3 3482 3918 3856
3 3918 3856 3992
3 3856 3992 3885
3 3868 3762 3743
3 3529 3743 3437
3 3829 3770 3436
3 3943 3827 3768
3 3820 3767 3921
3 3845 3921 3767
3 3699 4006 3690
3 3954 3916 4039
3 3951 3873 3990
3 3873 3990 3893
3 3884 3940 3578
3 3578 3969 3884
3 3885 3860 3707
3 631 633 607
3 631 4030 634
3 3807 3625 3616
3 3802 3796 3639
3 3796 3948 3677
3 3952 3837 3807
3 4147 3484 3483
3 2589 2642 2586
3 2643 2642 2589
3 2642 3926 2643
3 2590 2643 2589
3 2644 2643 2590
3 2643 3926 2644
3 3635 3926 3798
3 3926 3798 3901
3 2591 2644 2590
3 2644 3926 3635
3 4099 3957 4133
3 4202 3967 3968
3 3925 4014 3933
3 3947 3710 3676
3 3796 3677 3607
3 3933 3838 3993
3 3838 3993 3920
3 3807 3837 3625
3 3929 3920 3476
3 3920 3476 3993
3 3480 4014 3993
3 591 618 589
3 4125 4123 4102
3 3897 3889 4015
3 3889 4015 3972
3 4063 4005 4090
3 3879 3989 3891
3 3862 4201 4090
3 3914 3876 3964
3 3892 3887 4012
3 3928 3910 3823
3 4001 4147 4091
3 3480 3476 3993
3 616 615 588
3 4030 616 615
3 1336 601 600
3 618 616 589
3 4030 618 616
3 4169 3968 4133
3 1336 1337 601
3 3983 3902 4028
3 3866 3907 3805
3 3459 3458 3986
3 3986 3549 3459
3 3458 3986 3901
3 3580 3938 3460
3 3995 3908 3803
3 3841 3820 3816
3 4155 4011 4034
3 4075 4072 3771
3 3771 4114 4075
3 4226 4202 3775
3 4019 3982 3653
3 1358 1335 1334
3 3969 3945 3447
3 1356 1357 1332
3 3811 3737 3712
3 3971 3737 3713
3 4123 3911 4102
3 3998 4005 3861
3 3966 3773 3850
3 4075 3948 3974
3 4124 3749 4137
3 4146 4050 4038
3 3919 3857 3783
3 3904 3867 3973
3 4039 3952 3916
3 3963 3906 3939
3 4006 3893 3990
3 3837 3802 3625
3 3818 3807 3953
3 3948 3796 3954
3 3796 3954 3916
3 4095 4040 4004
3 4109 3830 3900
3 3982 3923 3865
3 3770 3754 3440
3 3940 3955 3829
3 4082 4008 4160
3 4008 4160 4143
3 3906 3874 3843
3 3915 3944 3892
3 3905 3880 3961
3 3880 3961 3914
3 4144 3936 3894
3 3784 3766 3715
3 4046 3731 3960
3 1359 1358 4051
3 3970 3850 3932
3 3928 3910 3978
3 619 592 590
3 3907 3876 3964
3 3874 3935 3843
3 4009 3892 4058
3 617 614 4070
3 3936 3944 3915
3 3961 3914 4037
3 3914 4037 4035
3 4035 3964 3976
3 3771 3826 3758
3 3699 3773 3690
3 3779 3773 3708
3 3836 3758 3725
3 3892 3887 4009
3 3887 4009 3950
3 617 619 590
3 4070 617 619
3 4070 635 613
3 3808 3935 3788
3 3978 3946 3910
3 4011 3878 4034
3 3486 4197 3487
3 3496 633 4030
3 1337 605 601
3 3825 4011 3878
3 3653 3608 3982
3 3970 3966 4052
3 3966 4052 4042
3 3953 4135 4033
3 3889 3775 3972
3 3775 3972 3965
3 3845 3767 3747
3 3845 3747 3735
3 3990 3690 3727
3 3727 3951 3685
3 3990 3727 3951
3 3811 3712 3700
3 3971 3919 3800
3 3815 3749 4161
3 3676 4094 3710
3 3869 3845 3735
3 3840 3869 3735
3 3840 3735 3713
3 3896 3867 3975
3 3867 3975 3973
3 4061 3932 3685
3 3998 3891 4022
3 3891 4022 3989
3 4118 4035 4104
3 3961 3905 3987
3 1375 4061 1377
3 4026 3989 4029
3 3958 4045 3977
3 4005 3862 4090
3 4027 3883 3886
3 4027 3886 3937
3 4056 3998 4063
3 4018 3970 3932
3 3932 4061 4018
3 4180 4021 4010
3 3897 4077 4015
3 4044 3980 3994
3 3761 3779 3708
3 3823 3761 3758
3 3646 3955 3619
3 3955 3619 4019
3 3579 3969 3578
3 3969 3579 3533
3 3983 4059 4028
3 4120 3490 3494
3 3720 4087 4048
3 3903 4003 3918
3 3724 4048 4003
3 3627 4143 3659
3 2564 2563 1824
3 1827 2564 1824
3 3979 4059 3983
3 3988 3896 3939
3 3988 3975 3896
3 3925 3800 3783
3 4006 3974 3893
3 4006 3699 4072
3 4191 3775 4202
3 4039 3952 4079
3 3952 4079 3953
3 3878 4137 3934
3 3908 3816 3803
3 4050 4038 3870
3 3999 3780 3871
3 4227 3980 3994
3 4043 3827 3577
3 4084 4124 3825
3 3627 4160 4143
3 3629 4082 3651
3 633 4030 631
3 3878 4034 3934
3 4001 3825 4011
3 617 590 587
3 4044 3980 3931
3 3698 3995 3908
3 4191 3957 3927
3 4202 4191 3957
3 4010 3849 3831
3 3785 3759 3701
3 3941 3904 3697
3 3870 3818 4033
3 3999 3874 4000
3 3874 4000 3963
3 3812 3925 3783
3 3780 4119 3999
3 4086 3927 4099
3 3949 4046 3960
3 3853 3753 3693
3 3955 3895 3829
3 3767 3841 3716
3 3908 3698 3674
3 4060 4004 4000
3 4060 4000 3999
3 3780 3718 4119
3 4016 3977 3917
3 4103 4047 4055
3 4022 3998 4056
3 4012 3892 4032
3 3892 4032 3944
3 3887 4012 3899
3 3878 3825 4124
3 3818 4033 3953
3 4114 4075 3954
3 3911 3697 3695
3 3911 3941 3697
3 3959 3833 4007
3 3833 4007 3997
3 3803 4023 3962
3 4120 3494 4115
3 3487 4082 4008
3 4074 3673 3629
3 4101 3489 4074
3 3823 3779 3761
3 4066 4025 4122
3 3808 3883 3759
3 3862 3861 4134
3 4180 4021 4204
3 4021 4204 4077
3 4241 4220 4203
3 4010 3849 4021
3 4177 4134 4023
3 4021 3897 3849
3 3708 3773 3699
3 4202 3967 4226
3 3967 4226 4024
3 3927 4137 3934
3 4104 4037 4067
3 4110 4009 4058
3 620 619 4070
3 4065 3978 4042
3 4049 3987 4071
3 3987 4071 4067
3 4052 4042 4108
3 4042 4108 4065
3 4018 3970 4098
3 3970 4098 4052
3 4131 4078 636
3 4089 4035 4118
3 4027 3979 3937
3 3981 4055 4047
3 4017 3795 3810
3 4017 3810 3965
3 4027 3902 3883
3 1357 4051 1356
3 4046 3949 4002
3 620 593 592
3 4055 3981 4054
3 614 613 4070
3 4017 3795 4070
3 3830 3900 3721
3 3836 3725 3721
3 3880 3836 3721
3 3787 3741 3714
3 4181 4130 4172
3 4016 3917 3902
3 4026 3989 4022
3 3902 4028 4016
3 3805 3876 3697
3 4009 3950 4066
3 3950 4066 4025
3 3927 4099 3957
3 4091 4085 3482
3 3904 3867 3704
3 3998 4063 4005
3 3958 4045 3976
3 3989 3899 4029
3 3899 4029 4012
3 4032 4012 4069
3 4067 4037 3961
3 4032 3944 4068
3 3914 4035 3964
3 4176 4055 4145
3 4054 3994 4044
3 4054 3981 3994
3 3770 3865 3754
3 4008 3486 4031
3 3486 4031 3984
3 4020 4017 4078
3 3991 3827 4043
3 3996 3718 3710
3 4091 3483 3482
3 3871 1573 4073
3 4071 4067 4151
3 4067 4151 4104
3 3857 3919 3735
3 4165 4206 4196
3 3968 3957 4202
3 3800 3919 3783
3 3811 3833 3737
3 4137 3749 4161
3 3943 3755 3674
3 3771 4072 3708
3 4064 3939 3963
3 4093 3988 4064
3 3878 4137 4124
3 4000 4004 3963
3 4004 3963 4064
3 4050 3813 3870
3 3997 3828 4041
3 3828 4041 3831
3 3831 4041 4010
3 4122 4057 4025
3 4023 3862 4134
3 4136 4007 3959
3 4141 4096 4057
3 3548 3991 3475
3 4043 3548 3991
3 4169 3968 3967
3 3802 3916 3796
3 3818 3807 3667
3 3485 4197 4155
3 4086 4034 3934
3 3482 3481 4085
3 4091 3930 4001
3 3484 4155 4147
3 4014 3481 3480
3 4085 4014 3481
3 4147 4001 4011
3 4105 4029 4026
3 4078 4070 4017
3 3894 4080 4013
3 4078 636 635
3 1333 4051 3551
3 4002 4081 4046
3 4112 4013 4068
3 4082 3651 4160
3 3832 3784 3642
3 4074 3488 3489
3 3675 3651 4160
3 4163 4138 4123
3 4075 3954 3948
3 3833 3840 3713
3 3645 4081 3738
3 4081 3738 3709
3 3945 3969 3533
3 3533 4051 3945
3 3551 3533 4051
3 4098 4052 4142
3 4052 4142 4108
3 3664 4053 3791
3 3821 3838 3801
3 3821 3801 3716
3 3698 3768 3674
3 3755 3799 3716
3 3791 4053 4050
3 3838 3812 3801
3 4117 4071 4049
3 3795 620 4070
3 3931 4167 3894
3 4077 3897 4021
3 614 587 586
3 4067 3961 3987
3 4059 4132 4121
3 4180 4167 3931
3 3931 4204 4180
3 4144 4097 3915
3 3697 3852 3695
3 3836 3855 3758
3 3876 3852 3697
3 4080 3931 3894
3 4107 4044 4088
3 4013 3944 4068
3 4092 4080 4088
3 3733 4124 3749
3 4129 3975 3988
3 4075 4072 3974
3 3941 3911 4102
3 4102 3973 3941
3 4079 4109 4039
3 1368 4185 4061
3 3877 3861 4096
3 4035 3976 4089
3 3976 4089 4045
3 4086 4099 3487
3 3487 4197 4086
3 4012 4069 4029
3 1548 3493 1543
3 4045 3977 4083
3 3977 4083 4016
3 4148 4112 4068
3 4139 4088 4092
3 3486 3485 4197
3 4084 4036 3825
3 4109 4114 4039
3 4095 4004 4060
3 4117 4049 4065
3 4068 4148 4113
3 4037 4035 4104
3 4112 4080 4013
3 4159 4148 4113
3 4106 4162 4152
3 4157 4151 4071
3 3927 4191 4161
3 3737 3833 3713
3 4079 4138 4109
3 4093 4064 4040
3 4135 3953 4079
3 4053 3664 4076
3 3664 4076 3676
3 4119 4060 3999
3 4076 3676 4095
3 3676 4095 4094
3 3943 3799 3755
3 3759 3854 3701
3 3843 3935 3759
3 4141 4057 4122
3 3877 4096 4057
3 3854 3942 3701
3 3741 3844 3714
3 3718 4119 4094
3 3771 4114 3826
3 4139 4107 4088
3 4112 4080 4092
3 4088 4044 3931
3 3790 3784 3753
3 4081 3709 4002
3 3853 3790 3753
3 3731 4046 3645
3 4046 3645 4081
3 3488 3487 4082
3 4074 3488 4082
3 625 602 597
3 4126 625 602
3 3815 3809 4161
3 1337 1338 605
3 3782 4226 3775
3 3496 4217 4030
3 4143 4100 4031
3 3665 4100 3659
3 4100 3659 4143
3 4089 4045 4106
3 4045 4106 4083
3 4111 4105 4128
3 4105 4029 4111
3 4029 4111 4069
3 4069 4140 4111
3 3493 812 811
3 3488 3487 4099
3 3639 3796 3607
3 3483 4147 4091
3 3493 1367 1366
3 3493 637 636
3 4076 4093 4040
3 4040 4095 4076
3 3830 4114 3826
3 4146 3973 3975
3 4135 4079 4138
3 3852 3721 3695
3 4136 4007 4171
3 4007 4171 4062
3 3946 3910 3855
3 3937 3886 3788
3 3495 3494 4115
3 4115 3496 3495
3 4074 4101 3673
3 4129 4093 4053
3 4113 4069 4140
3 4103 4020 4131
3 4020 4131 4078
3 4083 4016 4116
3 4016 4116 4028
3 4116 4083 4149
3 4146 3975 4129
3 4145 4055 4054
3 3493 811 637
3 4212 4159 4183
3 4089 4152 4106
3 4089 4152 4118
3 3735 3919 3713
3 4145 4054 4107
3 4197 4155 4034
3 4191 3809 4161
3 3951 3922 3685
3 4187 4097 4171
3 4047 4015 3981
3 4015 3981 4227
3 4069 4032 4113
3 4032 4113 4068
3 4083 4149 4106
3 4198 4131 4103
3 4070 4078 635
3 4162 4149 4193
3 4149 4193 4174
3 4155 4147 4011
3 4129 3988 4093
3 4164 4146 4038
3 4126 3597 3586
3 4073 4059 4132
3 4056 4127 4063
3 4116 4028 4121
3 4028 4121 4059
3 3919 3971 3713
3 4108 4065 4150
3 4065 4150 4117
3 4157 4071 4117
3 4105 4056 4127
3 4094 4095 4060
3 4060 4119 4094
3 3712 4036 3700
3 4126 602 3597
3 602 599 597
3 4192 4154 4148
3 4117 4194 4157
3 4172 4130 4110
3 4097 4058 4187
3 4242 4024 4226
3 3973 4125 4102
3 4040 4064 4004
3 4233 4215 4247
3 4105 4128 4127
3 3871 3937 3788
3 3886 3808 3788
3 3493 817 812
3 4168 4152 4118
3 4149 4116 4174
3 4116 4174 4121
3 4149 4106 4162
3 3862 1572 4201
3 1543 4267 4253
3 4179 4118 4104
3 4133 3489 3488
3 4062 4167 4041
3 4181 4178 4130
3 3704 3805 3697
3 4172 3959 3869
3 4177 3962 4023
3 3785 3843 3759
3 3962 4189 3956
3 4189 3962 4177
3 4146 4125 3973
3 4123 3900 4138
3 4124 3733 3700
3 4129 4053 4050
3 4146 4129 4050
3 4138 4109 3900
3 4113 4159 4140
3 4198 4103 4176
3 4173 4112 4154
3 4216 4153 4188
3 4107 4153 4145
3 4154 4112 4148
3 4144 4167 4062
3 4062 4171 4144
3 3714 3785 3701
3 4144 4097 4171
3 4213 3921 3956
3 4141 4096 4177
3 4096 4177 4134
3 4187 4172 4110
3 4115 4126 3586
3 3673 4101 3554
3 4101 4120 3554
3 4077 4015 4227
3 3880 3905 3836
3 4090 4063 4158
3 4063 4158 4127
3 4163 4123 4125
3 3737 3971 3712
3 4135 4033 4164
3 4033 4164 4038
3 4024 3967 4217
3 4217 4030 4024
3 4169 3490 3489
3 4099 4133 3488
3 4153 4107 4139
3 4192 4148 4159
3 4158 4127 4170
3 4127 4170 4128
3 4193 4225 4218
3 4176 4103 4055
3 4214 4198 4176
3 4206 4165 4185
3 1579 1578 845
3 4174 4218 4184
3 4194 4117 4150
3 4073 1573 4156
3 4166 4150 4203
3 4150 4203 4194
3 4186 4162 4208
3 4162 4208 4193
3 4142 4108 4166
3 4108 4166 4150
3 4256 4221 4245
3 4061 4018 4185
3 4018 4185 4098
3 4179 4104 4151
3 4174 4218 4193
3 4043 3603 3577
3 4169 3489 4133
3 4157 4151 4195
3 4151 4195 4179
3 4111 4175 4140
3 4111 4175 4128
3 4183 4175 4215
3 1548 1543 4270
3 4220 4194 4203
3 4259 4235 4210
3 4121 4184 4174
3 4193 4225 4208
3 4132 4121 4184
3 4090 4201 4158
3 4212 4192 4159
3 4243 1365 4258
3 4170 4128 4182
3 4112 4092 4173
3 4092 4173 4139
3 4120 4115 3586
3 4242 4226 3782
3 3810 3782 4242
3 4242 3795 3810
3 4179 4168 4118
3 4194 4157 4210
3 4157 4210 4195
3 4036 4084 3700
3 4138 4163 4135
3 4163 4135 4164
3 4059 4073 3979
3 4210 4195 4235
3 4195 4235 4222
3 3741 3787 3704
3 4020 4017 3965
3 4047 4020 3972
3 4204 4077 4227
3 4167 4144 3894
3 4180 4041 4167
3 4168 4152 4186
3 3493 1545 1544
3 1575 3493 1546
3 4225 4250 4234
3 3495 4217 3496
3 3493 1547 1546
3 4175 4128 4182
3 4200 4224 4214
3 4172 4136 4187
3 4136 4187 4171
3 4187 4110 4058
3 4180 4010 4041
3 4141 4189 4177
3 4189 4141 4178
3 3845 4213 4181
3 4181 4178 4213
3 4178 4213 4189
3 3921 3845 4213
3 4165 4142 4196
3 4142 4196 4166
3 4175 4140 4183
3 4140 4183 4159
3 4209 4182 4233
3 4131 637 636
3 4198 4131 637
3 4214 4176 4200
3 4212 4192 4230
3 4153 4145 4200
3 4145 4200 4176
3 4213 3956 4189
3 4130 4122 4178
3 4122 4178 4141
3 4181 3869 3845
3 4181 4172 3869
3 4172 4136 3959
3 4239 1572 4201
3 3972 4020 3965
3 4173 4139 4188
3 4139 4188 4153
3 4247 4266 4249
3 4185 1368 1367
3 1367 4206 4185
3 4198 811 637
3 4214 4198 811
3 4212 4240 4230
3 4214 812 811
3 4224 4214 812
3 4175 4215 4182
3 4162 4152 4186
3 4253 4245 4270
3 4245 4270 4256
3 4165 4142 4098
3 4098 4185 4165
3 3493 1366 1365
3 1366 1365 4243
3 4179 4168 4211
3 4168 4211 4186
3 4179 4222 4211
3 1552 4272 4262
3 4265 823 822
3 1545 4262 4259
3 1578 4271 4255
3 3980 4204 3931
3 4227 3980 4204
3 4199 4170 4158
3 4158 4201 4199
3 4190 4169 3967
3 3967 4217 4190
3 4248 4247 4266
3 3493 1548 1547
3 1548 1547 4270
3 4262 4259 4220
3 4259 1545 4267
3 4184 4132 4207
3 4132 4207 4156
3 4199 4170 4209
3 4170 4209 4182
3 1549 3493 1365
3 1365 4258 1549
3 4209 4199 4228
3 4132 4156 4073
3 4222 4179 4195
3 4169 4190 3490
3 4190 3494 3490
3 4190 3495 3494
3 4190 3495 4217
3 4215 4182 4233
3 3493 1544 1543
3 1544 1543 4267
3 4207 4184 4223
3 4216 4200 4153
3 4231 4212 4183
3 4230 4205 4192
3 4192 4154 4205
3 4154 4205 4173
3 4233 4209 4237
3 4184 4223 4218
3 4207 4229 4156
3 4221 4208 4238
3 4208 4238 4225
3 4196 4166 4219
3 4166 4219 4203
3 4241 4203 4219
3 4199 4228 4201
3 4253 4245 4222
3 4263 4250 1575
3 4220 4210 4194
3 4240 4212 4231
3 4225 4250 4238
3 4261 1578 1569
3 4258 4241 4219
3 4206 4196 4243
3 4196 4243 4219
3 4231 4215 4247
3 4250 1575 4271
3 4232 4188 4244
3 4234 4271 4250
3 4224 4200 4216
3 4205 4173 4232
3 4173 4232 4188
3 1569 847 846
3 847 846 4268
3 4230 4205 4246
3 4205 4246 4232
3 4218 4234 4223
3 4264 820 819
3 4231 4248 4240
3 4244 4216 4188
3 4251 4230 4240
3 4201 4239 4228
3 4260 4224 4216
3 4231 4248 4247
3 4239 848 4257
3 4255 4261 1578
3 4183 4231 4215
3 845 4268 846
3 1569 1574 847
3 4261 1569 1574
3 4209 4237 4228
3 4259 4210 4220
3 4229 4254 4236
3 4211 4186 4221
3 4186 4221 4208
3 4222 4211 4245
3 1573 1572 848
3 4255 4234 4271
3 4206 1367 1366
3 1366 4243 4206
3 4229 4156 1573
3 1575 1579 844
3 4245 4221 4211
3 4264 4244 4252
3 4249 4266 845
3 4253 4222 4235
3 4237 4228 4257
3 4218 4234 4225
3 4223 4207 4236
3 4207 4236 4229
3 1575 4263 1546
3 4253 1543 4270
3 4256 4238 4221
3 3493 1575 844
3 4251 4246 4230
3 4228 4257 4239
3 4237 4233 4249
3 4233 4249 4247
3 4248 4240 4265
3 4240 4265 4251
3 4234 4223 4255
3 4223 4255 4236
3 4251 4265 822
3 822 4269 4251
3 4224 817 812
3 4260 4224 817
3 4249 4237 4268
3 4265 832 823
3 4237 4268 4257
3 3493 819 818
3 4252 4232 4246
3 4255 4236 4261
3 4236 4261 4254
3 4265 4248 832
3 4248 832 4266
3 1572 4239 848
3 4264 819 818
3 818 4264 4260
3 4258 4219 4243
3 4258 1549 4272
3 1547 4270 4256
3 4256 4238 4263
3 4238 4263 4250
3 4263 1547 1546
3 4272 4241 4258
3 4261 1574 4254
3 4256 1547 4263
3 4262 4220 4241
3 1579 1575 4271
3 1553 3493 1549
3 1549 4272 1553
3 4254 4229 1573
3 4260 4216 4244
3 1574 1573 848
3 4254 1574 1573
3 3493 818 817
3 818 817 4260
3 4267 1545 1544
3 3493 821 820
3 821 820 4269
3 3467 1325 3550
3 3550 3464 3467
3 1524 1303 3467
3 1303 3467 1324
3 1317 3467 1318
3 3467 3464 1524
3 1299 1323 1303
3 1316 3467 1317
3 1319 1316 3467
3 1321 3467 1322
3 1400 1399 910
3 3550 3539 3464
3 1322 3467 1325
3 1303 1299 1324
3 1328 3550 1409
3 1324 1320 3467
3 1318 3467 1321
3 1325 1301 3550
3 1320 1319 3467
3 3589 1684 3462
3 1238 3462 1054
3 1239 1238 3462
3 3347 3401 3324
3 3324 3416 3347
3 2393 2366 2392
3 2392 2446 2444
3 2446 2444 2445
3 2393 2446 2392
