4273 vertices
14565 inner tets
14307 outer tets
25 0 39.5833
27.9469 3.80745 39.5833
27.9049 3.82484 39.5833
28.0796 3.77802 39.5833
28.0346 3.78395 39.5833
27.9902 3.79379 39.5833
27.726 3.96209 39.5833
27.6984 3.99814 39.5833
27.6739 4.03646 39.5833
27.8646 3.84582 39.5833
27.8263 3.87023 39.5833
27.7902 3.89789 39.5833
27.7567 3.92859 39.5833
27.6121 4.20643 39.5833
27.6061 4.25148 39.5833
27.6042 4.29688 39.5833
27.653 4.07676 39.5833
27.6356 4.11874 39.5833
27.6219 4.16207 39.5833
27.6061 4.34227 39.5833
27.6121 4.38732 39.5833
27.9049 4.76891 39.5833
27.9469 4.7863 39.5833
27.9902 4.79996 39.5833
28.0346 4.8098 39.5833
28.0796 4.81573 39.5833
28.125 3.77604 39.5833
28.1704 3.77802 39.5833
28.2154 3.78395 39.5833
28.2598 3.79379 39.5833
28.3031 3.80745 39.5833
28.3451 3.82484 39.5833
28.3854 3.84582 39.5833
28.4237 3.87023 39.5833
28.4598 3.89789 39.5833
28.4933 3.92859 39.5833
28.524 3.96209 39.5833
28.5516 3.99814 39.5833
28.5761 4.03646 39.5833
28.597 4.07676 39.5833
28.6144 4.11874 39.5833
28.6281 4.16207 39.5833
28.6379 4.20643 39.5833
28.6439 4.25148 39.5833
28.6458 4.29688 39.5833
28.6439 4.34227 39.5833
28.2154 4.8098 39.5833
28.1704 4.81573 39.5833
28.125 4.81771 39.5833
28.6379 4.38732 39.5833
28.6281 4.43168 39.5833
28.3031 4.7863 39.5833
28.2598 4.79996 39.5833
27.6219 4.43168 39.5833
27.6356 4.47501 39.5833
27.653 4.51699 39.5833
28.6144 4.47501 39.5833
28.597 4.51699 39.5833
27.6739 4.55729 39.5833
27.6984 4.59561 39.5833
27.726 4.63166 39.5833
28.524 4.63166 39.5833
30.2163 2.68301 42.0833
30.2083 2.86458 42.0833
28.5761 4.55729 39.5833
28.5516 4.59561 39.5833
27.7567 4.66516 39.5833
27.7902 4.69586 39.5833
27.8263 4.72352 39.5833
28.4933 4.66516 39.5833
28.4598 4.69586 39.5833
28.4237 4.72352 39.5833
27.8646 4.74793 39.5833
28.3854 4.74793 39.5833
28.3451 4.76891 39.5833
30.2083 8.07292 41.6667
30.2083 8.07292 42.0833
30.2083 17.1875 41.6667
30.2083 17.1875 42.0833
30.5851 1.66963 42.0833
30.5987 6.31201 41.6667
30.4874 1.82292 42.0833
30.8185 1.39144 42.0833
30.7666 5.98958 41.6667
30.6957 1.52544 42.0833
30.334 2.15204 42.0833
30.2793 2.32538 42.0833
30.24 2.50282 42.0833
30.4035 1.98413 42.0833
30.7666 5.98958 42.0833
30.5987 6.31201 42.0833
30.4596 6.64783 42.0833
30.2716 7.34938 41.6667
30.2242 7.70977 41.6667
30.2242 17.5507 41.6667
30.4596 6.64783 41.6667
30.3503 6.9945 41.6667
30.2716 17.911 41.6667
30.3503 18.2659 41.6667
30.2716 7.34938 42.0833
30.2242 7.70977 42.0833
30.2242 17.5507 42.0833
30.3503 6.9945 42.0833
30.2716 17.911 42.0833
30.4596 18.6126 41.6667
30.3503 18.2659 42.0833
30.2083 22.3958 42.0833
30.2083 33.0729 41.6667
30.2163 22.5774 42.0833
30.3503 31.9945 41.6667
30.2716 32.3494 41.6667
30.2242 32.7098 41.6667
30.2163 27.683 42.0833
30.2242 32.7098 42.0833
30.2083 33.0729 42.0833
30.24 22.7576 42.0833
30.2793 22.935 42.0833
30.334 23.1084 42.0833
30.2716 32.3494 42.0833
30.2083 42.1875 41.6667
30.2242 42.5506 41.6667
30.2083 42.1875 42.0833
30.2242 42.5506 42.0833
30.2716 42.911 41.6667
30.3503 43.2659 41.6667
30.2083 47.3958 42.0833
30.2163 47.5774 42.0833
30.24 47.7576 42.0833
30.2716 42.911 42.0833
30.3503 43.2659 42.0833
30.2793 47.935 42.0833
30.334 48.1084 42.0833
30.4596 18.6126 42.0833
30.5987 18.9484 41.6667
30.5987 31.312 41.6667
30.5987 18.9484 42.0833
30.7666 19.2708 41.6667
30.7666 30.9896 41.6667
30.4035 23.2763 42.0833
30.4874 23.4375 42.0833
30.5851 23.5908 42.0833
30.7666 19.2708 42.0833
30.8185 23.869 42.0833
30.9525 23.9918 42.0833
30.8185 26.3914 42.0833
30.4596 31.6478 41.6667
30.4596 43.6126 41.6667
30.3503 31.9945 42.0833
30.4596 31.6478 42.0833
30.4596 43.6126 42.0833
30.5987 43.9484 41.6667
30.7666 44.2708 41.6667
30.4035 48.2763 42.0833
30.4874 48.4375 42.0833
30.5851 48.5908 42.0833
30.5987 43.9484 42.0833
30.7666 44.2708 42.0833
30.6957 48.735 42.0833
30.8185 48.869 42.0833
26.0496 22.5774 42.9167
26.0733 22.7576 42.9167
26.1127 22.935 42.9167
26.1673 23.1084 42.9167
26.2369 23.2763 42.9167
26.3208 23.4375 42.9167
26.4184 23.5908 42.9167
26.5291 23.735 42.9167
26.6519 23.869 42.9167
26.7859 23.9918 42.9167
26.9301 24.1024 42.9167
27.0833 24.2001 42.9167
27.2445 24.284 42.9167
27.4125 24.3535 42.9167
27.5858 24.4082 42.9167
27.4125 25.9069 42.9167
27.7632 24.4475 42.9167
27.7632 25.8129 42.9167
27.5858 25.8522 42.9167
26.6519 26.3914 42.9167
26.5291 26.5254 42.9167
26.4184 26.6696 42.9167
27.2445 25.9764 42.9167
27.0833 26.0604 42.9167
26.9301 26.158 42.9167
26.7859 26.2687 42.9167
30.24 22.7576 42.9167
30.2793 22.935 42.9167
30.334 23.1084 42.9167
30.4035 23.2763 42.9167
30.6957 23.735 42.0833
30.4874 23.4375 42.9167
27.9434 24.4712 42.9167
28.125 24.4792 42.9167
27.9434 25.7892 42.9167
30.5851 23.5908 42.9167
30.6957 23.735 42.9167
30.8185 23.869 42.9167
28.125 25.7812 42.9167
30.334 27.152 42.0833
30.2793 27.3254 42.0833
30.24 27.5028 42.0833
30.6957 26.5254 42.0833
30.5851 26.6696 42.0833
30.4874 26.8229 42.0833
30.4035 26.9841 42.0833
30.5851 26.6696 42.9167
30.2083 27.8646 42.0833
30.4874 26.8229 42.9167
30.8185 26.3914 42.9167
30.6957 26.5254 42.9167
30.7666 30.9896 42.0833
30.5987 31.312 42.0833
31.4287 5.12664 41.6667
31.1831 5.39464 41.6667
30.9619 5.68302 41.6667
32.2917 4.46448 41.6667
31.9851 4.65978 41.6667
31.6967 4.88107 41.6667
31.4287 5.12664 42.0833
31.1831 5.39464 42.0833
30.9619 5.68302 42.0833
32.2917 0.78125 42.0833
32.2917 4.46448 42.0833
31.9851 4.65978 42.0833
31.6967 4.88107 42.0833
30.9619 19.5774 41.6667
31.1831 19.8658 41.6667
31.4287 20.1338 41.6667
31.6967 20.3794 41.6667
31.9851 20.6006 41.6667
32.2917 20.7959 41.6667
30.9619 19.5774 42.0833
31.1831 19.8658 42.0833
31.4287 20.1338 42.0833
31.6967 20.3794 42.0833
31.9851 20.6006 42.0833
32.2917 29.4645 41.6667
32.2917 20.7959 42.0833
33.2966 4.04823 41.6667
32.9499 4.15753 41.6667
32.6141 4.29663 41.6667
34.375 3.90625 41.6667
34.0119 3.92211 41.6667
33.6515 3.96955 41.6667
32.6141 4.29663 42.0833
32.6141 20.9638 41.6667
32.6141 20.9638 42.0833
34.0119 3.92211 42.0833
33.6515 3.96955 42.0833
33.2966 4.04823 42.0833
32.9499 4.15753 42.0833
32.9499 21.1029 41.6667
33.2966 21.2122 41.6667
33.6515 21.2909 41.6667
34.0119 21.3383 41.6667
34.375 21.3542 41.6667
34.375 28.9062 41.6667
34.0119 28.9221 41.6667
32.9499 21.1029 42.0833
32.9499 29.1575 41.6667
32.6141 29.2966 41.6667
33.2966 21.2122 42.0833
33.6515 21.2909 42.0833
33.6515 28.9696 41.6667
33.2966 29.0482 41.6667
31.25 1.06036 42.0833
31.0967 1.15802 42.0833
30.9525 1.26866 42.0833
31.7525 0.852238 42.0833
31.5791 0.90689 42.0833
31.4112 0.976442 42.0833
30.9525 23.9918 42.9167
31.0967 24.1024 42.0833
31.0967 24.1024 42.9167
31.25 24.2001 42.0833
31.25 24.2001 42.9167
31.4112 24.284 42.0833
31.4112 24.284 42.9167
31.4112 25.9764 42.0833
31.25 26.0604 42.0833
31.0967 26.158 42.0833
31.5791 24.3535 42.0833
31.7525 25.8522 42.0833
31.5791 25.9069 42.0833
31.0967 26.158 42.9167
30.9525 26.2687 42.0833
30.9525 26.2687 42.9167
31.5791 24.3535 42.9167
31.5791 25.9069 42.9167
31.4112 25.9764 42.9167
31.25 26.0604 42.9167
32.1101 0.789178 42.0833
31.9299 0.812901 42.0833
31.7525 24.4082 42.0833
34.375 3.90625 42.0833
34.0119 21.3383 42.0833
34.375 21.3542 42.0833
31.7525 24.4082 42.9167
31.9299 24.4475 42.0833
31.9299 24.4475 42.9167
32.1101 24.4712 42.0833
32.1101 24.4712 42.9167
32.2917 24.4792 42.0833
32.2917 24.4792 42.9167
32.2917 25.7812 42.0833
32.1101 25.7892 42.0833
31.9299 25.8129 42.0833
34.375 28.9062 42.0833
34.0119 28.9221 42.0833
33.6515 28.9696 42.0833
33.2966 29.0482 42.0833
32.1101 25.7892 42.9167
31.9299 25.8129 42.9167
31.7525 25.8522 42.9167
32.9499 29.1575 42.0833
32.2917 25.7812 42.9167
32.6141 29.2966 42.0833
32.2917 29.4645 42.0833
35.6679 36.2051 39.5833
35.5586 36.5518 39.5833
35.48 36.9067 39.5833
36.1702 35.2403 39.5833
35.9749 35.5469 39.5833
35.8071 35.8693 39.5833
35.48 36.9067 41.6667
35.4325 37.2671 39.5833
35.4167 37.6302 41.6667
35.9749 35.5469 41.6667
35.8071 35.8693 41.6667
35.6679 36.2051 41.6667
35.5586 36.5518 41.6667
35.4167 37.6302 39.5833
35.4325 37.9934 39.5833
35.48 38.3537 39.5833
35.5586 38.7086 39.5833
35.6679 39.0553 39.5833
35.8071 39.3911 39.5833
35.4325 37.9934 41.6667
35.48 38.3537 41.6667
35.5586 38.7086 41.6667
35.6679 39.0553 41.6667
35.8071 39.3911 41.6667
35.9749 39.7135 39.5833
36.1702 40.0201 39.5833
37.8224 33.8539 39.5833
37.5 34.0218 39.5833
37.1934 34.2171 39.5833
38.8598 33.5268 39.5833
38.5049 33.6055 39.5833
38.1582 33.7148 39.5833
37.1934 34.2171 41.6667
36.9051 34.4384 39.5833
36.9051 34.4384 41.6667
38.5049 33.6055 41.6667
38.1582 33.7148 41.6667
37.8224 33.8539 41.6667
37.5 34.0218 41.6667
36.6371 34.6839 39.5833
36.3915 34.9519 39.5833
36.3915 40.3085 39.5833
36.6371 40.5765 39.5833
36.9051 40.8221 39.5833
37.1934 41.0433 39.5833
37.5 41.2386 39.5833
36.6371 34.6839 41.6667
36.3915 34.9519 41.6667
36.1702 35.2403 41.6667
37.8224 41.4065 39.5833
38.1582 41.5456 39.5833
38.5049 41.6549 39.5833
38.8598 41.7336 39.5833
31.1831 30.3946 41.6667
30.9619 30.683 41.6667
30.9619 44.5774 41.6667
31.9851 29.6598 41.6667
31.6967 29.8811 41.6667
31.4287 30.1266 41.6667
30.9619 30.683 42.0833
31.1831 44.8658 41.6667
30.9619 44.5774 42.0833
31.9851 29.6598 42.0833
31.6967 29.8811 42.0833
31.4287 30.1266 42.0833
31.1831 30.3946 42.0833
31.1831 44.8658 42.0833
31.4287 45.1338 41.6667
31.4287 45.1338 42.0833
31.6967 45.3794 41.6667
31.6967 45.3794 42.0833
31.9851 45.6006 41.6667
31.9851 45.6006 42.0833
30.9525 48.9918 42.0833
31.0967 49.1024 42.0833
31.25 49.2001 42.0833
31.4112 49.284 42.0833
31.5791 49.3535 42.0833
31.7525 49.4082 42.0833
31.9299 49.4475 42.0833
35.4325 37.2671 41.6667
35.9749 39.7135 41.6667
36.1702 40.0201 41.6667
38.8598 33.5268 41.6667
36.3915 40.3085 41.6667
36.6371 40.5765 41.6667
36.9051 40.8221 41.6667
37.1934 41.0433 41.6667
32.2917 45.7959 42.0833
37.5 41.2386 41.6667
37.8224 41.4065 41.6667
38.1582 41.5456 41.6667
38.5049 41.6549 41.6667
32.2917 45.7959 41.6667
32.6141 45.9638 41.6667
32.9499 46.1029 41.6667
33.2966 46.2122 41.6667
33.6515 46.2909 41.6667
34.0119 46.3383 41.6667
34.375 46.3542 41.6667
32.6141 45.9638 42.0833
32.9499 46.1029 42.0833
32.1101 49.4712 42.0833
33.2966 46.2122 42.0833
33.6515 46.2909 42.0833
34.0119 46.3383 42.0833
34.375 46.3542 42.0833
25 43.2824 44.3873
25 43.3756 44.1313
25 43.3234 44.2573
25 43.2529 44.5203
26.0417 43.3234 44.2573
26.0417 43.2824 44.3873
25 43.2292 44.7917
25 43.2351 44.6555
25 43.2351 44.9278
26.0417 43.2529 44.5203
25 43.2529 45.063
25 43.2824 45.1961
25 43.3234 45.3261
25 43.5947 43.7873
25 43.7873 43.5947
25 43.6868 43.6868
25 43.4385 44.0104
25 43.5117 43.8955
26.0417 43.5117 43.8955
25 43.3756 45.452
25 43.4385 45.5729
25 43.5117 45.6879
26.0417 43.4385 44.0104
25 43.5947 45.796
25 43.6868 45.8965
25 43.7873 45.9886
26.0496 2.68301 42.9167
26.0417 2.86458 42.9167
26.0417 22.3958 42.9167
26.0733 2.50282 42.9167
26.1127 27.3254 42.9167
26.0733 27.5028 42.9167
26.0417 27.8646 42.9167
26.0417 43.2351 44.6555
26.0417 43.2292 44.7917
26.0496 27.683 42.9167
26.1127 22.935 52.0833
26.0417 43.2351 44.9278
26.0496 27.683 52.0833
26.0417 43.6868 43.6868
26.0417 43.8955 43.5117
26.0417 43.7873 43.5947
26.0417 43.2529 45.063
26.0417 43.2824 45.1961
26.0417 43.5947 43.7873
26.0417 43.3756 44.1313
26.0417 43.3234 45.3261
26.0417 43.3756 45.452
26.0417 43.4385 45.5729
26.0417 43.5117 45.6879
26.0417 43.5947 45.796
26.0417 43.6868 45.8965
26.0417 43.7873 45.9886
25 0 54.1667
25 34.9852 54.1667
25 35.076 54.1706
26.0417 35.076 54.1706
25 35.1661 54.1825
26.0417 35.1661 54.1825
25 35.2548 54.2022
25 35.3415 54.2295
25 35.4254 54.2643
26.0417 35.3415 54.2295
26.0417 35.4254 54.2643
25 35.506 54.3062
26.0417 35.506 54.3062
25 35.5827 54.355
25 35.6548 54.4104
25 35.7218 54.4718
25 41.3616 60.1116
25 41.4286 60.173
25 41.5007 60.2283
25 41.5773 60.2771
25 41.6579 60.3191
25 41.7419 60.3538
25 41.8285 60.3812
25 41.9173 60.4008
25 42.0074 60.4127
25 42.0981 60.4167
26.0417 0 52.0833
26.0417 2.86458 52.0833
26.0417 22.3958 52.0833
26.1127 2.32538 52.0833
26.0733 2.50282 52.0833
26.0496 2.68301 52.0833
26.0417 0 54.1667
26.0417 27.8646 52.0833
26.0417 34.9852 54.1667
26.0496 22.5774 52.0833
26.0733 22.7576 52.0833
26.1127 27.3254 52.0833
26.0733 27.5028 52.0833
26.0417 35.2548 54.2022
26.0417 35.5827 54.355
26.0417 35.6548 54.4104
26.0417 35.7218 54.4718
26.0417 41.3616 60.1116
26.0417 41.4286 60.173
26.0417 41.5007 60.2283
26.0417 41.5773 60.2771
26.0417 41.6579 60.3191
26.0417 41.7419 60.3538
26.0417 41.8285 60.3812
26.0417 41.9173 60.4008
26.0417 42.0074 60.4127
26.0417 42.0981 60.4167
25 44.6555 43.2351
25 44.7917 43.2292
25 44.9278 43.2351
25 44.3873 43.2824
25 44.5203 43.2529
25 45.063 43.2529
25 44.2573 43.3234
25 45.1961 43.2824
25 45.3261 43.3234
25 44.0104 43.4385
25 43.8955 43.5117
25 44.1313 43.3756
25 45.452 43.3756
25 45.5729 43.4385
25 45.6879 43.5117
25 45.796 43.5947
26.0417 45.452 43.3756
25 45.8965 43.6868
25 45.9886 43.7873
25 46.0716 43.8955
25 46.1448 44.0104
25 46.2078 44.1313
25 46.2599 44.2573
25 46.3009 44.3873
25 46.3304 44.5203
25 46.3482 44.6555
26.0417 44.6555 43.2351
26.0417 44.7917 43.2292
26.0417 44.9278 43.2351
26.0417 44.3873 43.2824
26.0417 44.5203 43.2529
26.0417 45.063 43.2529
26.0417 44.2573 43.3234
26.0417 45.1961 43.2824
26.0417 45.3261 43.3234
26.0417 44.1313 43.3756
26.0417 44.0104 43.4385
26.0417 45.5729 43.4385
26.0417 45.6879 43.5117
26.0417 45.796 43.5947
26.0417 47.3958 42.9167
26.0417 45.8965 43.6868
26.0417 45.9886 43.7873
26.0417 46.0716 43.8955
26.0496 47.5774 42.9167
26.0733 47.7576 42.9167
26.0417 46.1448 44.0104
26.0417 46.2078 44.1313
26.0417 46.2599 44.2573
26.0417 46.3009 44.3873
26.0417 46.3304 44.5203
26.0417 46.3482 44.6555
26.0417 46.3542 44.7917
25 43.8955 46.0716
25 44.0104 46.1448
25 44.1313 46.2078
25 44.2573 46.2599
25 45.452 46.2078
25 45.3261 46.2599
25 44.3873 46.3009
25 45.1961 46.3009
25 44.5203 46.3304
25 44.6555 46.3482
25 44.7917 46.3542
25 45.063 46.3304
25 44.9278 46.3482
25 46.3304 45.063
25 46.3542 44.7917
25 46.3482 44.9278
25 46.2599 45.3261
25 46.2078 45.452
26.0417 46.3482 44.9278
25 46.3009 45.1961
25 45.9886 45.796
25 46.1448 45.5729
25 46.0716 45.6879
25 45.6879 46.0716
25 45.5729 46.1448
25 45.8965 45.8965
25 45.796 45.9886
26.0417 43.8955 46.0716
26.0417 44.0104 46.1448
26.0417 44.1313 46.2078
26.0417 44.2573 46.2599
26.0417 45.452 46.2078
26.0417 45.3261 46.2599
26.0417 44.3873 46.3009
26.0417 45.1961 46.3009
26.0417 44.5203 46.3304
26.0417 44.6555 46.3482
26.0417 44.7917 46.3542
26.0417 45.063 46.3304
26.0417 44.9278 46.3482
26.0417 46.2599 45.3261
26.0417 46.3304 45.063
26.0417 46.3009 45.1961
26.0417 46.0716 45.6879
26.0417 45.9886 45.796
26.0417 46.2078 45.452
26.0417 46.1448 45.5729
26.0417 45.6879 46.0716
26.0417 45.8965 45.8965
26.0417 45.796 45.9886
26.0417 45.5729 46.1448
26.0417 47.3958 52.0833
26.0496 47.5774 52.0833
26.0733 47.7576 52.0833
27.5858 0.852238 42.9167
27.4125 0.90689 42.9167
27.2445 0.976442 42.9167
28.125 0.78125 42.9167
27.9434 0.789178 42.9167
27.7632 0.812901 42.9167
26.5291 1.52544 42.9167
26.4184 1.66963 42.9167
26.3208 1.82292 42.9167
27.0833 1.06036 42.9167
26.9301 1.15802 42.9167
26.7859 1.26866 42.9167
26.6519 1.39144 42.9167
26.2369 1.98413 42.9167
26.1673 2.15204 42.9167
26.1127 2.32538 42.9167
28.125 3.77604 42.9167
28.0796 3.77802 42.9167
28.1704 3.77802 42.9167
27.6356 4.47501 42.9167
27.653 4.51699 42.9167
27.6739 4.55729 42.9167
28.0346 3.78395 42.9167
27.6984 4.59561 42.9167
27.726 4.63166 42.9167
27.7567 4.66516 42.9167
31.7525 0.852238 42.9167
31.5791 0.90689 42.9167
31.4112 0.976442 42.9167
32.2917 0.78125 42.9167
32.1101 0.789178 42.9167
31.9299 0.812901 42.9167
30.6957 1.52544 42.9167
30.5851 1.66963 42.9167
30.4874 1.82292 42.9167
31.25 1.06036 42.9167
31.0967 1.15802 42.9167
30.9525 1.26866 42.9167
30.8185 1.39144 42.9167
30.2163 2.68301 42.9167
30.2083 2.86458 42.9167
28.4598 3.89789 42.9167
30.4035 1.98413 42.9167
30.334 2.15204 42.9167
30.2793 2.32538 42.9167
30.24 2.50282 42.9167
28.524 4.63166 42.9167
28.4933 4.66516 42.9167
28.4598 4.69586 42.9167
28.6144 4.47501 42.9167
28.597 4.51699 42.9167
28.5761 4.55729 42.9167
28.5516 4.59561 42.9167
27.2445 0.976442 52.0833
27.0833 1.06036 52.0833
26.9301 1.15802 52.0833
27.7632 0.812901 52.0833
27.5858 0.852238 52.0833
27.4125 0.90689 52.0833
26.3208 1.82292 52.0833
26.2369 1.98413 52.0833
26.1673 2.15204 52.0833
26.7859 1.26866 52.0833
26.6519 1.39144 52.0833
26.5291 1.52544 52.0833
26.4184 1.66963 52.0833
27.6739 4.03646 42.9167
27.653 4.07676 42.9167
27.6356 4.11874 42.9167
27.7567 3.92859 42.9167
27.726 3.96209 42.9167
27.6984 3.99814 42.9167
27.6061 4.25148 42.9167
27.6042 4.29688 42.9167
27.6061 4.34227 42.9167
27.6219 4.16207 42.9167
27.6121 4.20643 42.9167
27.6121 4.38732 42.9167
27.6219 4.43168 42.9167
27.9902 3.79379 42.9167
27.9469 3.80745 42.9167
27.9049 3.82484 42.9167
28.2154 3.78395 42.9167
28.2598 3.79379 42.9167
28.3031 3.80745 42.9167
27.9434 0.789178 52.0833
27.8646 3.84582 42.9167
27.8263 3.87023 42.9167
28.3451 3.82484 42.9167
28.125 0.78125 52.0833
28.3854 3.84582 42.9167
28.4237 3.87023 42.9167
27.7902 3.89789 42.9167
28.4933 3.92859 42.9167
28.524 3.96209 42.9167
28.5516 3.99814 42.9167
28.5761 4.03646 42.9167
28.597 4.07676 42.9167
28.6144 4.11874 42.9167
28.6281 4.16207 42.9167
28.6379 4.20643 42.9167
28.6281 4.43168 42.9167
28.6439 4.25148 42.9167
28.6458 4.29688 42.9167
28.6439 4.34227 42.9167
28.6379 4.38732 42.9167
27.7902 4.69586 42.9167
27.8263 4.72352 42.9167
27.8646 4.74793 42.9167
27.9049 4.76891 42.9167
27.9469 4.7863 42.9167
27.9902 4.79996 42.9167
28.0346 4.8098 42.9167
28.0796 4.81573 42.9167
26.3208 26.8229 42.9167
28.2598 4.79996 42.9167
28.2154 4.8098 42.9167
28.1704 4.81573 42.9167
28.125 4.81771 42.9167
26.1673 27.152 42.9167
26.1127 47.935 42.9167
26.1673 48.1084 42.9167
26.2369 26.9841 42.9167
26.2369 48.2763 42.9167
26.3208 48.4375 42.9167
26.4184 48.5908 42.9167
26.5291 48.735 42.9167
26.6519 48.869 42.9167
26.7859 48.9918 42.9167
26.9301 49.1024 42.9167
27.0833 49.2001 42.9167
27.2445 49.284 42.9167
28.3854 4.74793 42.9167
28.3451 4.76891 42.9167
28.3031 4.7863 42.9167
28.4237 4.72352 42.9167
30.2083 22.3958 42.9167
30.2163 22.5774 42.9167
30.2163 27.683 42.9167
30.2083 27.8646 42.9167
30.2083 47.3958 42.9167
30.4035 26.9841 42.9167
30.334 27.152 42.9167
30.2793 27.3254 42.9167
30.24 27.5028 42.9167
30.2163 47.5774 42.9167
30.24 47.7576 42.9167
30.2793 47.935 42.9167
30.334 48.1084 42.9167
30.4035 48.2763 42.9167
30.4874 48.4375 42.9167
30.5851 48.5908 42.9167
30.6957 48.735 42.9167
30.8185 48.869 42.9167
30.9525 48.9918 42.9167
31.0967 49.1024 42.9167
31.25 49.2001 42.9167
31.4112 49.284 42.9167
32.2917 49.4792 42.9167
26.1673 23.1084 52.0833
26.2369 23.2763 52.0833
26.3208 23.4375 52.0833
26.4184 23.5908 52.0833
26.5291 23.735 52.0833
26.6519 23.869 52.0833
26.7859 23.9918 52.0833
26.7859 26.2687 52.0833
26.6519 26.3914 52.0833
26.9301 24.1024 52.0833
27.0833 24.2001 52.0833
27.0833 26.0604 52.0833
26.9301 26.158 52.0833
26.1673 27.152 52.0833
26.1127 47.935 52.0833
26.1673 48.1084 52.0833
26.5291 26.5254 52.0833
26.4184 26.6696 52.0833
26.3208 26.8229 52.0833
26.2369 26.9841 52.0833
26.2369 48.2763 52.0833
26.3208 48.4375 52.0833
26.4184 48.5908 52.0833
26.5291 48.735 52.0833
26.6519 48.869 52.0833
26.7859 48.9918 52.0833
26.9301 49.1024 52.0833
27.2445 24.284 52.0833
27.4125 24.3535 52.0833
27.5858 24.4082 52.0833
27.7632 24.4475 52.0833
27.9434 24.4712 52.0833
28.125 24.4792 52.0833
27.4125 25.9069 52.0833
27.2445 25.9764 52.0833
27.0833 49.2001 52.0833
28.125 25.7812 52.0833
27.9434 25.7892 52.0833
27.7632 25.8129 52.0833
27.5858 25.8522 52.0833
27.4125 49.3535 42.9167
27.5858 49.4082 42.9167
27.7632 49.4475 42.9167
31.5791 49.3535 42.9167
31.7525 49.4082 42.9167
31.9299 49.4475 42.9167
27.9434 49.4712 42.9167
27.2445 49.284 52.0833
27.4125 49.3535 52.0833
27.5858 49.4082 52.0833
27.7632 49.4475 52.0833
27.9434 49.4712 52.0833
32.1101 49.4712 42.9167
28.125 49.4792 42.9167
30.2242 57.4494 41.6667
30.2083 57.8125 41.6667
30.2083 66.9271 41.6667
30.334 51.8916 42.0833
30.2716 57.089 41.6667
30.2793 52.065 42.0833
30.2083 52.6042 42.0833
30.2083 57.8125 42.0833
30.2083 66.9271 42.0833
30.24 52.2424 42.0833
30.2163 52.4226 42.0833
30.2716 57.089 42.0833
30.2242 57.4494 42.0833
30.2242 67.2902 41.6667
30.2716 67.6506 41.6667
30.2242 67.2902 42.0833
30.2716 67.6506 42.0833
30.3503 68.0055 41.6667
30.2716 82.089 41.6667
30.2083 72.1354 42.0833
30.2163 72.317 42.0833
30.2083 77.6042 42.0833
30.24 72.4972 42.0833
30.24 77.2424 42.0833
30.2163 77.4226 42.0833
30.2716 82.089 42.0833
30.5851 51.4092 42.0833
30.4596 56.3874 41.6667
30.3503 56.7341 41.6667
30.6957 51.265 42.0833
30.7666 55.7292 41.6667
30.5987 56.0516 41.6667
30.4035 51.7237 42.0833
30.3503 56.7341 42.0833
30.3503 68.0055 42.0833
30.4874 51.5625 42.0833
30.7666 55.7292 42.0833
30.5987 56.0516 42.0833
30.4596 56.3874 42.0833
30.4596 68.3522 41.6667
30.4596 81.3874 41.6667
30.3503 81.7341 41.6667
30.5987 68.688 41.6667
30.7666 69.0104 41.6667
30.7666 80.7292 41.6667
30.5987 81.0516 41.6667
30.4596 68.3522 42.0833
30.4596 81.3874 42.0833
30.3503 81.7341 42.0833
30.5987 68.688 42.0833
30.7666 69.0104 42.0833
30.7666 80.7292 42.0833
30.5987 81.0516 42.0833
27.5858 50.5918 42.9167
27.4125 50.6465 42.9167
27.2445 50.716 42.9167
28.125 50.5208 42.9167
27.9434 50.5288 42.9167
27.7632 50.5525 42.9167
26.0417 72.1354 42.9167
26.0496 72.317 42.9167
26.0733 72.4972 42.9167
27.0833 50.7999 42.9167
26.1127 72.6746 42.9167
26.1673 72.848 42.9167
26.2369 73.0159 42.9167
26.4184 73.3304 42.9167
26.5291 73.4746 42.9167
26.6519 73.6086 42.9167
26.7859 73.7313 42.9167
27.2445 74.0236 42.9167
27.4125 74.0931 42.9167
26.4184 76.4092 42.9167
26.3208 76.5625 42.9167
26.2369 76.7237 42.9167
28.125 74.2188 42.9167
27.9434 75.5288 42.9167
27.7632 75.5525 42.9167
26.5291 76.265 42.9167
30.2793 72.6746 42.0833
30.334 72.848 42.0833
30.4035 73.0159 42.0833
30.4874 73.1771 42.0833
30.5851 73.3304 42.0833
30.6957 73.4746 42.0833
30.2083 72.1354 42.9167
30.2163 72.317 42.9167
30.24 72.4972 42.9167
30.2793 72.6746 42.9167
30.334 72.848 42.9167
30.4874 73.1771 42.9167
30.5851 73.3304 42.9167
30.4874 76.5625 42.0833
30.4035 76.7237 42.0833
30.334 76.8916 42.0833
30.8185 73.6086 42.0833
30.8185 76.131 42.0833
30.6957 76.265 42.0833
30.5851 76.4092 42.0833
28.125 75.5208 42.9167
30.2793 77.065 42.0833
30.4874 76.5625 42.9167
30.6957 73.4746 42.9167
30.8185 73.6086 42.9167
30.8185 76.131 42.9167
30.5851 76.4092 42.9167
27.9902 95.2 39.5833
27.9469 95.2137 39.5833
27.9049 95.2311 39.5833
28.125 95.1823 39.5833
28.0796 95.1843 39.5833
28.0346 95.1902 39.5833
27.726 95.3683 39.5833
27.6984 95.4044 39.5833
27.6739 95.4427 39.5833
27.8646 95.2521 39.5833
27.8263 95.2765 39.5833
27.7902 95.3041 39.5833
27.7567 95.3348 39.5833
27.6356 95.525 39.5833
27.6219 95.5683 39.5833
27.6121 95.6127 39.5833
27.653 95.483 39.5833
27.7567 96.0714 39.5833
27.7902 96.1021 39.5833
27.8263 96.1298 39.5833
27.8646 96.1542 39.5833
27.9049 96.1752 39.5833
27.9469 96.1926 39.5833
27.9902 96.2062 39.5833
28.0346 96.216 39.5833
28.0796 96.222 39.5833
28.1704 95.1843 39.5833
28.2154 95.1902 39.5833
28.2598 95.2 39.5833
28.3031 95.2137 39.5833
28.3451 95.2311 39.5833
28.3854 95.2521 39.5833
28.4237 95.2765 39.5833
28.4598 95.3041 39.5833
28.4933 95.3348 39.5833
28.524 95.3683 39.5833
28.5516 95.4044 39.5833
28.5761 95.4427 39.5833
28.597 95.483 39.5833
28.4933 96.0714 39.5833
28.4598 96.1021 39.5833
28.4237 96.1298 39.5833
28.6144 95.525 39.5833
28.6281 95.5683 39.5833
28.6379 95.6127 39.5833
28.6439 95.6577 39.5833
28.2154 96.216 39.5833
28.1704 96.222 39.5833
28.125 96.224 39.5833
28.3854 96.1542 39.5833
28.3451 96.1752 39.5833
28.3031 96.1926 39.5833
28.2598 96.2062 39.5833
27.6061 95.6577 39.5833
27.6042 95.7031 39.5833
27.6061 95.7485 39.5833
28.6458 95.7031 39.5833
28.6439 95.7485 39.5833
27.6121 95.7936 39.5833
28.125 95.1823 42.9167
27.6219 95.8379 39.5833
28.1704 95.1843 42.9167
30.2083 82.8125 41.6667
30.2083 91.9271 41.6667
28.6379 95.7936 39.5833
30.2083 91.9271 42.0833
27.6356 95.8813 39.5833
27.653 95.9232 39.5833
27.6739 95.9635 39.5833
28.6281 95.8379 39.5833
28.6144 95.8813 39.5833
28.597 95.9232 39.5833
28.5761 95.9635 39.5833
26.4184 98.3304 42.9167
25 100 39.5833
26.5291 98.4746 42.9167
27.6984 96.0019 39.5833
28.5516 96.0019 39.5833
27.726 96.0379 39.5833
28.524 96.0379 39.5833
30.2242 82.4493 41.6667
30.2242 92.2902 41.6667
30.2716 92.6506 41.6667
30.3503 93.0055 41.6667
30.4596 93.3522 41.6667
30.5987 93.688 41.6667
30.2242 82.4493 42.0833
30.2083 82.8125 42.0833
30.2242 92.2902 42.0833
30.2716 92.6506 42.0833
30.3503 93.0055 42.0833
30.4596 93.3522 42.0833
30.5987 93.688 42.0833
30.2083 97.1354 42.0833
30.2163 97.317 42.0833
30.24 97.4972 42.0833
30.7666 94.0104 41.6667
30.7666 94.0104 42.0833
30.2793 97.6746 42.0833
30.334 97.848 42.0833
30.4035 98.0159 42.0833
30.4874 98.1771 42.0833
30.5851 98.3304 42.0833
30.6957 98.4746 42.0833
30.6957 98.4746 42.9167
30.8185 98.6086 42.0833
30.8185 98.6086 42.9167
33.6515 53.7091 41.6667
33.2966 53.7878 41.6667
32.9499 53.8971 41.6667
34.375 53.6458 41.6667
35.9749 60.2865 39.5833
34.0119 53.6617 41.6667
31.4287 54.8662 41.6667
31.1831 55.1342 41.6667
30.9619 55.4226 41.6667
32.6141 54.0362 41.6667
32.2917 54.2041 41.6667
31.9851 54.3994 41.6667
31.6967 54.6206 41.6667
35.48 61.6463 39.5833
35.4325 62.0066 39.5833
35.4167 62.3698 39.5833
35.8071 60.6089 39.5833
35.6679 60.9447 39.5833
35.5586 61.2914 39.5833
35.4325 62.7329 39.5833
35.48 63.0933 39.5833
30.9619 69.317 41.6667
35.5586 63.4482 39.5833
35.6679 63.7949 39.5833
35.8071 64.1307 39.5833
35.9749 64.4531 39.5833
37.5 58.7614 39.5833
37.1934 58.9567 39.5833
36.9051 59.1779 39.5833
38.5049 58.3451 39.5833
38.1582 58.4544 39.5833
37.8224 58.5935 39.5833
37.1934 58.9567 41.6667
36.6371 59.4235 39.5833
36.9051 59.1779 41.6667
38.5049 58.3451 41.6667
38.1582 58.4544 41.6667
37.8224 58.5935 41.6667
37.5 58.7614 41.6667
36.3915 59.6915 39.5833
36.1702 59.9799 39.5833
36.1702 64.7597 39.5833
36.3915 65.0481 39.5833
36.6371 65.3161 39.5833
36.9051 65.5616 39.5833
37.1934 65.7829 39.5833
37.5 65.9782 39.5833
37.8224 66.1461 39.5833
37.8224 66.1461 41.6667
38.1582 66.2852 39.5833
38.1582 66.2852 41.6667
38.5049 66.3945 39.5833
38.5049 66.3945 41.6667
31.9299 50.5525 42.0833
31.7525 50.5918 42.0833
31.5791 50.6465 42.0833
32.2917 49.4792 42.0833
32.2917 50.5208 42.0833
32.1101 50.5288 42.0833
31.5791 50.6465 42.9167
31.4112 50.716 42.0833
31.4112 50.716 42.9167
32.2917 50.5208 42.9167
32.1101 50.5288 42.9167
31.9299 50.5525 42.9167
31.7525 50.5918 42.9167
31.0967 50.8976 42.0833
30.9525 51.0082 42.0833
30.8185 51.131 42.0833
31.25 50.7999 42.0833
32.6141 54.0362 42.0833
32.2917 54.2041 42.0833
31.0967 50.8976 42.9167
31.1831 55.1342 42.0833
30.9619 55.4226 42.0833
31.9851 54.3994 42.0833
31.25 50.7999 42.9167
31.6967 54.6206 42.0833
31.4287 54.8662 42.0833
35.9749 60.2865 41.6667
35.8071 60.6089 41.6667
35.6679 60.9447 41.6667
36.6371 59.4235 41.6667
36.3915 59.6915 41.6667
36.1702 59.9799 41.6667
33.6515 53.7091 42.0833
33.2966 53.7878 42.0833
32.9499 53.8971 42.0833
34.375 53.6458 42.0833
34.0119 53.6617 42.0833
35.5586 61.2914 41.6667
35.48 61.6463 41.6667
35.4325 62.0066 41.6667
35.4167 62.3698 41.6667
35.4325 62.7329 41.6667
35.48 63.0933 41.6667
35.5586 63.4482 41.6667
35.6679 63.7949 41.6667
35.8071 64.1307 41.6667
35.9749 64.4531 41.6667
36.1702 64.7597 41.6667
36.3915 65.0481 41.6667
36.6371 65.3161 41.6667
36.9051 65.5616 41.6667
37.1934 65.7829 41.6667
37.5 65.9782 41.6667
31.1831 69.6054 41.6667
30.9525 73.7313 42.0833
31.0967 73.842 42.0833
31.4287 69.8734 41.6667
31.6967 70.1189 41.6667
31.9851 70.3402 41.6667
31.25 73.9396 42.0833
31.4112 74.0236 42.0833
31.5791 74.0931 42.0833
31.7525 74.1478 42.0833
31.9299 74.1871 42.0833
31.9299 75.5525 42.0833
31.7525 75.5918 42.0833
31.1831 80.1342 41.6667
30.9619 80.4226 41.6667
30.9619 94.317 41.6667
31.6967 79.6207 41.6667
31.4287 79.8662 41.6667
31.1831 94.6054 41.6667
31.25 75.7999 42.0833
31.0967 75.8976 42.0833
30.9525 76.0082 42.0833
31.5791 75.6465 42.0833
31.4112 75.716 42.0833
31.4287 94.8734 41.6667
31.6967 95.1189 41.6667
32.2917 70.5355 41.6667
32.6141 70.7034 41.6667
32.9499 70.8425 41.6667
33.2966 70.9518 41.6667
33.6515 71.0304 41.6667
34.0119 71.0779 41.6667
32.1101 74.2108 42.0833
32.2917 74.2188 42.0833
32.2917 75.5208 42.0833
34.375 71.0938 41.6667
34.375 78.6458 41.6667
34.0119 78.6617 41.6667
34.375 78.6458 42.0833
32.2917 79.2041 41.6667
31.9851 79.3994 41.6667
31.9851 95.3402 41.6667
33.6515 78.7091 41.6667
33.2966 78.7878 41.6667
32.9499 78.8971 41.6667
32.6141 79.0362 41.6667
32.2917 95.5355 41.6667
32.6141 95.7034 41.6667
32.9499 95.8425 41.6667
33.2966 95.9518 41.6667
33.6515 96.0304 41.6667
34.0119 96.0779 41.6667
34.375 96.0938 41.6667
30.9619 69.317 42.0833
31.1831 69.6054 42.0833
31.4287 69.8734 42.0833
31.6967 70.1189 42.0833
31.9851 70.3402 42.0833
31.9851 79.3994 42.0833
30.9525 73.7313 42.9167
31.4287 79.8662 42.0833
31.4112 74.0236 42.9167
31.5791 74.0931 42.9167
31.7525 74.1478 42.9167
31.6967 79.6207 42.0833
31.9299 75.5525 42.9167
31.1831 80.1342 42.0833
30.9619 80.4226 42.0833
30.9619 94.317 42.0833
31.1831 94.6054 42.0833
31.4287 94.8734 42.0833
31.6967 95.1189 42.0833
31.9851 95.3402 42.0833
30.9525 98.7313 42.0833
31.0967 98.842 42.0833
31.25 98.9396 42.0833
31.4112 99.0236 42.0833
31.5791 99.0931 42.0833
31.7525 99.1478 42.0833
31.9299 99.1871 42.0833
32.2917 70.5355 42.0833
32.6141 70.7034 42.0833
32.9499 70.8425 42.0833
33.2966 70.9518 42.0833
33.6515 71.0304 42.0833
34.0119 71.0779 42.0833
32.1101 74.2108 42.9167
32.1101 75.5288 42.0833
32.1101 75.5288 42.9167
34.375 71.0938 42.0833
32.2917 74.2188 42.9167
34.0119 78.6617 42.0833
32.2917 75.5208 42.9167
32.6141 79.0362 42.0833
32.2917 79.2041 42.0833
32.2917 95.5355 42.0833
33.6515 78.7091 42.0833
33.2966 78.7878 42.0833
32.9499 78.8971 42.0833
32.6141 95.7034 42.0833
32.9499 95.8425 42.0833
32.1101 99.2108 42.0833
32.2917 99.2188 42.0833
33.2966 95.9518 42.0833
33.6515 96.0304 42.0833
34.0119 96.0779 42.0833
34.375 96.0938 42.0833
25 54.3121 43.5117
25 54.548 43.3756
25 54.4271 43.4385
25 54.0114 43.7873
25 54.204 43.5947
25 54.1035 43.6868
25 53.7922 44.1313
25 53.9284 43.8955
25 53.8552 44.0104
25 53.6696 44.5203
25 53.6518 44.6555
25 53.7401 44.2573
25 53.6991 44.3873
25 55.0722 43.2351
25 55.2083 43.2292
25 55.3445 43.2351
25 54.8039 43.2824
25 54.937 43.2529
25 55.4797 43.2529
25 54.6739 43.3234
25 55.6127 43.2824
25 55.7427 43.3234
26.0417 54.548 43.3756
25 55.8687 43.3756
26.0417 55.8687 43.3756
25 55.9896 43.4385
26.0417 52.6042 42.9167
26.0417 54.0114 43.7873
26.0417 53.9284 43.8955
26.1127 52.065 42.9167
26.0733 52.2424 42.9167
26.0496 52.4226 42.9167
26.0417 53.7401 44.2573
26.0417 53.8552 44.0104
26.0417 53.7922 44.1313
26.0417 53.6518 44.6555
26.0417 53.6458 44.7917
26.0417 53.6991 44.3873
26.0417 53.6696 44.5203
26.0417 55.0722 43.2351
26.0417 55.2083 43.2292
26.0417 55.3445 43.2351
26.0417 54.937 43.2529
26.0417 54.8039 43.2824
26.0417 55.4797 43.2529
26.0417 55.6127 43.2824
26.0417 54.4271 43.4385
26.0417 54.6739 43.3234
26.0417 55.7427 43.3234
26.0417 54.204 43.5947
26.0417 54.1035 43.6868
26.0417 55.9896 43.4385
26.0417 54.3121 43.5117
25 53.6458 44.7917
25 53.6518 44.9278
25 53.6696 45.063
26.0417 53.6518 44.9278
25 53.6991 45.1961
25 53.7401 45.3261
25 53.7922 45.452
25 53.8552 45.5729
25 53.9284 45.6879
25 54.0114 45.796
25 54.1035 45.8965
25 54.204 45.9886
25 54.3121 46.0716
25 54.4271 46.1448
25 55.9896 46.1448
25 54.548 46.2078
25 54.6739 46.2599
25 55.8687 46.2078
25 55.7427 46.2599
25 54.8039 46.3009
25 55.6127 46.3009
25 54.937 46.3304
25 55.0722 46.3482
25 55.2083 46.3542
25 55.4797 46.3304
25 55.3445 46.3482
26.0417 53.6696 45.063
26.0417 53.6991 45.1961
26.0417 53.7401 45.3261
26.0417 53.7922 45.452
26.0417 53.8552 45.5729
26.0417 53.9284 45.6879
26.0417 54.0114 45.796
26.0417 54.1035 45.8965
26.0417 54.204 45.9886
26.1127 52.065 52.0833
26.0733 52.2424 52.0833
26.0496 52.4226 52.0833
26.0417 52.6042 52.0833
26.0417 54.3121 46.0716
26.0417 54.4271 46.1448
26.0417 55.9896 46.1448
26.0417 54.548 46.2078
26.0417 54.6739 46.2599
26.0417 55.8687 46.2078
26.0417 55.7427 46.2599
26.0417 54.8039 46.3009
26.0417 55.6127 46.3009
26.0417 54.937 46.3304
26.0417 55.0722 46.3482
26.0417 55.2083 46.3542
26.0417 55.4797 46.3304
26.0417 55.3445 46.3482
25 56.1045 43.5117
25 56.2127 43.5947
25 56.3132 43.6868
25 56.4053 43.7873
25 56.4883 43.8955
25 56.5615 44.0104
25 56.4883 45.6879
25 56.6244 44.1313
25 56.5615 45.5729
25 56.2127 45.9886
25 56.1045 46.0716
25 56.4053 45.796
25 56.3132 45.8965
25 56.6766 44.2573
25 56.7176 44.3873
25 56.7471 44.5203
26.0417 56.6766 44.2573
26.0417 56.7176 44.3873
26.0417 56.7471 44.5203
25 56.7649 44.6555
25 56.7708 44.7917
25 56.7649 44.9278
25 56.6766 45.3261
25 56.6244 45.452
25 56.7471 45.063
25 56.7176 45.1961
26.0417 56.1045 43.5117
26.0417 56.2127 43.5947
26.0417 56.3132 43.6868
26.0417 56.4053 43.7873
26.0417 56.4883 43.8955
26.0417 56.5615 44.0104
26.0417 56.4883 45.6879
26.0417 56.6244 44.1313
26.0417 56.5615 45.5729
26.0417 56.2127 45.9886
26.0417 56.1045 46.0716
26.0417 56.4053 45.796
26.0417 56.3132 45.8965
26.0496 77.4226 42.9167
26.0417 77.6042 42.9167
26.0417 97.1354 42.9167
26.0733 77.2424 42.9167
26.0496 97.317 42.9167
26.0733 97.4972 42.9167
26.1127 97.6746 42.9167
26.0417 56.7649 44.6555
26.0417 56.7708 44.7917
26.0417 56.7649 44.9278
26.0417 56.6766 45.3261
26.0417 56.6244 45.452
26.0417 56.7471 45.063
26.0417 56.7176 45.1961
25 64.2782 54.4718
25 64.4173 54.355
25 64.3452 54.4104
25 58.4993 60.2283
25 58.6384 60.1116
25 58.5714 60.173
25 58.2581 60.3538
25 58.4227 60.2771
25 58.3421 60.3191
25 57.9926 60.4127
25 57.9019 60.4167
25 58.1715 60.3812
25 58.0827 60.4008
25 64.924 54.1706
25 65.0148 54.1667
25 100 54.1667
25 64.8339 54.1825
26.0417 64.8339 54.1825
26.0417 65.0148 54.1667
26.0417 64.924 54.1706
25 64.5746 54.2643
25 64.7452 54.2022
25 64.6585 54.2295
26.0417 64.5746 54.2643
25 64.494 54.3062
26.0417 64.7452 54.2022
26.0417 64.6585 54.2295
26.0417 64.2782 54.4718
26.0417 64.4173 54.355
26.0417 64.3452 54.4104
26.0417 58.4993 60.2283
26.0417 58.6384 60.1116
26.0417 58.5714 60.173
26.0417 58.2581 60.3538
26.0417 58.4227 60.2771
26.0417 58.3421 60.3191
26.0417 57.9926 60.4127
26.0417 57.9019 60.4167
26.0417 58.1715 60.3812
26.0417 58.0827 60.4008
26.0417 72.1354 52.0833
26.0496 72.317 52.0833
26.0417 77.6042 52.0833
26.0733 72.4972 52.0833
26.1127 77.065 52.0833
26.0733 77.2424 52.0833
26.0496 77.4226 52.0833
26.0417 97.1354 52.0833
26.0417 100 52.0833
26.0417 100 54.1667
26.0496 97.317 52.0833
26.0417 64.494 54.3062
26.0733 97.4972 52.0833
26.1127 97.6746 52.0833
26.5291 51.265 42.9167
26.4184 51.4092 42.9167
26.3208 51.5625 42.9167
26.9301 50.8976 42.9167
26.7859 51.0082 42.9167
26.6519 51.131 42.9167
26.2369 51.7237 42.9167
26.1673 51.8916 42.9167
26.3208 73.1771 42.9167
26.9301 73.842 42.9167
27.0833 73.9396 42.9167
27.4125 75.6465 42.9167
27.2445 75.716 42.9167
26.6519 76.131 42.9167
26.1673 76.8916 42.9167
26.1127 77.065 42.9167
27.0833 75.7999 42.9167
26.9301 75.8976 42.9167
26.7859 76.0082 42.9167
28.0346 95.1902 42.9167
27.9902 95.2 42.9167
27.9469 95.2137 42.9167
28.0796 95.1843 42.9167
28.2154 95.1902 42.9167
28.2598 95.2 42.9167
28.3031 95.2137 42.9167
30.5851 51.4092 42.9167
30.4874 51.5625 42.9167
30.4035 51.7237 42.9167
30.9525 51.0082 42.9167
30.8185 51.131 42.9167
30.6957 51.265 42.9167
30.24 52.2424 42.9167
30.2163 52.4226 42.9167
30.2083 52.6042 42.9167
30.334 51.8916 42.9167
30.2793 52.065 42.9167
30.4035 73.0159 42.9167
31.0967 73.842 42.9167
31.0967 75.8976 42.9167
30.9525 76.0082 42.9167
30.6957 76.265 42.9167
31.25 73.9396 42.9167
31.5791 75.6465 42.9167
31.4112 75.716 42.9167
31.25 75.7999 42.9167
30.2163 77.4226 42.9167
30.2083 77.6042 42.9167
28.3451 95.2311 42.9167
30.4035 76.7237 42.9167
30.334 76.8916 42.9167
30.2793 77.065 42.9167
30.24 77.2424 42.9167
26.6519 51.131 52.0833
26.5291 51.265 52.0833
26.4184 51.4092 52.0833
27.0833 50.7999 52.0833
26.9301 50.8976 52.0833
26.7859 51.0082 52.0833
26.1673 51.8916 52.0833
26.1127 72.6746 52.0833
26.1673 72.848 52.0833
26.3208 51.5625 52.0833
26.2369 51.7237 52.0833
26.2369 73.0159 52.0833
26.3208 73.1771 52.0833
26.4184 73.3304 52.0833
26.5291 73.4746 52.0833
26.6519 73.6086 52.0833
26.7859 73.7313 52.0833
26.9301 73.842 52.0833
26.9301 75.8976 52.0833
26.3208 76.5625 52.0833
26.2369 76.7237 52.0833
26.1673 76.8916 52.0833
26.7859 76.0082 52.0833
26.6519 76.131 52.0833
26.5291 76.265 52.0833
26.4184 76.4092 52.0833
27.7632 50.5525 52.0833
27.5858 74.1478 42.9167
27.7632 74.1871 42.9167
28.125 49.4792 52.0833
28.125 50.5208 52.0833
27.9434 50.5288 52.0833
27.2445 50.716 52.0833
27.0833 73.9396 52.0833
27.2445 74.0236 52.0833
27.5858 50.5918 52.0833
27.4125 50.6465 52.0833
27.4125 74.0931 52.0833
27.5858 74.1478 52.0833
27.7632 74.1871 52.0833
27.9434 74.2108 42.9167
27.5858 75.5918 42.9167
31.9299 74.1871 42.9167
27.9434 74.2108 52.0833
31.7525 75.5918 42.9167
28.125 74.2188 52.0833
27.4125 75.6465 52.0833
27.2445 75.716 52.0833
27.0833 75.7999 52.0833
28.125 75.5208 52.0833
27.9434 75.5288 52.0833
27.7632 75.5525 52.0833
27.5858 75.5918 52.0833
27.7902 95.3041 42.9167
27.7567 95.3348 42.9167
27.726 95.3683 42.9167
27.9049 95.2311 42.9167
27.8646 95.2521 42.9167
27.8263 95.2765 42.9167
27.6219 95.5683 42.9167
27.6121 95.6127 42.9167
27.6061 95.6577 42.9167
27.6984 95.4044 42.9167
27.6739 95.4427 42.9167
27.653 95.483 42.9167
27.6356 95.525 42.9167
27.6042 95.7031 42.9167
27.6061 95.7485 42.9167
27.6121 95.7936 42.9167
27.6219 95.8379 42.9167
27.6356 95.8813 42.9167
27.653 95.9232 42.9167
27.6739 95.9635 42.9167
27.6984 96.0019 42.9167
27.726 96.0379 42.9167
27.7567 96.0714 42.9167
27.7902 96.1021 42.9167
27.8263 96.1298 42.9167
27.8646 96.1542 42.9167
28.3854 95.2521 42.9167
28.4237 95.2765 42.9167
28.4598 95.3041 42.9167
28.4933 95.3348 42.9167
28.524 95.3683 42.9167
28.5516 95.4044 42.9167
28.5761 95.4427 42.9167
28.597 95.483 42.9167
28.6144 95.525 42.9167
28.6281 95.5683 42.9167
28.6379 95.6127 42.9167
28.6439 95.6577 42.9167
28.6458 95.7031 42.9167
28.597 95.9232 42.9167
28.5761 95.9635 42.9167
28.5516 96.0019 42.9167
28.6439 95.7485 42.9167
28.6379 95.7936 42.9167
28.6281 95.8379 42.9167
28.6144 95.8813 42.9167
28.3854 96.1542 42.9167
27.9049 96.1752 42.9167
28.3451 96.1752 42.9167
28.524 96.0379 42.9167
28.4933 96.0714 42.9167
28.4598 96.1021 42.9167
28.4237 96.1298 42.9167
26.1673 97.848 42.9167
26.2369 98.0159 42.9167
26.3208 98.1771 42.9167
27.9469 96.1926 42.9167
26.6519 98.6086 42.9167
26.7859 98.7313 42.9167
26.1673 97.848 52.0833
26.2369 98.0159 52.0833
26.3208 98.1771 52.0833
26.4184 98.3304 52.0833
26.5291 98.4746 52.0833
26.6519 98.6086 52.0833
26.7859 98.7313 52.0833
26.9301 98.842 42.9167
27.0833 98.9396 42.9167
27.2445 99.0236 42.9167
27.4125 99.0931 42.9167
27.5858 99.1478 42.9167
27.7632 99.1871 42.9167
27.9434 99.2108 42.9167
26.9301 98.842 52.0833
27.0833 98.9396 52.0833
27.2445 99.0236 52.0833
27.4125 99.0931 52.0833
27.5858 99.1478 52.0833
27.7632 99.1871 52.0833
27.9434 99.2108 52.0833
27.9902 96.2062 42.9167
28.0346 96.216 42.9167
28.0796 96.222 42.9167
28.3031 96.1926 42.9167
28.2598 96.2062 42.9167
28.2154 96.216 42.9167
28.1704 96.222 42.9167
28.125 96.224 42.9167
30.2083 97.1354 42.9167
30.2163 97.317 42.9167
30.24 97.4972 42.9167
30.2793 97.6746 42.9167
30.334 97.848 42.9167
30.4035 98.0159 42.9167
30.4874 98.1771 42.9167
30.5851 98.3304 42.9167
30.9525 98.7313 42.9167
31.0967 98.842 42.9167
31.25 98.9396 42.9167
31.4112 99.0236 42.9167
31.5791 99.0931 42.9167
28.125 99.2188 42.9167
28.125 99.2188 52.0833
31.7525 99.1478 42.9167
31.9299 99.1871 42.9167
32.1101 99.2108 42.9167
32.2917 99.2188 42.9167
41.9891 8.85393 39.5833
41.6667 9.02177 39.5833
41.3601 9.21707 39.5833
43.0265 8.52684 39.5833
42.6716 8.60552 39.5833
42.3249 8.71482 39.5833
40.1416 10.5469 39.5833
39.9737 10.8693 39.5833
39.8346 11.2051 39.5833
41.0717 9.43836 39.5833
40.8037 9.68393 39.5833
40.5581 9.95193 39.5833
40.3369 10.2403 39.5833
39.5992 12.2671 39.5833
39.5833 12.6302 39.5833
39.5992 12.9934 39.5833
39.6466 11.9067 39.5833
39.6466 13.3537 39.5833
39.7253 13.7086 39.5833
39.8346 14.0553 39.5833
39.9737 14.3911 39.5833
40.1416 14.7135 39.5833
40.3369 15.0201 39.5833
40.5581 15.3085 39.5833
40.8037 15.5765 39.5833
41.0717 15.8221 39.5833
43.75 8.46354 39.5833
43.3869 8.4794 39.5833
44.1131 8.4794 39.5833
44.4735 8.52684 39.5833
44.8284 8.60552 39.5833
45.1751 8.71482 39.5833
45.5109 8.85393 39.5833
45.8333 9.02177 39.5833
46.1399 9.21707 39.5833
46.4283 9.43836 39.5833
46.6963 9.68393 39.5833
46.9419 9.95193 39.5833
47.1631 10.2403 39.5833
47.3584 10.5469 39.5833
47.5263 10.8693 39.5833
47.6654 11.2051 39.5833
47.7747 11.5518 39.5833
47.8534 11.9067 39.5833
47.9008 12.9934 39.5833
47.8534 13.3537 39.5833
47.1631 15.0201 39.5833
46.9419 15.3085 39.5833
46.6963 15.5765 39.5833
47.7747 13.7086 39.5833
47.6654 14.0553 39.5833
47.5263 14.3911 39.5833
47.3584 14.7135 39.5833
41.6667 9.02177 41.6667
39.7253 11.5518 39.5833
41.3601 9.21707 41.6667
42.6716 8.60552 41.6667
42.3249 8.71482 41.6667
41.9891 8.85393 41.6667
39.9737 10.8693 41.6667
39.8346 11.2051 41.6667
39.7253 11.5518 41.6667
41.0717 9.43836 41.6667
40.8037 9.68393 41.6667
40.5581 9.95193 41.6667
40.3369 10.2403 41.6667
39.5992 12.2671 41.6667
39.5833 12.6302 41.6667
39.5992 12.9934 41.6667
39.6466 11.9067 41.6667
39.6466 13.3537 41.6667
39.7253 13.7086 41.6667
39.8346 14.0553 41.6667
39.9737 14.3911 41.6667
40.1416 14.7135 41.6667
40.3369 15.0201 41.6667
40.5581 15.3085 41.6667
40.8037 15.5765 41.6667
41.0717 15.8221 41.6667
43.75 8.46354 41.6667
43.3869 8.4794 41.6667
43.0265 8.52684 41.6667
44.1131 8.4794 41.6667
44.4735 8.52684 41.6667
44.8284 8.60552 41.6667
45.1751 8.71482 41.6667
45.5109 8.85393 41.6667
45.8333 9.02177 41.6667
46.1399 9.21707 41.6667
46.4283 9.43836 41.6667
46.6963 9.68393 41.6667
46.9419 9.95193 41.6667
47.6654 11.2051 41.6667
46.4283 15.8221 39.5833
47.7747 11.5518 41.6667
47.8534 11.9067 41.6667
47.9008 12.2671 41.6667
47.9008 12.9934 41.6667
47.8534 13.3537 41.6667
47.1631 15.0201 41.6667
46.9419 15.3085 41.6667
46.6963 15.5765 41.6667
47.7747 13.7086 41.6667
47.6654 14.0553 41.6667
47.5263 14.3911 41.6667
47.3584 14.7135 41.6667
41.3601 16.0433 39.5833
41.6667 16.2386 39.5833
39.5833 33.4635 39.5833
41.9891 16.4065 39.5833
42.3249 16.5456 39.5833
42.6716 16.6549 39.5833
39.2202 33.4794 39.5833
39.9465 33.4794 39.5833
40.3069 33.5268 39.5833
40.6617 33.6055 39.5833
41.0084 33.7148 39.5833
41.3442 33.8539 39.5833
41.6667 34.0218 39.5833
41.9732 34.2171 39.5833
42.2616 34.4384 39.5833
41.9732 41.0433 39.5833
42.5296 34.6839 39.5833
42.5296 40.5765 39.5833
42.2616 40.8221 39.5833
40.3069 41.7336 39.5833
39.2202 41.781 39.5833
39.9465 41.781 39.5833
41.6667 41.2386 39.5833
41.3442 41.4065 39.5833
41.0084 41.5456 39.5833
40.6617 41.6549 39.5833
45.1751 16.5456 39.5833
44.8284 16.6549 39.5833
43.0265 16.7336 39.5833
46.1399 16.0433 39.5833
45.8333 16.2386 39.5833
45.5109 16.4065 39.5833
42.7752 34.9519 39.5833
42.9965 35.2403 39.5833
43.1918 35.5469 39.5833
44.4735 16.7336 39.5833
43.3869 16.781 39.5833
44.1131 16.781 39.5833
43.75 16.7969 39.5833
43.3596 35.8693 39.5833
43.4987 36.2051 39.5833
43.608 36.5518 39.5833
43.6867 36.9067 39.5833
43.7341 37.2671 39.5833
43.75 37.6302 39.5833
43.7341 37.9934 39.5833
43.1918 39.7135 39.5833
42.9965 40.0201 39.5833
42.7752 40.3085 39.5833
43.6867 38.3537 39.5833
43.608 38.7086 39.5833
43.4987 39.0553 39.5833
43.3596 39.3911 39.5833
41.3601 16.0433 41.6667
41.6667 16.2386 41.6667
39.5833 33.4635 41.6667
41.9891 16.4065 41.6667
42.3249 16.5456 41.6667
42.6716 16.6549 41.6667
39.2202 33.4794 41.6667
39.9465 33.4794 41.6667
40.3069 33.5268 41.6667
40.6617 33.6055 41.6667
41.0084 33.7148 41.6667
41.3442 33.8539 41.6667
41.6667 34.0218 41.6667
41.9732 34.2171 41.6667
39.5833 41.7969 39.5833
42.2616 34.4384 41.6667
42.5296 34.6839 41.6667
42.7752 34.9519 41.6667
42.5296 40.5765 41.6667
41.0084 41.5456 41.6667
40.6617 41.6549 41.6667
38.8598 41.7336 41.6667
42.2616 40.8221 41.6667
41.9732 41.0433 41.6667
41.6667 41.2386 41.6667
41.3442 41.4065 41.6667
45.5109 16.4065 41.6667
45.1751 16.5456 41.6667
44.8284 16.6549 41.6667
46.4283 15.8221 41.6667
46.1399 16.0433 41.6667
45.8333 16.2386 41.6667
43.0265 16.7336 41.6667
42.9965 35.2403 41.6667
43.1918 35.5469 41.6667
44.4735 16.7336 41.6667
43.3869 16.781 41.6667
44.1131 16.781 41.6667
43.75 16.7969 41.6667
43.3596 35.8693 41.6667
43.4987 36.2051 41.6667
43.608 36.5518 41.6667
43.6867 36.9067 41.6667
43.7341 37.2671 41.6667
43.75 37.6302 41.6667
43.7341 37.9934 41.6667
43.1918 39.7135 41.6667
42.9965 40.0201 41.6667
42.7752 40.3085 41.6667
43.6867 38.3537 41.6667
43.608 38.7086 41.6667
43.4987 39.0553 41.6667
43.3596 39.3911 41.6667
64.5644 0 39.5833
47.9008 12.2671 39.5833
47.9167 12.6302 39.5833
65.0088 16.6937 41.6667
65.0357 17.0446 41.6667
65.0329 17.3965 41.6667
64.5815 19.0841 41.6667
64.4082 19.3904 41.6667
64.2097 19.6809 41.6667
65.0004 17.7469 41.6667
64.9385 18.0933 41.6667
64.8475 18.4332 41.6667
64.7283 18.7643 41.6667
63.1943 20.6466 41.6667
62.8942 20.8303 41.6667
62.2528 21.1185 41.6667
63.9874 19.9537 41.6667
63.7429 20.2068 41.6667
63.4779 20.4383 41.6667
61.5721 21.2948 41.6667
61.223 21.3393 41.6667
60.8715 21.3542 41.6667
61.9162 21.2211 41.6667
64.3793 28.9062 41.6667
64.7278 28.9209 41.6667
65.074 28.9646 41.6667
67.7083 37.1094 39.5833
67.6629 37.1114 39.5833
67.7537 37.1114 39.5833
68.2871 9.58764 39.5833
71.209 19.4489 39.5833
73.3104 29.517 39.5833
65.4152 29.0371 41.6667
65.7492 29.1379 41.6667
66.0736 29.2663 41.6667
67.6179 37.1173 39.5833
66.3862 29.4214 41.6667
67.7988 37.1173 39.5833
67.5735 37.1271 39.5833
67.5302 37.1408 39.5833
67.4882 37.1582 39.5833
67.4479 37.1792 39.5833
67.8431 37.1271 39.5833
67.8865 37.1408 39.5833
67.9284 37.1582 39.5833
67.9688 37.1792 39.5833
67.4096 37.2036 39.5833
67.3735 37.2312 39.5833
67.3401 37.2619 39.5833
68.0071 37.2036 39.5833
68.0431 37.2312 39.5833
68.0766 37.2619 39.5833
68.1073 37.2954 39.5833
57.7556 3.90625 41.6667
58.1122 3.92154 41.6667
58.4662 3.9673 41.6667
58.815 4.04319 41.6667
59.156 4.14865 41.6667
59.4867 4.28291 41.6667
59.8048 4.44499 41.6667
60.1078 4.6337 41.6667
60.3935 4.84764 41.6667
60.6599 5.08526 41.6667
60.9049 5.3448 41.6667
61.1269 5.62437 41.6667
61.3241 5.9219 41.6667
61.4951 6.23522 41.6667
61.6386 6.56203 41.6667
47.9167 12.6302 41.6667
62.802 9.67941 41.6667
63.8783 12.8279 41.6667
64.8668 16.0051 41.6667
64.9524 16.3464 41.6667
62.5796 20.988 41.6667
66.6846 29.6021 41.6667
66.9669 29.8071 41.6667
67.231 30.0351 41.6667
67.3735 37.2312 41.6667
67.3401 37.2619 41.6667
67.4752 30.2843 41.6667
67.6976 30.5531 41.6667
67.8968 30.8395 41.6667
68.0713 31.1416 41.6667
68.2199 31.4573 41.6667
68.3416 31.7842 41.6667
67.7083 37.1094 41.6667
67.6629 37.1114 41.6667
67.6179 37.1173 41.6667
68.4356 32.1202 41.6667
68.501 32.4629 41.6667
68.9232 35.6013 41.6667
67.7537 37.1114 41.6667
67.5735 37.1271 41.6667
67.5302 37.1408 41.6667
67.4882 37.1582 41.6667
67.7988 37.1173 41.6667
67.8431 37.1271 41.6667
67.8865 37.1408 41.6667
67.9284 37.1582 41.6667
67.4479 37.1792 41.6667
67.9688 37.1792 41.6667
67.4096 37.2036 41.6667
68.0071 37.2036 41.6667
68.0431 37.2312 41.6667
68.0766 37.2619 41.6667
68.1073 37.2954 41.6667
67.2363 37.4101 39.5833
67.2189 37.4521 39.5833
67.2052 37.4954 39.5833
67.3093 37.2954 39.5833
67.2817 37.3315 39.5833
67.2573 37.3698 39.5833
67.1895 37.5848 39.5833
67.1875 37.6302 39.5833
67.1895 37.6756 39.5833
67.1954 37.5398 39.5833
67.1954 37.7206 39.5833
67.2052 37.765 39.5833
67.2189 37.8083 39.5833
67.2363 37.8503 39.5833
67.2573 37.8906 39.5833
67.2817 37.9289 39.5833
67.3093 37.965 39.5833
67.3401 37.9985 39.5833
67.3735 38.0292 39.5833
67.4096 38.0568 39.5833
67.4479 38.0813 39.5833
67.4882 38.1022 39.5833
67.5302 38.1196 39.5833
67.5735 38.1333 39.5833
67.6179 38.1431 39.5833
67.6629 38.1491 39.5833
68.135 37.3315 39.5833
68.1594 37.3698 39.5833
68.1804 37.4101 39.5833
68.1978 37.4521 39.5833
68.2114 37.4954 39.5833
68.2213 37.5398 39.5833
68.2114 37.765 39.5833
68.1978 37.8083 39.5833
68.1804 37.8503 39.5833
68.2272 37.5848 39.5833
68.2292 37.6302 39.5833
68.2272 37.6756 39.5833
68.2213 37.7206 39.5833
68.0431 38.0292 39.5833
68.0071 38.0568 39.5833
67.9688 38.0813 39.5833
68.1594 37.8906 39.5833
68.135 37.9289 39.5833
68.1073 37.965 39.5833
68.0766 37.9985 39.5833
67.7988 38.1431 39.5833
67.7537 38.1491 39.5833
67.7083 38.151 39.5833
67.9284 38.1022 39.5833
67.8865 38.1196 39.5833
67.8431 38.1333 39.5833
75 50 39.5833
67.2363 37.4101 41.6667
67.2189 37.4521 41.6667
67.2052 37.4954 41.6667
67.3093 37.2954 41.6667
67.2817 37.3315 41.6667
67.2573 37.3698 41.6667
67.1895 37.5848 41.6667
67.1875 37.6302 41.6667
67.1895 37.6756 41.6667
67.1954 37.5398 41.6667
67.1954 37.7206 41.6667
67.2052 37.765 41.6667
67.2189 37.8083 41.6667
67.2363 37.8503 41.6667
67.2573 37.8906 41.6667
67.2817 37.9289 41.6667
67.3093 37.965 41.6667
67.3401 37.9985 41.6667
67.3735 38.0292 41.6667
67.4096 38.0568 41.6667
67.4479 38.0813 41.6667
67.4882 38.1022 41.6667
67.5302 38.1196 41.6667
67.5735 38.1333 41.6667
67.6179 38.1431 41.6667
67.6629 38.1491 41.6667
67.7083 38.151 41.6667
68.135 37.3315 41.6667
68.1594 37.3698 41.6667
68.1804 37.4101 41.6667
68.1978 37.4521 41.6667
68.2114 37.4954 41.6667
68.2213 37.5398 41.6667
68.2114 37.765 41.6667
68.1978 37.8083 41.6667
68.1804 37.8503 41.6667
68.2272 37.5848 41.6667
68.2292 37.6302 41.6667
68.2272 37.6756 41.6667
68.2213 37.7206 41.6667
68.0766 37.9985 41.6667
68.0431 38.0292 41.6667
68.0071 38.0568 41.6667
68.1594 37.8906 41.6667
68.135 37.9289 41.6667
74.5769 39.7237 39.5833
68.1073 37.965 41.6667
67.8431 38.1333 41.6667
67.7988 38.1431 41.6667
67.7537 38.1491 41.6667
67.9688 38.0813 41.6667
67.9284 38.1022 41.6667
67.8865 38.1196 41.6667
69.2622 38.7497 41.6667
57.8587 0.78125 42.0833
58.031 0.788382 42.0833
58.202 0.809731 42.0833
58.3707 0.845149 42.0833
58.5359 0.894395 42.0833
58.6965 0.957131 42.0833
58.8514 1.03293 42.0833
58.9994 1.12127 42.0833
59.1396 1.22154 42.0833
59.2711 1.33307 42.0833
59.3929 1.45508 42.0833
59.5041 1.58674 42.0833
59.6042 1.72715 42.0833
47.1631 10.2403 41.6667
40.1416 10.5469 41.6667
47.3584 10.5469 41.6667
59.6922 1.87535 42.0833
47.5263 10.8693 41.6667
57.7556 3.90625 42.0833
58.1122 3.92154 42.0833
58.4662 3.9673 42.0833
58.815 4.04319 42.0833
59.4867 4.28291 42.0833
59.8048 4.44499 42.0833
60.1078 4.6337 42.0833
60.3935 4.84764 42.0833
61.0356 5.043 42.0833
60.6599 5.08526 42.0833
60.9049 5.3448 42.0833
61.1269 5.62437 42.0833
61.3241 5.9219 42.0833
61.4951 6.23522 42.0833
61.6386 6.56203 42.0833
64.8668 16.0051 42.0833
64.9524 16.3464 42.0833
65.0088 16.6937 42.0833
65.0357 17.0446 42.0833
65.0329 17.3965 42.0833
65.0004 17.7469 42.0833
64.5815 19.0841 42.0833
64.4082 19.3904 42.0833
64.2097 19.6809 42.0833
65.4283 17.9634 42.0833
64.9385 18.0933 42.0833
64.8475 18.4332 42.0833
64.7283 18.7643 42.0833
63.1943 20.6466 42.0833
62.8942 20.8303 42.0833
62.5796 20.988 42.0833
65.9564 19.931 42.0833
63.9874 19.9537 42.0833
63.7429 20.2068 42.0833
63.4779 20.4383 42.0833
57.8587 0.78125 42.9167
58.031 0.788382 42.9167
58.202 0.809731 42.9167
62.3911 0.78125 42.9167
62.5656 0.788567 42.9167
62.7388 0.810466 42.9167
58.3707 0.845149 42.9167
58.5359 0.894395 42.9167
58.6965 0.957131 42.9167
62.3911 0.78125 52.0833
62.5656 0.788567 52.0833
62.9096 0.846794 42.9167
62.7388 0.810466 52.0833
58.8514 1.03293 42.9167
58.9994 1.12127 42.9167
59.1396 1.22154 42.9167
59.7677 2.03033 42.0833
60.412 3.53234 42.0833
59.156 4.14865 42.0833
59.2711 1.33307 42.9167
59.3929 1.45508 42.9167
59.5041 1.58674 42.9167
59.6042 1.72715 42.9167
59.6922 1.87535 42.9167
59.7677 2.03033 42.9167
62.3816 8.52196 42.9167
63.0767 0.897295 42.9167
63.2391 0.961614 42.9167
63.3954 1.0393 42.9167
63.5448 1.12981 42.9167
63.686 1.2325 42.9167
63.8181 1.34666 42.9167
62.9096 0.846794 52.0833
63.0767 0.897295 52.0833
63.2391 0.961614 52.0833
64.5644 0 52.0833
63.3954 1.0393 52.0833
63.5448 1.12981 52.0833
63.686 1.2325 52.0833
63.9402 1.47148 42.9167
64.0514 1.60608 42.9167
64.1509 1.74953 42.9167
64.2381 1.9008 42.9167
64.3124 2.05885 42.9167
66.8251 8.55663 42.9167
64.6119 15.1552 42.9167
63.8181 1.34666 52.0833
63.9402 1.47148 52.0833
64.0514 1.60608 52.0833
64.1509 1.74953 52.0833
64.2381 1.9008 52.0833
64.3124 2.05885 52.0833
66.8251 8.55663 52.0833
61.5721 21.2948 42.0833
61.223 21.3393 42.0833
60.8715 21.3542 42.0833
62.2528 21.1185 42.0833
61.9162 21.2211 42.0833
66.0056 23.7539 42.0833
65.295 24.2892 42.0833
65.129 24.3569 42.0833
64.9578 24.4101 42.0833
65.883 23.8847 42.0833
65.7496 24.0045 42.0833
65.6064 24.1123 42.0833
65.4545 24.2075 42.0833
39.2202 41.781 41.6667
39.9465 41.781 41.6667
39.5833 41.7969 41.6667
40.3069 41.7336 41.6667
65.7196 46.3387 41.6667
65.3608 46.3542 41.6667
64.7827 24.4484 42.0833
64.6049 24.4715 42.0833
64.4258 24.4792 42.0833
65.6083 25.7812 42.0833
65.788 25.789 42.0833
65.7196 46.3387 42.0833
65.3608 46.3542 42.0833
66.451 21.9073 42.0833
66.4855 22.0832 42.0833
66.4702 22.7967 42.0833
66.5048 22.2614 42.0833
66.5086 22.4406 42.0833
66.4971 22.6195 42.0833
66.2149 23.4633 42.0833
66.1165 23.6131 42.0833
66.0736 29.2663 42.0833
66.4282 22.971 42.0833
66.3713 23.141 42.0833
66.3 23.3055 42.0833
66.3862 29.4214 42.0833
66.6846 29.6021 42.0833
66.4267 46.2155 41.6667
66.0758 46.2924 41.6667
67.4217 45.8088 41.6667
66.9669 29.8071 42.0833
67.1021 45.9728 41.6667
66.7696 46.1087 41.6667
66.7696 46.1087 42.0833
66.4267 46.2155 42.0833
66.0758 46.2924 42.0833
67.231 30.0351 42.0833
67.4752 30.2843 42.0833
67.4217 45.8088 42.0833
67.1021 45.9728 42.0833
66.0056 23.7539 42.9167
65.883 23.8847 42.9167
65.7496 24.0045 42.9167
66.3 23.3055 42.9167
66.2149 23.4633 42.9167
66.1165 23.6131 42.9167
64.9578 24.4101 42.9167
64.7827 24.4484 42.9167
64.6049 24.4715 42.9167
65.6064 24.1123 42.9167
65.4545 24.2075 42.9167
65.295 24.2892 42.9167
65.129 24.3569 42.9167
64.3793 28.9062 42.0833
64.7278 28.9209 42.0833
65.074 28.9646 42.0833
65.9663 25.8122 42.0833
66.142 25.8508 42.0833
66.3137 25.9043 42.0833
65.4152 29.0371 42.0833
64.4258 24.4792 42.9167
65.7492 29.1379 42.0833
65.6083 25.7812 42.9167
65.788 25.789 42.9167
65.9663 25.8122 42.9167
66.142 25.8508 42.9167
66.3137 25.9043 42.9167
66.451 21.9073 42.9167
66.4801 25.9724 42.0833
66.4855 22.0832 42.9167
66.5048 22.2614 42.9167
66.64 26.0547 42.0833
66.5086 22.4406 42.9167
66.4702 22.7967 42.9167
66.4282 22.971 42.9167
66.3713 23.141 42.9167
66.4971 22.6195 42.9167
66.4801 25.9724 42.9167
66.64 26.0547 42.9167
66.7923 26.1504 42.9167
66.7923 26.1504 42.0833
66.9357 26.2589 42.0833
67.0692 26.3794 42.0833
67.1919 26.5109 42.0833
67.3027 26.6525 42.0833
67.4009 26.8032 42.0833
67.4858 26.9617 42.0833
66.9357 26.2589 42.9167
67.0692 26.3794 42.9167
67.1919 26.5109 42.9167
67.3027 26.6525 42.9167
67.4009 26.8032 42.9167
67.4858 26.9617 42.9167
67.5567 27.127 42.9167
67.5567 27.127 42.0833
67.613 27.2978 42.0833
67.6544 27.4728 42.0833
68.9689 15.1853 42.9167
69.7322 24.2099 42.9167
69.5732 24.2909 42.9167
68.7077 24.4792 42.9167
67.613 27.2978 42.9167
67.6544 27.4728 42.9167
69.4078 24.358 42.9167
69.2374 24.4107 42.9167
69.063 24.4487 42.9167
68.886 24.4715 42.9167
67.9601 29.1322 42.0833
67.6976 30.5531 42.0833
67.8968 30.8395 42.0833
68.2423 30.7956 42.0833
69.5179 41.906 41.6667
68.0713 31.1416 42.0833
68.2199 31.4573 42.0833
68.3416 31.7842 42.0833
68.4356 32.1202 42.0833
68.501 32.4629 42.0833
68.7259 34.0559 42.9167
69.5179 41.906 42.0833
69.4292 40.6884 42.9167
70.7369 21.924 42.9167
70.7699 22.0993 42.9167
70.7496 22.8096 42.9167
70.7877 22.2769 42.9167
70.7902 22.4553 42.9167
70.7775 22.6333 42.9167
70.3932 23.6204 42.9167
70.2822 23.7601 42.9167
70.1597 23.8899 42.9167
70.7067 22.9828 42.9167
70.6491 23.1517 42.9167
70.5773 23.315 42.9167
70.4918 23.4717 42.9167
70.0265 24.0086 42.9167
69.8837 24.1156 42.9167
69.848 25.7812 42.9167
70.0285 25.7891 42.9167
70.2077 25.8125 42.9167
71.4371 26.5174 42.9167
71.5479 26.6601 42.9167
71.6458 26.812 42.9167
71.7303 26.9717 42.9167
71.8006 27.1382 42.9167
71.8562 27.3101 42.9167
71.8967 27.4862 42.9167
72.9303 34.0683 42.9167
73.6087 40.6964 42.9167
68.2871 9.58764 52.0833
68.9689 15.1853 52.0833
70.4918 23.4717 52.0833
70.7067 22.9828 52.0833
70.6491 23.1517 52.0833
70.5773 23.315 52.0833
69.8837 24.1156 52.0833
69.7322 24.2099 52.0833
69.5732 24.2909 52.0833
70.3932 23.6204 52.0833
70.2822 23.7601 52.0833
70.1597 23.8899 52.0833
70.0265 24.0086 52.0833
69.4078 24.358 52.0833
69.2374 24.4107 52.0833
69.063 24.4487 52.0833
70.3841 25.8514 42.9167
70.5566 25.9055 42.9167
70.7237 25.9742 42.9167
68.886 24.4715 52.0833
68.7077 24.4792 52.0833
69.848 25.7812 52.0833
70.0285 25.7891 52.0833
70.2077 25.8125 52.0833
70.3841 25.8514 52.0833
70.5566 25.9055 52.0833
70.7369 21.924 52.0833
70.7699 22.0993 52.0833
70.7877 22.2769 52.0833
71.209 19.4489 52.0833
70.8842 26.0572 42.9167
71.0369 26.1538 42.9167
70.7775 22.6333 52.0833
70.7496 22.8096 52.0833
70.7237 25.9742 52.0833
70.7902 22.4553 52.0833
70.8842 26.0572 52.0833
71.0369 26.1538 52.0833
71.1806 26.2632 52.0833
71.1806 26.2632 42.9167
71.3144 26.3847 42.9167
71.3144 26.3847 52.0833
71.4371 26.5174 52.0833
71.5479 26.6601 52.0833
71.6458 26.812 52.0833
71.7303 26.9717 52.0833
71.8006 27.1382 52.0833
71.8562 27.3101 52.0833
71.8967 27.4862 52.0833
73.3104 29.517 52.0833
72.9303 34.0683 52.0833
74.5769 39.7237 52.0833
73.6087 40.6964 52.0833
68.7465 44.6161 41.6667
68.5247 44.8986 41.6667
68.2795 45.1611 41.6667
69.2551 43.6691 41.6667
69.113 43.999 41.6667
68.9431 44.3154 41.6667
68.2795 45.1611 42.0833
68.0126 45.4014 41.6667
68.0126 45.4014 42.0833
69.113 43.999 42.0833
68.9431 44.3154 42.0833
68.7465 44.6161 42.0833
68.5247 44.8986 42.0833
67.7259 45.6178 41.6667
67.7259 45.6178 42.0833
68.8332 49.1306 42.0833
69.2286 48.7889 42.0833
69.1065 48.9137 42.0833
68.9744 49.0279 42.0833
68.0272 49.4499 42.0833
67.854 49.4718 42.0833
67.6795 49.4792 42.0833
68.6839 49.2211 42.0833
68.5275 49.2988 42.0833
68.3651 49.3631 42.0833
68.198 49.4136 42.0833
69.5045 42.6236 41.6667
69.4516 42.9788 41.6667
69.3682 43.3282 41.6667
69.5267 42.2651 41.6667
69.5267 42.2651 42.0833
69.5045 42.6236 42.0833
69.4516 42.9788 42.0833
69.3682 43.3282 42.0833
69.2551 43.6691 42.0833
69.6269 43.7193 42.0833
69.7084 45.534 42.0833
69.7623 47.3497 42.0833
69.7623 47.3497 42.9167
69.6008 48.2015 42.0833
69.5266 48.3595 42.0833
69.4394 48.5108 42.0833
69.7589 47.5243 42.0833
69.7408 47.698 42.0833
69.7083 47.8695 42.0833
69.6615 48.0378 42.0833
69.7589 47.5243 42.9167
69.3398 48.6543 42.0833
69.7408 47.698 42.9167
73.93 47.3513 42.9167
73.9265 47.5258 42.9167
73.9083 47.6994 42.9167
73.6937 48.3605 42.9167
69.5266 48.3595 42.9167
69.4394 48.5108 42.9167
69.3398 48.6543 42.9167
69.7083 47.8695 42.9167
69.6615 48.0378 42.9167
69.6008 48.2015 42.9167
68.6839 49.2211 42.9167
68.5275 49.2988 42.9167
68.3651 49.3631 42.9167
69.2286 48.7889 42.9167
69.1065 48.9137 42.9167
68.9744 49.0279 42.9167
68.8332 49.1306 42.9167
68.198 49.4136 42.9167
68.0272 49.4499 42.9167
67.854 49.4718 42.9167
72.5325 49.3632 42.9167
72.3654 49.4137 42.9167
72.1947 49.45 42.9167
72.0216 49.4719 42.9167
67.6795 49.4792 42.9167
71.8472 49.4792 42.9167
71.8472 49.4792 52.0833
72.5325 49.3632 52.0833
72.3654 49.4137 52.0833
72.1947 49.45 52.0833
72.0216 49.4719 52.0833
73.8288 48.039 42.9167
73.768 48.2026 42.9167
73.6065 48.5117 42.9167
73.93 47.3513 52.0833
73.8756 47.8708 42.9167
73.9265 47.5258 52.0833
73.6937 48.3605 52.0833
73.6065 48.5117 52.0833
73.5069 48.655 52.0833
73.9083 47.6994 52.0833
73.8756 47.8708 52.0833
73.8288 48.039 52.0833
73.768 48.2026 52.0833
73.0003 49.1309 42.9167
72.8511 49.2213 42.9167
72.6948 49.299 42.9167
73.5069 48.655 42.9167
73.3957 48.7895 42.9167
73.2736 48.9142 42.9167
73.1415 49.0283 42.9167
73.0003 49.1309 52.0833
72.8511 49.2213 52.0833
72.6948 49.299 52.0833
73.3957 48.7895 52.0833
73.2736 48.9142 52.0833
73.1415 49.0283 52.0833
75 50 52.0833
39.5833 58.2031 39.5833
39.2202 58.219 39.5833
38.8598 58.2664 39.5833
39.9465 58.219 39.5833
40.3069 58.2664 39.5833
40.6617 58.3451 39.5833
41.0084 58.4544 39.5833
41.3442 58.5935 39.5833
41.6667 58.7614 39.5833
41.9732 58.9567 39.5833
42.2616 59.1779 39.5833
42.5296 59.4235 39.5833
42.2616 65.5616 39.5833
41.0084 66.2852 39.5833
40.6617 66.3945 39.5833
38.8598 66.4732 39.5833
41.9732 65.7829 39.5833
41.6667 65.9782 39.5833
41.3442 66.1461 39.5833
39.2202 66.5206 39.5833
39.9465 66.5206 39.5833
39.5833 66.5365 39.5833
40.3069 66.4732 39.5833
42.3249 83.4544 39.5833
41.9891 83.5935 39.5833
41.6667 83.7614 39.5833
42.7752 59.6915 39.5833
42.9965 59.9799 39.5833
43.1918 60.2865 39.5833
43.3596 60.6089 39.5833
43.4987 60.9447 39.5833
43.608 61.2914 39.5833
43.6867 61.6463 39.5833
43.608 63.4482 39.5833
43.4987 63.7949 39.5833
43.7341 62.0066 39.5833
43.75 62.3698 39.5833
43.7341 62.7329 39.5833
43.6867 63.0933 39.5833
42.9965 64.7597 39.5833
42.7752 65.0481 39.5833
42.5296 65.3161 39.5833
43.3596 64.1307 39.5833
43.1918 64.4531 39.5833
43.75 83.2031 39.5833
43.3869 83.219 39.5833
44.1131 83.219 39.5833
43.0265 83.2664 39.5833
42.6716 83.3451 39.5833
44.4735 83.2664 39.5833
44.8284 83.3451 39.5833
45.1751 83.4544 39.5833
45.5109 83.5935 39.5833
39.5833 58.2031 41.6667
39.2202 58.219 41.6667
38.8598 58.2664 41.6667
39.9465 58.219 41.6667
40.3069 58.2664 41.6667
40.6617 58.3451 41.6667
41.0084 58.4544 41.6667
41.3442 58.5935 41.6667
41.6667 58.7614 41.6667
41.9732 58.9567 41.6667
42.2616 59.1779 41.6667
42.5296 59.4235 41.6667
42.5296 65.3161 41.6667
40.8037 84.4235 39.5833
40.5581 84.6915 39.5833
40.3369 84.9799 39.5833
42.2616 65.5616 41.6667
41.3601 83.9567 39.5833
41.0717 84.1779 39.5833
39.5833 66.5365 41.6667
40.3369 84.9799 41.6667
40.1416 85.2865 41.6667
41.9732 65.7829 41.6667
42.6716 83.3451 41.6667
42.3249 83.4544 41.6667
41.9891 83.5935 41.6667
42.7752 59.6915 41.6667
42.9965 59.9799 41.6667
43.1918 60.2865 41.6667
43.3596 60.6089 41.6667
43.4987 60.9447 41.6667
43.608 61.2914 41.6667
43.6867 61.6463 41.6667
43.608 63.4482 41.6667
42.7752 65.0481 41.6667
43.7341 62.0066 41.6667
43.75 62.3698 41.6667
43.7341 62.7329 41.6667
43.6867 63.0933 41.6667
43.75 83.2031 41.6667
45.8333 83.7614 39.5833
46.1399 83.9567 39.5833
46.4283 84.1779 39.5833
46.6963 84.4235 39.5833
46.9419 84.6915 39.5833
47.1631 84.9799 39.5833
43.3869 83.219 41.6667
44.1131 83.219 41.6667
43.0265 83.2664 41.6667
44.4735 83.2664 41.6667
44.8284 83.3451 41.6667
45.1751 83.4544 41.6667
45.5109 83.5935 41.6667
39.7253 86.2914 39.5833
39.6466 86.6463 39.5833
39.5992 87.0066 39.5833
40.1416 85.2865 39.5833
39.9737 85.6089 39.5833
39.8346 85.9447 39.5833
39.5833 87.3698 39.5833
39.5992 87.7329 39.5833
39.6466 88.0933 39.5833
39.7253 88.4482 39.5833
39.8346 88.7949 39.5833
39.9737 89.1307 39.5833
40.1416 89.4531 39.5833
40.3369 89.7597 39.5833
40.5581 90.0481 39.5833
40.8037 90.3161 39.5833
41.0717 90.5616 39.5833
41.3601 90.7829 39.5833
41.6667 90.9782 39.5833
40.1416 89.4531 41.6667
41.9891 91.1461 39.5833
42.3249 91.2852 39.5833
42.6716 91.3945 39.5833
43.0265 91.4732 39.5833
43.3869 91.5206 39.5833
43.75 91.5365 39.5833
47.3584 85.2865 39.5833
47.5263 85.6089 39.5833
47.6654 85.9447 39.5833
47.7747 86.2914 39.5833
47.8534 86.6463 39.5833
47.9008 87.0066 39.5833
47.6654 88.7949 39.5833
47.5263 89.1307 39.5833
47.5263 89.1307 41.6667
47.9167 87.3698 39.5833
47.9008 87.7329 39.5833
47.8534 88.0933 39.5833
47.7747 88.4482 39.5833
46.4283 90.5616 39.5833
46.1399 90.7829 39.5833
45.8333 90.9782 39.5833
47.3584 89.4531 39.5833
47.1631 89.7597 39.5833
46.9419 90.0481 39.5833
46.6963 90.3161 39.5833
44.8284 91.3945 39.5833
44.4735 91.4732 39.5833
44.1131 91.5206 39.5833
47.3584 89.4531 41.6667
47.1631 89.7597 41.6667
45.5109 91.1461 39.5833
45.1751 91.2852 39.5833
39.6466 86.6463 41.6667
39.5992 87.0066 41.6667
39.5833 87.3698 41.6667
39.9737 85.6089 41.6667
39.8346 85.9447 41.6667
39.7253 86.2914 41.6667
39.5992 87.7329 41.6667
39.6466 88.0933 41.6667
39.7253 88.4482 41.6667
39.8346 88.7949 41.6667
39.9737 89.1307 41.6667
40.3369 89.7597 41.6667
40.5581 90.0481 41.6667
40.8037 90.3161 41.6667
41.0717 90.5616 41.6667
41.3601 90.7829 41.6667
41.6667 90.9782 41.6667
41.9891 91.1461 41.6667
42.3249 91.2852 41.6667
45.1751 91.2852 41.6667
42.6716 91.3945 41.6667
43.0265 91.4732 41.6667
43.3869 91.5206 41.6667
44.8284 91.3945 41.6667
44.4735 91.4732 41.6667
44.1131 91.5206 41.6667
43.75 91.5365 41.6667
47.3584 85.2865 41.6667
47.5263 85.6089 41.6667
47.6654 85.9447 41.6667
47.7747 86.2914 41.6667
47.8534 86.6463 41.6667
47.9008 87.0066 41.6667
47.6654 88.7949 41.6667
46.9419 90.0481 41.6667
46.6963 90.3161 41.6667
47.9167 87.3698 41.6667
47.9008 87.7329 41.6667
47.8534 88.0933 41.6667
47.7747 88.4482 41.6667
46.1399 90.7829 41.6667
45.8333 90.9782 41.6667
45.5109 91.1461 41.6667
46.4283 90.5616 41.6667
60.6599 94.9147 41.6667
60.3935 95.1524 41.6667
60.1078 95.3663 41.6667
58.4662 96.0327 41.6667
58.1122 96.0785 41.6667
57.7556 96.0938 41.6667
59.8048 95.555 41.6667
59.4867 95.7171 41.6667
59.156 95.8513 41.6667
58.815 95.9568 41.6667
67.6179 61.8569 39.5833
67.5735 61.8667 39.5833
67.5302 61.8804 39.5833
67.7083 61.849 39.5833
67.6629 61.8509 39.5833
67.7537 61.8509 39.5833
67.4479 61.9187 39.5833
67.4096 61.9432 39.5833
67.4096 61.9432 41.6667
67.4882 61.8978 39.5833
67.5302 61.8804 41.6667
67.4882 61.8978 41.6667
67.4479 61.9187 41.6667
67.2817 62.0711 39.5833
67.2573 62.1094 39.5833
67.2363 62.1497 39.5833
67.3735 61.9708 39.5833
67.3401 62.0015 39.5833
67.3093 62.035 39.5833
67.1895 62.3244 39.5833
67.1875 62.3698 39.5833
67.1895 62.4152 39.5833
67.2189 62.1917 39.5833
67.2052 62.235 39.5833
67.1954 62.2794 39.5833
67.1954 62.4602 39.5833
67.7988 61.8569 39.5833
67.8431 61.8667 39.5833
67.8865 61.8804 39.5833
74.5769 60.2763 39.5833
67.9284 61.8978 39.5833
67.9688 61.9187 39.5833
67.8431 61.8667 41.6667
67.8865 61.8804 41.6667
67.9284 61.8978 41.6667
68.0071 61.9432 39.5833
67.9688 61.9187 41.6667
68.0431 61.9708 39.5833
68.0071 61.9432 41.6667
68.0766 62.0015 39.5833
68.1073 62.035 39.5833
68.135 62.0711 39.5833
68.1594 62.1094 39.5833
68.1804 62.1497 39.5833
68.1978 62.1917 39.5833
68.2114 62.235 39.5833
68.0431 61.9708 41.6667
68.2213 62.2794 39.5833
68.2114 62.5046 39.5833
68.2272 62.3244 39.5833
68.2292 62.3698 39.5833
68.2272 62.4152 39.5833
68.2213 62.4602 39.5833
65.3608 53.6458 41.6667
65.7196 53.6613 41.6667
66.0758 53.7076 41.6667
66.4267 53.7845 41.6667
66.7696 53.8913 41.6667
67.1021 54.0272 41.6667
67.4217 54.1912 41.6667
67.6179 61.8569 41.6667
67.5735 61.8667 41.6667
67.7259 54.3822 41.6667
67.7083 61.849 41.6667
67.6629 61.8509 41.6667
67.7537 61.8509 41.6667
67.2817 62.0711 41.6667
67.2573 62.1094 41.6667
67.2363 62.1497 41.6667
67.3735 61.9708 41.6667
67.3401 62.0015 41.6667
67.3093 62.035 41.6667
67.1895 62.3244 41.6667
67.1875 62.3698 41.6667
67.1895 62.4152 41.6667
67.2189 62.1917 41.6667
67.2052 62.235 41.6667
67.1954 62.2794 41.6667
67.1954 62.4602 41.6667
68.0126 54.5986 41.6667
68.2795 54.8389 41.6667
68.5247 55.1014 41.6667
68.7465 55.3839 41.6667
68.9431 55.6846 41.6667
69.113 56.001 41.6667
69.2551 56.3309 41.6667
69.3682 56.6718 41.6667
69.2622 61.2503 41.6667
69.4516 57.0212 41.6667
69.5045 57.3764 41.6667
69.5267 57.7349 41.6667
69.5179 58.094 41.6667
67.7988 61.8569 41.6667
68.0766 62.0015 41.6667
68.1073 62.035 41.6667
68.135 62.0711 41.6667
68.1594 62.1094 41.6667
68.1804 62.1497 41.6667
68.1978 62.1917 41.6667
68.2114 62.235 41.6667
68.2213 62.2794 41.6667
68.2114 62.5046 41.6667
68.2272 62.3244 41.6667
68.2292 62.3698 41.6667
68.2272 62.4152 41.6667
68.2213 62.4602 41.6667
67.2052 62.5046 39.5833
67.2189 62.5479 39.5833
67.2363 62.5899 39.5833
67.2573 62.6302 39.5833
67.2817 62.6685 39.5833
67.3093 62.7046 39.5833
67.2817 62.6685 41.6667
67.3401 62.7381 39.5833
67.3093 62.7046 41.6667
67.3735 62.7688 39.5833
67.3401 62.7381 41.6667
67.4096 62.7964 39.5833
67.3735 62.7688 41.6667
67.4479 62.8208 39.5833
67.4882 62.8418 39.5833
67.5302 62.8592 39.5833
67.5735 62.8729 39.5833
67.6179 62.8827 39.5833
67.6629 62.8886 39.5833
67.4096 62.7964 41.6667
64.5644 100 39.5833
67.4479 62.8208 41.6667
67.4882 62.8418 41.6667
67.5302 62.8592 41.6667
67.7083 62.8906 39.5833
67.5735 62.8729 41.6667
68.135 62.6685 39.5833
68.1073 62.7046 39.5833
68.0766 62.7381 39.5833
68.1978 62.5479 39.5833
68.1804 62.5899 39.5833
68.1594 62.6302 39.5833
68.0431 62.7688 39.5833
68.0071 62.7964 39.5833
68.0071 62.7964 41.6667
68.135 62.6685 41.6667
68.1073 62.7046 41.6667
68.0766 62.7381 41.6667
68.0431 62.7688 41.6667
67.8431 62.8729 39.5833
67.7988 62.8827 39.5833
67.7537 62.8886 39.5833
67.9688 62.8208 39.5833
67.9284 62.8418 39.5833
67.8865 62.8592 39.5833
73.3104 70.483 39.5833
67.8865 62.8592 41.6667
67.8431 62.8729 41.6667
67.7988 62.8827 41.6667
67.9688 62.8208 41.6667
67.9284 62.8418 41.6667
71.209 80.5511 39.5833
68.2871 90.4124 39.5833
60.8715 78.6458 41.6667
61.223 78.6607 41.6667
61.5721 78.7052 41.6667
64.7278 71.0791 41.6667
64.3793 71.0938 41.6667
61.9162 78.7789 41.6667
62.2528 78.8815 41.6667
62.5796 79.012 41.6667
62.8942 79.1697 41.6667
63.1943 79.3534 41.6667
63.4779 79.5617 41.6667
63.7429 79.7932 41.6667
63.9874 80.0463 41.6667
64.2097 80.3191 41.6667
64.4082 80.6097 41.6667
64.5815 80.9159 41.6667
64.7283 81.2357 41.6667
64.8475 81.5668 41.6667
64.9385 81.9067 41.6667
65.0004 82.2531 41.6667
61.3241 94.0781 41.6667
61.1269 94.3756 41.6667
60.9049 94.6552 41.6667
63.8783 87.1721 41.6667
62.802 90.3206 41.6667
61.6386 93.438 41.6667
61.4951 93.7648 41.6667
67.2052 62.5046 41.6667
67.2189 62.5479 41.6667
67.2363 62.5899 41.6667
68.1978 62.5479 41.6667
68.1804 62.5899 41.6667
67.2573 62.6302 41.6667
68.1594 62.6302 41.6667
67.6629 62.8886 41.6667
68.0713 68.8584 41.6667
68.501 67.5371 41.6667
68.4356 67.8798 41.6667
68.3416 68.2158 41.6667
68.2199 68.5427 41.6667
66.9669 70.1929 41.6667
66.6846 70.3979 41.6667
66.3862 70.5786 41.6667
67.8968 69.1605 41.6667
67.6976 69.4469 41.6667
67.4752 69.7157 41.6667
67.231 69.9649 41.6667
65.0329 82.6035 41.6667
65.0357 82.9554 41.6667
65.0088 83.3063 41.6667
66.0736 70.7337 41.6667
65.7492 70.8621 41.6667
65.4152 70.9629 41.6667
65.074 71.0354 41.6667
42.9965 64.7597 41.6667
41.6667 65.9782 41.6667
41.3442 66.1461 41.6667
43.4987 63.7949 41.6667
43.3596 64.1307 41.6667
43.1918 64.4531 41.6667
38.8598 66.4732 41.6667
39.2202 66.5206 41.6667
39.9465 66.5206 41.6667
41.0084 66.2852 41.6667
40.6617 66.3945 41.6667
40.3069 66.4732 41.6667
64.3793 71.0938 42.0833
61.223 78.6607 42.0833
61.5721 78.7052 42.0833
61.9162 78.7789 42.0833
64.4258 75.5208 42.0833
64.6049 75.5285 42.0833
62.2528 78.8815 42.0833
62.5796 79.012 42.0833
62.8942 79.1697 42.0833
63.1943 79.3534 42.0833
63.4779 79.5617 42.0833
63.7429 79.7932 42.0833
63.9874 80.0463 42.0833
64.2097 80.3191 42.0833
65.3608 53.6458 42.0833
65.7196 53.6613 42.0833
66.0758 53.7076 42.0833
66.4267 53.7845 42.0833
66.7696 53.8913 42.0833
67.1021 54.0272 42.0833
65.7492 70.8621 42.0833
65.4152 70.9629 42.0833
65.074 71.0354 42.0833
66.9669 70.1929 42.0833
66.6846 70.3979 42.0833
66.3862 70.5786 42.0833
66.0736 70.7337 42.0833
64.7278 71.0791 42.0833
66.64 73.9453 42.0833
66.4801 74.0276 42.0833
67.1919 73.4891 42.0833
67.0692 73.6206 42.0833
66.9357 73.7411 42.0833
66.7923 73.8496 42.0833
65.788 74.211 42.0833
65.6083 74.2188 42.0833
64.7827 75.5516 42.0833
66.3137 74.0957 42.0833
66.142 74.1492 42.0833
65.9663 74.1878 42.0833
65.9564 80.069 42.0833
64.9578 75.5899 42.0833
65.129 75.6431 42.0833
65.295 75.7108 42.0833
66.142 74.1492 42.9167
65.9663 74.1878 42.9167
65.788 74.211 42.9167
64.4258 75.5208 42.9167
64.6049 75.5285 42.9167
64.7827 75.5516 42.9167
65.6083 74.2188 42.9167
64.9578 75.5899 42.9167
65.129 75.6431 42.9167
65.295 75.7108 42.9167
65.4545 75.7925 42.0833
65.6064 75.8877 42.0833
65.7496 75.9955 42.0833
65.883 76.1153 42.0833
66.0056 76.2461 42.0833
66.1165 76.3869 42.0833
65.4545 75.7925 42.9167
60.8715 78.6458 42.0833
65.6064 75.8877 42.9167
65.7496 75.9955 42.9167
65.883 76.1153 42.9167
66.0056 76.2461 42.9167
66.1165 76.3869 42.9167
66.2149 76.5368 42.0833
66.3 76.6945 42.0833
66.3713 76.859 42.0833
67.1919 73.4891 42.9167
67.0692 73.6206 42.9167
66.9357 73.7411 42.9167
66.3137 74.0957 42.9167
66.2149 76.5368 42.9167
66.3 76.6945 42.9167
66.7923 73.8496 42.9167
66.64 73.9453 42.9167
66.4801 74.0276 42.9167
66.3713 76.859 42.9167
66.4282 77.029 42.0833
66.4702 77.2033 42.0833
66.451 78.0927 42.0833
66.4971 77.3805 42.0833
66.5086 77.5594 42.0833
66.5048 77.7386 42.0833
66.4855 77.9168 42.0833
66.4282 77.029 42.9167
66.4702 77.2033 42.9167
66.451 78.0927 42.9167
66.4971 77.3805 42.9167
66.5086 77.5594 42.9167
66.5048 77.7386 42.9167
66.4855 77.9168 42.9167
41.6667 83.7614 41.6667
41.3601 83.9567 41.6667
41.0717 84.1779 41.6667
45.8333 83.7614 41.6667
46.1399 83.9567 41.6667
46.4283 84.1779 41.6667
40.8037 84.4235 41.6667
46.6963 84.4235 41.6667
40.5581 84.6915 41.6667
46.9419 84.6915 41.6667
47.1631 84.9799 41.6667
59.156 95.8513 42.0833
58.815 95.9568 42.0833
58.4662 96.0327 42.0833
58.1122 96.0785 42.0833
57.7556 96.0938 42.0833
59.2711 98.6669 42.0833
59.1396 98.7785 42.0833
58.9994 98.8787 42.0833
58.202 99.1903 42.0833
58.031 99.2116 42.0833
57.8587 99.2188 42.0833
58.8514 98.9671 42.0833
58.6965 99.0429 42.0833
58.5359 99.1056 42.0833
58.3707 99.1549 42.0833
64.4082 80.6097 42.0833
64.5815 80.9159 42.0833
64.7283 81.2357 42.0833
64.8475 81.5668 42.0833
64.9524 83.6536 41.6667
64.9385 81.9067 42.0833
65.0004 82.2531 42.0833
64.9524 83.6536 42.0833
64.8668 83.9949 42.0833
65.4283 82.0366 42.0833
65.0329 82.6035 42.0833
65.0357 82.9554 42.0833
65.0088 83.3063 42.0833
61.1269 94.3756 42.0833
60.9049 94.6552 42.0833
60.6599 94.9147 42.0833
64.8668 83.9949 41.6667
61.6386 93.438 42.0833
61.4951 93.7648 42.0833
61.3241 94.0781 42.0833
59.8048 95.555 42.0833
59.4867 95.7171 42.0833
59.7677 97.9697 42.0833
61.0356 94.957 42.0833
60.3935 95.1524 42.0833
60.1078 95.3663 42.0833
60.412 96.4677 42.0833
59.6042 98.2728 42.0833
59.5041 98.4133 42.0833
59.3929 98.5449 42.0833
62.3816 91.478 42.9167
59.6922 98.1246 42.0833
59.7677 97.9697 42.9167
59.2711 98.6669 42.9167
59.1396 98.7785 42.9167
58.9994 98.8787 42.9167
59.6922 98.1246 42.9167
59.6042 98.2728 42.9167
59.5041 98.4133 42.9167
59.3929 98.5449 42.9167
58.5359 99.1056 42.9167
58.3707 99.1549 42.9167
58.202 99.1903 42.9167
58.8514 98.9671 42.9167
58.6965 99.0429 42.9167
62.9096 99.1532 42.9167
62.7388 99.1895 42.9167
58.031 99.2116 42.9167
57.8587 99.2188 42.9167
62.3911 99.2188 42.9167
62.5656 99.2114 42.9167
62.7388 99.1895 52.0833
62.5656 99.2114 52.0833
62.3911 99.2188 52.0833
64.2381 98.0992 42.9167
64.1509 98.2505 42.9167
64.0514 98.3939 42.9167
64.6119 84.8448 42.9167
66.8251 91.4434 42.9167
64.3124 97.9411 42.9167
64.0514 98.3939 52.0833
63.9402 98.5285 42.9167
63.9402 98.5285 52.0833
66.8251 91.4434 52.0833
64.3124 97.9411 52.0833
64.2381 98.0992 52.0833
64.1509 98.2505 52.0833
63.3954 98.9607 42.9167
63.2391 99.0384 42.9167
63.0767 99.1027 42.9167
63.8181 98.6533 42.9167
63.8181 98.6533 52.0833
63.686 98.7675 42.9167
63.5448 98.8702 42.9167
63.2391 99.0384 52.0833
63.0767 99.1027 52.0833
62.9096 99.1532 52.0833
63.686 98.7675 52.0833
63.5448 98.8702 52.0833
63.3954 98.9607 52.0833
64.5644 100 52.0833
67.6795 50.5208 42.0833
67.854 50.5282 42.0833
68.0272 50.5501 42.0833
68.198 50.5864 42.0833
68.3651 50.6369 42.0833
68.5275 50.7012 42.0833
68.5275 50.7012 42.9167
68.6839 50.7789 42.0833
68.8332 50.8694 42.0833
68.9744 50.9721 42.0833
68.8332 50.8694 42.9167
69.1065 51.0863 42.0833
68.9744 50.9721 42.9167
67.4217 54.1912 42.0833
67.6179 62.8827 41.6667
67.7083 62.8906 41.6667
67.7259 54.3822 42.0833
67.7537 62.8886 41.6667
68.9232 64.3987 41.6667
68.0126 54.5986 42.0833
68.2795 54.8389 42.0833
68.5247 55.1014 42.0833
68.7465 55.3839 42.0833
69.1065 51.0863 42.9167
68.9431 55.6846 42.0833
69.113 56.001 42.0833
69.2286 51.2111 42.0833
69.3398 51.3457 42.0833
69.4394 51.4892 42.0833
72.8511 50.7787 42.9167
69.5266 51.6405 42.0833
73.0003 50.8691 42.9167
69.2286 51.2111 42.9167
69.3398 51.3457 42.9167
69.4394 51.4892 42.9167
73.1415 50.9717 42.9167
73.2736 51.0858 42.9167
73.5069 51.345 42.9167
73.6065 51.4883 42.9167
69.6008 51.7985 42.0833
69.6615 51.9622 42.0833
69.7083 52.1305 42.0833
69.7408 52.302 42.0833
69.7589 52.4757 42.0833
69.7623 52.6503 42.0833
69.7084 54.466 42.0833
69.2551 56.3309 42.0833
69.3682 56.6718 42.0833
69.4516 57.0212 42.0833
69.6269 56.2807 42.0833
69.5045 57.3764 42.0833
69.5267 57.7349 42.0833
69.5179 58.094 42.0833
67.6795 50.5208 42.9167
67.854 50.5282 42.9167
68.0272 50.5501 42.9167
71.8472 50.5208 42.9167
72.0216 50.5281 42.9167
72.1947 50.55 42.9167
71.8472 50.5208 52.0833
68.198 50.5864 42.9167
72.0216 50.5281 52.0833
72.3654 50.5863 42.9167
72.1947 50.55 52.0833
72.3654 50.5863 52.0833
72.5325 50.6368 52.0833
68.3651 50.6369 42.9167
68.6839 50.7789 42.9167
69.5266 51.6405 42.9167
72.5325 50.6368 42.9167
72.6948 50.701 42.9167
69.6008 51.7985 42.9167
69.6615 51.9622 42.9167
69.7083 52.1305 42.9167
69.4292 59.3116 42.9167
69.7408 52.302 42.9167
72.6948 50.701 52.0833
69.7589 52.4757 42.9167
69.7623 52.6503 42.9167
72.8511 50.7787 52.0833
73.3957 51.2105 42.9167
73.0003 50.8691 52.0833
73.6937 51.6395 42.9167
73.768 51.7974 42.9167
73.8288 51.961 42.9167
73.1415 50.9717 52.0833
73.2736 51.0858 52.0833
73.3957 51.2105 52.0833
73.5069 51.345 52.0833
73.6065 51.4883 52.0833
73.6937 51.6395 52.0833
73.768 51.7974 52.0833
73.8288 51.961 52.0833
73.6087 59.3036 42.9167
72.9303 65.9317 42.9167
73.8756 52.1292 42.9167
73.9083 52.3006 42.9167
73.9265 52.4742 42.9167
73.93 52.6487 42.9167
73.8756 52.1292 52.0833
73.6087 59.3036 52.0833
72.9303 65.9317 52.0833
73.9083 52.3006 52.0833
73.9265 52.4742 52.0833
73.93 52.6487 52.0833
74.5769 60.2763 52.0833
68.2199 68.5427 42.0833
68.0713 68.8584 42.0833
67.8968 69.1605 42.0833
68.501 67.5371 42.0833
68.4356 67.8798 42.0833
68.3416 68.2158 42.0833
67.4752 69.7157 42.0833
67.231 69.9649 42.0833
67.6544 72.5272 42.0833
68.2423 69.2044 42.0833
68.7259 65.9441 42.9167
67.6976 69.4469 42.0833
67.9601 70.8679 42.0833
67.4858 73.0383 42.0833
67.4009 73.1968 42.0833
67.3027 73.3475 42.0833
67.6544 72.5272 42.9167
67.613 72.7022 42.0833
67.5567 72.873 42.0833
67.4858 73.0383 42.9167
67.4009 73.1968 42.9167
67.3027 73.3475 42.9167
67.613 72.7022 42.9167
67.5567 72.873 42.9167
70.0265 75.9914 42.9167
68.9689 84.8147 42.9167
71.7303 73.0283 42.9167
71.6458 73.188 42.9167
71.5479 73.3399 42.9167
71.8967 72.5138 42.9167
71.8562 72.6899 42.9167
71.8006 72.8618 42.9167
70.8842 73.9428 42.9167
70.7237 74.0258 42.9167
70.5566 74.0946 42.9167
71.4371 73.4826 42.9167
71.3144 73.6153 42.9167
71.1806 73.7368 42.9167
71.0369 73.8462 42.9167
70.3841 74.1486 42.9167
70.1597 76.1101 42.9167
70.2822 76.2399 42.9167
70.3932 76.3796 42.9167
70.4918 76.5283 42.9167
70.5773 76.685 42.9167
70.6491 76.8483 42.9167
70.7067 77.0172 42.9167
70.7496 77.1904 42.9167
70.7369 78.076 42.9167
70.7775 77.3667 42.9167
70.7902 77.5447 42.9167
70.7877 77.7231 42.9167
70.7699 77.9007 42.9167
68.7077 75.5208 42.9167
68.886 75.5285 42.9167
69.063 75.5513 42.9167
70.2077 74.1875 42.9167
70.0285 74.2109 42.9167
69.848 74.2188 42.9167
68.7077 75.5208 52.0833
68.886 75.5285 52.0833
69.063 75.5513 52.0833
70.2077 74.1875 52.0833
70.0285 74.2109 52.0833
69.2374 75.5893 42.9167
69.848 74.2188 52.0833
69.2374 75.5893 52.0833
69.4078 75.642 42.9167
69.4078 75.642 52.0833
69.5732 75.7091 42.9167
69.5732 75.7091 52.0833
69.7322 75.7901 42.9167
69.8837 75.8844 42.9167
69.7322 75.7901 52.0833
68.9689 84.8147 52.0833
68.2871 90.4124 52.0833
69.8837 75.8844 52.0833
70.0265 75.9914 52.0833
70.1597 76.1101 52.0833
70.2822 76.2399 52.0833
71.8006 72.8618 52.0833
71.7303 73.0283 52.0833
71.6458 73.188 52.0833
73.3104 70.483 52.0833
71.8967 72.5138 52.0833
71.8562 72.6899 52.0833
71.0369 73.8462 52.0833
70.8842 73.9428 52.0833
70.7237 74.0258 52.0833
71.5479 73.3399 52.0833
71.4371 73.4826 52.0833
71.3144 73.6153 52.0833
71.1806 73.7368 52.0833
70.3841 74.1486 52.0833
70.3932 76.3796 52.0833
70.4918 76.5283 52.0833
70.5566 74.0946 52.0833
70.5773 76.685 52.0833
70.6491 76.8483 52.0833
70.7067 77.0172 52.0833
70.7496 77.1904 52.0833
70.7699 77.9007 52.0833
70.7369 78.076 52.0833
70.7775 77.3667 52.0833
70.7902 77.5447 52.0833
70.7877 77.7231 52.0833
71.209 80.5511 52.0833
68.1902 69.2357 42.9167
68.3717 68.3707 42.0833
69.5958 55.9809 42.9167
69.7633 50.5208 42.9167
69.5724 57.1874 42.0833
60.1249 99.2188 42.9167
61.0746 94.7239 42.9167
61.7086 93.2175 42.5
61.3371 94.1975 42.0833
65.1476 83.0158 42.0833
65.5314 81.4688 42.9167
67.7281 74.2188 42.9167
66.5668 75.5208 42.9167
69.7633 49.4792 42.9167
69.5958 44.0191 42.9167
69.5724 42.8126 42.0833
68.3717 31.6293 42.0833
68.1902 30.7643 42.9167
67.7281 25.7812 42.9167
66.5668 24.4792 42.9167
65.5314 18.5312 42.9167
61.0746 5.27615 42.9167
60.1249 0.78125 42.9167
65.1476 16.9842 42.0833
61.7086 6.78248 42.5
61.3371 5.80252 42.0833
30.2083 99.2188 42.9167
68.1172 74.2188 52.0833
30.2083 82.8787 42.9167
26.1673 51.8916 45.956
26.2369 51.7237 45.9615
26.6519 51.131 46.0462
26.7859 51.0082 46.0515
26.9301 50.8976 46.0568
26.3208 51.5625 45.9669
26.4184 51.4092 45.9723
26.5291 51.265 46.0515
26.0417 98.5677 52.0833
26.0417 74.8698 52.0833
26.0417 77.7754 54.1667
26.0496 52.4226 46.0043
26.0733 52.2424 46.0097
26.1127 52.065 46.015
26.0417 52.6042 46.0016
45.1416 96.0938 42.0833
42.9321 71.0938 42.0833
45.1496 96.0938 41.6667
45.4882 78.6458 42.0833
45.496 78.6458 41.6667
42.9422 71.0938 41.6667
45.8532 75.5208 42.0833
45.9156 74.2188 42.0833
42.9321 53.6458 42.0833
43.3815 50.5208 42.0833
43.4303 49.4792 42.0833
42.9422 53.6458 41.6667
30.2083 94.5312 42.0833
30.2083 75.5208 42.9167
30.2083 57.8787 42.9167
30.2083 74.2188 42.9167
27.0833 50.7999 46.062
26.0417 55.363 42.9167
30.2083 50.5208 42.9167
27.2445 50.716 46.0673
27.4125 50.6465 46.0725
27.5858 50.5918 46.0778
30.2083 80.2083 42.0833
30.2083 69.5312 42.0833
30.2083 55.2083 42.0833
27.5858 49.4082 46.2921
27.4125 49.3535 46.297
68.1172 25.7812 52.0833
30.2083 49.4792 42.9167
30.2083 33.1392 42.9167
27.2445 49.284 46.3019
27.0833 49.2001 46.3067
26.9301 49.1024 46.3116
26.7859 48.9918 46.3165
26.6519 48.869 46.3213
26.5291 48.735 46.3262
26.4184 48.5908 46.331
26.3208 48.4375 46.3358
26.2369 48.2763 46.3407
26.1673 48.1084 46.3455
26.1127 47.935 46.3503
30.2083 8.13916 42.9167
30.2083 0.78125 42.9167
26.0417 50 52.0833
26.0733 47.7576 46.3551
26.0496 47.5774 46.3599
26.0417 47.3958 46.357
26.0417 22.2246 54.1667
26.0417 25.1302 52.0833
26.0417 1.43229 52.0833
26.0417 44.637 42.9167
43.9543 46.3542 42.0833
43.9634 46.3542 41.6667
42.9321 28.9062 42.0833
43.3815 25.7812 42.0833
43.4577 24.4792 42.0833
43.9802 21.3542 42.0833
45.1416 3.90625 42.0833
42.9422 28.9062 41.6667
43.9893 21.3542 41.6667
45.1496 3.90625 41.6667
30.2083 25.7812 42.9167
30.2083 24.4792 42.9167
30.2083 44.7917 42.0833
30.2083 30.4688 42.0833
30.2083 19.7917 42.0833
30.2083 5.46875 42.0833
60.4017 3.53666 42.5
64.9638 16.3433 42.0833
30.2083 17.1213 42.9167
69.5281 42.2038 42.5
26.4184 51.4092 46.1706
63.7882 49.4792 42.0833
68.7214 49.4792 42.9167
65.0201 83.4407 42.5
68.7214 50.5208 42.9167
30.2083 31.7708 42.0833
31.25 74.2188 42.9167
28.125 50.5208 46.1242
26.5291 51.265 45.8533
59.693 24.4792 42.0833
31.25 25.7812 42.9167
26.3208 51.5625 46.2399
26.0496 52.4226 44.4605
62.0101 7.542 42.5
30.2083 43.4896 42.0833
48.4164 75.5208 52.0833
69.5395 42.2645 42.0833
65.0201 16.5593 42.5
30.2083 66.8608 42.9167
30.2083 81.5104 42.0833
30.2083 93.2292 42.0833
36.0474 75.5208 42.0833
46.4305 24.4792 52.0833
26.2369 51.7237 46.2939
47.2758 71.0938 41.6667
26.0417 2.14844 52.0833
65.4963 24.4792 42.9167
27.7632 49.4475 46.297
46.3667 50.5208 52.0833
26.0417 56.3138 42.9167
26.0417 52.6042 44.4583
62.0101 92.458 42.5
30.2083 56.5104 42.0833
26.0733 47.7576 44.6359
36.2668 74.2188 42.0833
30.2083 6.77083 42.0833
68.4475 32.1182 42.0833
65.9397 19.9353 42.5
68.4475 67.8818 42.0833
30.2083 68.2292 42.0833
61.5069 93.7697 42.0833
36.0474 49.4792 42.0833
61.3234 94.2132 42.2615
64.9638 83.6567 42.0833
59.5514 25.7812 42.0833
65.4963 75.5208 42.9167
31.25 75.5208 42.9167
69.5281 57.7962 42.5
31.25 50.5208 42.9167
31.25 49.4792 42.9167
69.5395 57.7355 42.0833
61.3234 5.78679 42.2615
59.693 75.5208 42.0833
36.0474 24.4792 42.0833
68.4841 67.5742 42.5
67.9484 29.1342 42.5
28.125 49.4792 46.3164
26.1127 52.065 44.4658
26.0733 52.2424 44.4632
46.3964 49.4792 52.0833
63.6512 50.5208 42.0833
59.5514 74.2188 42.0833
26.1673 51.8916 46.3397
66.6682 25.7812 42.9167
65.9397 80.0647 42.5
26.0496 47.5774 44.6383
66.6682 74.2188 42.9167
69.6946 45.5345 42.5
30.2083 91.8608 42.9167
27.9434 50.5288 46.1293
47.2957 71.0938 42.0833
61.5069 6.23026 42.0833
26.0417 97.8516 52.0833
27.7632 50.5525 46.1345
67.9484 70.8658 42.5
69.6946 54.4655 42.5
26.0417 47.3958 44.6361
60.4017 96.4633 42.5
31.25 24.4792 42.9167
36.2668 25.7812 42.0833
68.4841 32.4258 42.5
26.0417 43.6862 42.9167
27.9434 49.4712 46.3213
36.1892 50.5208 42.0833
30.2083 18.4896 42.0833
30.2083 42.1213 42.9167
26.3208 51.5625 46.4295
26.5291 51.265 44.385
31.7708 49.4792 42.9167
68.3623 68.3953 42.2901
37.9194 46.3542 42.0833
63.8494 74.2188 42.0833
30.2083 57.449 42.0833
30.2083 32.7094 42.0833
69.7354 53.5581 42.5
26.6519 51.131 46.7116
62.0101 92.458 42.2917
26.7859 51.0082 44.4292
26.2369 51.7237 44.4391
66.2037 20.9191 42.5
49.3318 74.2188 42.0833
69.5791 57.013 42.2847
69.5791 42.987 42.2847
65.6776 18.9247 42.2865
26.5291 51.265 46.7361
57.5058 21.3542 41.6667
26.4184 48.5908 44.6238
46.4767 25.7812 52.0833
26.1673 48.1084 44.6311
31.7708 74.2188 42.9167
62.0101 7.542 42.2917
68.2005 49.4792 42.9167
26.0496 52.4226 46.6433
66.2037 79.0809 42.5
58.6132 71.0938 41.6667
31.7708 75.5208 42.9167
61.7744 53.6458 41.6667
37.9438 46.3542 41.6667
26.4184 51.4092 46.7646
68.3623 31.6047 42.2901
30.2083 82.449 42.0833
27.9434 49.4712 46.1379
41.595 74.2188 42.0833
48.3734 74.2188 52.0833
27.7632 50.5525 44.5256
26.1673 51.8916 44.4364
30.2083 7.70942 42.0833
57.4801 21.3542 42.0833
60.0898 97.2187 42.5
64.961 24.4792 42.9167
26.2369 48.2763 44.6287
39.9355 78.6458 41.6667
26.4184 51.4092 44.3962
69.6599 55.3971 42.2862
30.2083 67.2906 42.0833
30.2083 92.2906 42.0833
58.6132 28.9062 41.6667
69.7354 46.4419 42.5
26.5291 48.735 44.6214
66.1382 74.2188 42.9167
63.8494 25.7812 42.0833
30.2083 42.551 42.0833
68.2005 50.5208 42.9167
27.4125 50.6465 47.1778
26.6519 48.869 44.619
65.6776 81.0753 42.2865
26.7859 51.0082 46.7361
26.6519 51.131 44.4401
60.0898 2.78133 42.5
31.7708 50.5208 42.9167
66.1382 25.7812 42.9167
26.1127 52.065 46.3871
26.1127 47.935 44.6335
27.7632 49.4475 47.8255
26.3208 48.4375 44.6263
27.5858 50.5918 47.1927
26.2369 51.7237 46.8884
61.7503 53.6458 42.0833
59.1499 49.4792 42.0833
64.961 75.5208 42.9167
31.7708 25.7812 42.9167
39.9316 78.6458 42.0833
67.8073 28.3025 42.5
30.2083 17.551 42.0833
26.0417 52.6042 49.0425
31.7708 24.4792 42.9167
58.5982 28.9062 42.0833
26.3208 51.5625 44.4418
26.9301 50.8976 44.4401
26.0733 52.2424 49.0465
67.8073 71.6975 42.5
69.6599 44.6029 42.2862
27.5858 49.4082 44.6044
27.0833 49.2001 44.6117
26.6519 51.131 49.3614
28.125 49.4792 47.8686
26.7859 51.0082 49.3677
27.9434 49.4712 47.8792
26.1127 52.065 49.0527
26.5291 48.735 48.3947
27.4125 50.6465 49.4841
54.6637 25.7812 42.0833
54.4979 24.4792 42.0833
26.9301 50.8976 49.3616
27.0833 50.7999 44.4509
32.1099 49.4792 42.9167
27.4125 49.3535 44.6068
26.1673 51.8916 49.0588
28.125 50.5208 44.5204
27.7632 50.5525 47.2082
26.0417 52.6042 46.6402
26.6519 48.869 48.4027
26.9301 49.1024 48.434
27.2445 50.716 49.4778
27.9434 49.4712 44.562
27.4125 49.3535 47.8681
27.4125 50.6465 44.4946
27.9434 50.5288 47.2234
27.2445 49.284 44.6093
26.7859 48.9918 44.6166
26.5291 51.265 49.3677
39.6902 49.4792 42.0833
58.3955 46.3542 41.6667
26.9301 49.1024 44.6141
26.4184 51.4092 49.374
61.7956 93.0239 42.2594
26.0496 52.4226 49.0534
32.1099 24.4792 42.9167
26.0733 52.2424 46.6688
32.1099 74.2188 42.9167
27.5858 50.5918 44.4972
67.8541 49.4792 42.9167
26.4184 48.5908 48.4027
51.3685 78.6458 41.6667
27.0833 49.2001 48.4417
64.6051 75.5208 42.9167
26.7859 48.9918 48.4418
27.9434 50.5288 44.523
49.5675 75.5208 42.0833
61.7956 6.97612 42.2594
27.0833 50.7999 49.3556
51.3832 78.6458 42.0833
26.6519 51.131 45.7811
32.1099 50.5208 42.9167
58.5982 71.0938 42.0833
59.0309 50.5208 42.0833
27.2445 49.284 48.4494
67.8541 50.5208 42.9167
26.3208 48.4375 48.4107
64.6051 24.4792 42.9167
58.3831 46.3542 42.0833
65.7881 25.7812 42.9167
27.7632 49.4475 44.6068
26.4184 51.4092 45.755
27.5858 49.4082 47.8785
65.7881 74.2188 42.9167
27.2445 50.716 44.492
26.3208 51.5625 49.368
27.5858 50.5918 49.4913
32.1099 25.7812 42.9167
26.2369 51.7237 49.3746
26.7859 51.0082 45.7257
41.4004 75.5208 42.0833
32.1099 75.5208 42.9167
27.7632 50.5525 45.9441
28.125 49.4792 44.572
27.4125 49.3535 48.4772
27.9434 49.4712 47.6897
53.5597 28.9062 41.6667
26.3208 51.5625 45.6878
26.2369 51.7237 49.0102
53.5425 28.9062 42.0833
26.1127 52.065 49.538
39.7854 50.5208 42.0833
26.1127 47.935 48.4813
27.5858 49.4082 45.8976
57.6078 53.6458 42.0833
27.0833 50.7999 45.5671
26.1673 51.8916 49.5713
28.125 50.5208 47.2384
26.1673 51.8916 46.9177
26.0733 47.7576 48.489
26.9301 49.1024 47.6491
27.9434 49.4712 45.7024
27.4125 50.6465 49.0989
26.1127 52.065 46.948
27.0833 50.7999 49.5746
27.9434 50.5288 49.5202
54.707 49.4792 42.0833
27.7632 49.4475 45.6753
27.2445 50.716 47.1926
53.1817 75.5208 42.0833
26.9301 50.8976 46.76
26.5291 51.265 45.6467
26.0417 47.3958 48.4707
26.3208 51.5625 46.9231
26.9301 50.8976 45.5345
57.587 53.6458 41.6667
27.5858 49.4082 47.4692
26.7859 48.9918 47.6285
27.2445 49.284 47.8403
26.4184 51.4092 47.0058
27.9434 49.4712 48.6875
53.1605 21.3542 42.0833
26.9301 50.8976 49.6416
27.5858 50.5918 45.8521
26.6519 51.131 47.1789
27.7632 50.5525 49.5274
26.1673 48.1084 48.489
26.0496 47.5774 48.4968
26.6519 48.869 48.5886
27.0833 49.2001 47.6285
27.0833 50.7999 47.2071
27.9434 50.5288 45.8698
26.2369 48.2763 48.4966
27.7632 49.4475 48.7065
53.3959 74.2188 42.0833
26.7859 51.0082 47.2148
53.1405 21.3542 41.6667
27.5858 49.4082 48.7262
27.4125 49.3535 47.4298
27.7632 50.5525 45.7404
26.2369 51.7237 49.6424
51.3437 25.7812 42.0833
26.5291 48.735 47.5468
26.3208 51.5625 48.9667
27.9434 49.4712 47.2649
26.5291 48.735 48.6604
26.2369 51.7237 45.6329
26.4184 51.4092 48.928
26.4184 48.5908 48.7181
27.7632 49.4475 45.9624
26.7859 48.9918 48.6754
27.0833 50.7999 46.7245
26.0496 52.4226 47.1173
26.4184 51.4092 49.8256
26.5291 51.265 47.2148
27.2445 49.284 47.3913
27.2445 49.284 45.7584
26.9301 49.1024 48.7362
27.5858 49.4082 48.4179
26.6519 48.869 47.5277
27.5858 50.5918 49.0589
27.2445 50.716 49.0576
27.2445 49.284 48.9121
26.7859 51.0082 45.4619
27.2445 50.716 46.6905
27.9434 50.5288 48.9331
26.3208 48.4375 48.7678
26.0733 52.2424 49.5705
54.5833 50.5208 42.0833
26.6519 51.131 49.9508
27.5858 49.4082 45.6104
27.4125 50.6465 49.8584
26.3208 51.5625 49.8604
27.0833 49.2001 45.7291
27.0833 49.2001 47.9076
38.6535 53.6458 42.0833
53.5433 46.3542 41.6667
27.4125 49.3535 45.5868
27.9434 49.4712 50.0335
28.125 49.4792 50.0255
38.6586 53.6458 41.6667
27.7632 49.4475 47.2361
26.4184 51.4092 45.5434
27.0833 50.7999 50.0355
27.0833 50.7999 49.0065
26.6519 51.131 45.4138
27.0833 49.2001 48.946
26.9301 50.8976 47.2498
28.125 50.5208 49.5275
53.5254 46.3542 42.0833
26.0733 52.2424 47.1528
27.7632 50.5525 48.9059
27.4125 50.6465 45.7869
26.7859 51.0082 49.9784
27.7632 49.4475 50.0459
26.4184 48.5908 47.5277
27.4125 49.3535 50.0874
26.5291 51.265 49.9784
27.2445 50.716 45.5351
27.2445 50.716 50.0643
27.5858 50.5918 49.9009
26.1127 52.065 45.4879
27.2445 49.284 45.5084
27.7632 50.5525 49.9428
27.0833 49.2001 50.1438
27.9434 50.5288 45.6467
26.1673 48.1084 48.9468
27.5858 50.5918 45.6388
27.5858 49.4082 50.0995
26.9301 49.1024 50.1555
26.1127 52.065 47.2218
26.5291 48.735 50.2513
26.3208 51.5625 45.4557
27.2445 50.716 48.8688
26.2369 48.2763 48.9821
51.0855 24.4792 42.0833
27.2445 49.284 50.1571
26.5291 51.265 48.8919
53.2588 53.6458 42.0833
27.5858 50.5918 50.2991
26.7859 48.9918 45.6259
26.9301 50.8976 48.9627
26.4184 51.4092 50.0631
27.5858 50.5918 48.8213
26.9301 50.8976 50.0754
27.7632 49.4475 48.3654
27.5858 50.5918 46.6352
26.2369 51.7237 49.9262
26.6519 51.131 48.858
27.4125 50.6465 45.4763
27.4125 49.3535 45.9419
26.6519 51.131 50.3347
26.7859 48.9918 50.1666
26.4184 51.4092 47.2827
27.4125 50.6465 50.3351
26.9301 49.1024 45.6022
26.9301 49.1024 47.9651
27.4125 49.3535 47.0182
27.4125 49.3535 48.9486
26.0417 52.6042 47.8414
26.5291 51.265 45.3512
27.4125 50.6465 46.6252
26.9301 49.1024 47.2038
53.2388 53.6458 41.6667
26.2369 48.2763 47.4619
26.1673 51.8916 49.97
27.5858 49.4082 46.983
26.7859 48.9918 47.1665
26.4184 48.5908 50.2621
26.0496 52.4226 49.6015
27.0833 49.2001 47.1665
26.3208 48.4375 47.4447
27.7632 50.5525 49.1435
26.6519 48.869 50.2612
27.9434 50.5288 49.9802
51.3661 49.4792 42.0833
27.4125 50.6465 48.7671
26.1673 51.8916 45.4538
26.7859 51.0082 48.8265
27.2445 50.716 49.7897
27.7632 49.4475 47.5308
26.7859 48.9918 50.3715
26.0496 52.4226 45.373
26.3208 51.5625 50.1326
27.7632 50.5525 46.6672
26.2369 51.7237 47.4245
27.7632 50.5525 45.5322
27.2445 49.284 49.9625
26.0496 52.4226 47.8638
26.5291 51.265 47.4088
26.6519 51.131 47.472
26.3208 51.5625 47.4564
26.2369 51.7237 45.3778
27.5858 49.4082 49.0134
26.1673 48.1084 47.446
27.0833 50.7999 50.5063
26.9301 49.1024 49.0138
27.5858 50.5918 45.395
26.5291 51.265 50.3784
27.7632 49.4475 49.0632
27.5858 50.5918 48.6317
26.7859 51.0082 50.3784
26.0733 47.7576 49.0734
26.1127 52.065 50.0067
26.0733 47.7576 47.4221
26.1127 47.935 47.4158
26.0733 52.2424 45.3475
26.0733 52.2424 50.043
26.7859 48.9918 48.011
26.1127 47.935 49.1006
26.9301 50.8976 48.7356
26.1673 51.8916 47.4561
27.0833 50.7999 48.6803
26.9301 50.8976 50.5431
27.2445 50.716 50.5422
26.2369 51.7237 50.2012
27.9434 50.5288 50.4635
26.3208 48.4375 50.2731
26.1673 48.1084 50.3219
26.4184 51.4092 45.2789
27.7632 50.5525 50.4943
26.5291 48.735 45.5373
26.6519 48.869 45.5165
51.2016 50.5208 42.0833
26.4184 51.4092 50.427
27.2445 50.716 48.6069
27.4125 49.3535 50.2821
26.0733 52.2424 47.8867
27.7632 49.4475 46.9245
27.0833 49.2001 45.4432
27.2445 49.284 46.9763
26.2369 48.2763 50.3342
27.9434 49.4712 48.3177
27.9434 50.5288 46.6764
26.6519 48.869 49.1477
27.7632 49.4475 50.4791
27.9434 50.5288 48.4611
27.7632 50.5525 48.4254
26.6519 48.869 47.1234
27.9434 50.5288 45.4319
26.9301 49.1024 45.3607
27.5858 50.5918 48.3568
27.9434 49.4712 50.5147
26.1127 52.065 47.9111
26.7859 48.9918 49.1815
26.3208 48.4375 45.4811
27.0833 49.2001 49.8871
26.4184 48.5908 49.2807
26.5291 48.735 47.086
27.0833 49.2001 50.5724
26.6519 48.869 50.4738
27.0833 49.2001 46.9034
26.1673 48.1084 49.1849
27.4125 50.6465 50.6107
26.0496 47.5774 49.1013
26.0496 52.4226 50.079
26.3208 51.5625 45.2021
26.0733 47.7576 50.3736
26.3208 48.4375 49.3119
27.5858 49.4082 50.5204
27.9434 49.4712 49.1048
26.0496 47.5774 47.4283
27.4125 49.3535 49.8669
27.4125 49.3535 50.5818
27.7632 50.5525 50.2276
27.5858 50.5918 50.6598
27.2445 49.284 50.619
26.0417 47.3958 47.4248
26.4184 48.5908 45.4774
26.9301 49.1024 50.6103
26.7859 51.0082 47.5297
26.4184 48.5908 47.0501
26.7859 51.0082 50.6236
26.6519 48.869 47.9709
26.6519 51.131 50.6761
26.9301 50.8976 47.5835
26.4184 51.4092 47.5341
27.4125 50.6465 48.3183
26.5291 48.735 49.3067
26.1673 51.8916 50.2641
27.9434 49.4712 46.879
26.3208 48.4375 50.4648
27.0833 50.7999 50.6917
27.7632 50.5525 45.3045
26.1127 47.935 50.3865
26.7859 48.9918 45.3044
26.3208 51.5625 50.4786
27.0833 50.7999 47.6251
26.0417 52.6042 45.3705
26.1127 52.065 50.3218
27.2445 50.716 47.6618
26.2369 48.2763 50.558
26.1673 48.1084 50.6198
27.5858 49.4082 50.7122
27.5858 49.4082 49.8043
26.9301 49.1024 49.8313
27.7632 50.5525 50.7401
27.7632 50.5525 48.2312
26.0417 52.6042 50.0708
26.6519 48.869 49.3892
27.7632 49.4475 50.7747
27.4125 50.6465 48.5427
26.2369 51.7237 50.5328
27.2445 49.284 49.7571
26.5291 51.265 50.7272
26.7859 48.9918 50.6716
27.0833 49.2001 50.76
26.0417 47.3958 50.277
26.4184 51.4092 50.7779
26.1673 51.8916 47.946
27.9434 50.5288 50.7945
26.1673 48.1084 45.4883
26.2369 51.7237 47.9768
27.4125 50.6465 47.6948
26.2369 48.2763 49.3587
26.0496 47.5774 50.3865
26.5291 51.265 47.6296
26.5291 48.735 50.5386
27.9434 50.5288 45.2099
26.2369 48.2763 45.4847
27.2445 50.716 50.7776
26.5291 48.735 47.9708
26.9301 49.1024 46.8527
26.3208 48.4375 47.0102
26.6519 48.869 45.2372
26.4184 48.5908 50.593
26.9301 50.8976 50.7779
27.9434 49.4712 50.8319
26.7859 48.9918 46.8039
26.5291 48.735 50.7283
27.2445 50.716 48.2659
27.7632 50.5525 47.7197
27.5858 50.5918 47.7502
27.7632 49.4475 49.7436
26.7859 48.9918 49.7852
26.0733 52.2424 50.3758
26.2369 48.2763 46.975
26.5291 48.735 45.1865
26.1127 47.935 45.4919
26.7859 51.0082 48.6233
26.1127 47.935 50.6823
26.6519 51.131 50.8649
27.4125 49.3535 50.8055
27.0833 50.7999 50.8929
26.3208 48.4375 50.6872
26.1673 51.8916 50.5885
26.4184 51.4092 48.1067
27.0833 49.2001 49.6636
27.2445 49.284 50.8794
26.6519 48.869 50.7865
26.9301 49.1024 50.8458
26.3208 51.5625 48.1316
26.0496 47.5774 45.4991
27.4125 50.6465 50.8574
26.3208 51.5625 50.8288
26.7859 51.0082 50.9257
27.9434 50.5288 47.7519
26.0733 47.7576 45.4955
27.5858 50.5918 50.9283
27.4125 49.3535 49.6545
26.6519 51.131 48.5612
26.4184 48.5908 47.9652
26.7859 51.0082 48.4312
26.0417 47.3958 45.4966
27.5858 49.4082 50.9165
27.4125 49.3535 51.0184
27.0833 50.7999 48.2278
27.2445 49.284 49.5484
26.0733 47.7576 50.7318
27.7632 50.5525 51.0017
26.1673 48.1084 46.9412
27.9434 49.4712 49.6913
26.6519 51.131 47.7125
26.9301 49.1024 49.2611
26.3208 48.4375 47.9296
26.5291 51.265 48.1401
26.4184 48.5908 50.8196
27.0833 49.2001 50.9775
27.5858 49.4082 49.5688
26.1127 52.065 50.6446
26.4184 48.5908 45.1344
26.6519 48.869 49.8249
26.2369 48.2763 50.781
26.9301 50.8976 48.1962
26.6519 48.869 46.7558
26.7859 48.9918 50.9233
27.2445 50.716 50.9928
26.2369 51.7237 50.8801
26.5291 51.265 50.9552
26.9301 50.8976 51.0121
26.3208 48.4375 50.912
26.6519 48.869 51.014
26.5291 48.735 46.7091
27.9434 50.5288 51.0701
26.4184 51.4092 51.0318
27.7632 49.4475 51.0052
26.9301 49.1024 51.0702
26.3208 48.4375 45.0896
26.2369 48.2763 47.9636
27.0833 50.7999 51.1102
26.6519 51.131 48.1368
26.7859 51.0082 48.0853
26.0733 52.2424 50.7003
26.1673 51.8916 50.9321
26.5291 48.735 49.7878
26.7859 51.0082 51.1269
26.1127 47.935 46.9076
27.5858 49.4082 51.1249
26.7859 48.9918 49.4575
27.0833 49.2001 49.3048
26.5291 48.735 51.0669
27.4125 50.6465 51.084
27.2445 49.284 51.1082
26.1673 48.1084 50.8627
27.7632 49.4475 49.4914
27.4125 49.3535 49.4441
26.6519 51.131 51.1838
26.4184 48.5908 49.7714
27.2445 49.284 49.2445
27.4125 49.3535 51.2291
27.0833 49.2001 51.2014
27.5858 50.5918 51.1676
26.0496 52.4226 50.7263
26.9301 50.8976 51.2271
26.9301 49.1024 49.5287
26.4184 48.5908 51.1265
27.5858 49.4082 49.3484
26.0733 47.7576 46.8886
26.1673 48.1084 47.9675
26.7859 48.9918 51.157
27.2445 50.716 51.2092
26.3208 51.5625 51.1012
26.5291 51.265 51.2472
26.1127 52.065 50.9847
26.4184 48.5908 46.6905
26.1127 47.935 50.9384
27.7632 49.4475 51.2228
26.2369 48.2763 51.0051
27.9434 49.4712 51.263
26.1127 47.935 47.9485
26.2369 51.7237 51.1664
26.3208 48.4375 49.7925
26.6519 48.869 51.2453
26.0733 52.2424 51.0378
27.7632 50.5525 51.2478
27.0833 50.7999 51.3263
27.5858 49.4082 51.3344
26.4184 51.4092 51.3136
26.7859 51.0082 51.3345
26.9301 49.1024 51.2944
27.4125 49.3535 49.1963
26.1673 48.1084 51.0936
27.2445 49.284 51.3265
26.3208 48.4375 51.1932
26.0496 47.5774 46.8941
27.4125 50.6465 51.3047
26.1673 51.8916 51.2286
26.3208 51.5625 51.3808
26.9301 50.8976 51.4382
26.6519 51.131 51.4199
27.5858 50.5918 51.3953
26.2369 48.2763 51.2666
27.2445 50.716 51.4254
26.0733 47.7576 47.9555
26.2369 48.2763 49.829
27.7632 49.4475 51.4361
27.9434 50.5288 51.3243
26.7859 48.9918 51.3848
27.0833 49.2001 51.422
26.5291 48.735 51.3216
27.4125 49.3535 51.4391
27.4125 50.6465 51.5229
26.5291 51.265 51.4979
27.7632 50.5525 51.4819
27.5858 49.4082 51.5441
27.0833 50.7999 51.5397
27.9434 49.4712 51.514
26.9301 49.1024 51.5165
26.2369 51.7237 51.4475
26.0496 47.5774 47.9625
26.1127 52.065 51.2889
26.4184 48.5908 51.3931
26.7859 51.0082 51.5437
26.6519 48.869 51.4744
27.2445 49.284 51.5403
27.0833 49.2001 51.6389
27.4125 49.3535 51.649
27.2445 50.716 51.6401
26.7859 48.9918 51.6092
26.5291 48.735 51.5591
26.6519 51.131 51.6398
27.9434 50.5288 51.5648
27.5858 50.5918 51.6174
26.9301 50.8976 51.6484
27.7632 49.4475 51.6475
26.1673 51.8916 51.5131
26.4184 51.4092 51.5725
26.3208 48.4375 51.4634
27.7632 50.5525 51.7086
26.3208 51.5625 51.6449
27.0833 50.7999 51.7515
26.4184 48.5908 51.6392
26.9301 49.1024 51.7356
27.2445 49.284 51.7521
26.5291 51.265 51.7285
27.5858 49.4082 51.754
26.6519 48.869 51.7007
26.7859 51.0082 51.7534
27.4125 50.6465 51.7392
26.2369 51.7237 51.7158
4 3499 703 645 644
4 215 62 87 39
4 541 453 540 0
4 84 30 79 29
4 728 677 678 62
4 327 321 322 107
4 483 437 482 436
4 725 10 452 9
4 830 172 174 171
4 63 62 30 29
4 506 479 478 453
4 639 4 638 3
4 691 639 640 504
4 707 12 452 11
4 3516 686 685 69
4 77 75 25 24
4 460 159 58 55
4 457 319 320 60
4 3669 2197 3428 2184
4 240 239 42 41
4 267 29 82 0
4 746 76 745 75
4 93 92 24 23
4 453 97 68 67
4 730 707 452 11
4 3492 674 675 266
4 655 643 654 3
4 641 27 87 26
4 244 84 240 79
4 3556 25 92 24
4 84 82 30 29
4 240 84 82 38
4 3546 3499 653 454
4 81 79 38 37
4 3516 740 63 43
4 3512 273 272 143
4 63 62 31 30
4 660 649 648 4
4 3512 189 195 142
4 161 134 133 115
4 1710 238 239 80
4 1721 94 48 25
4 77 75 67 66
4 716 657 452 53
4 226 225 108 106
4 88 31 85 30
4 86 85 29 28
4 94 72 77 21
4 454 7 451 0
4 731 679 678 63
4 3605 103 105 97
4 3492 666 673 265
4 3492 664 665 268
4 94 77 23 22
4 3492 267 675 82
4 453 77 67 66
4 94 77 24 23
4 84 82 29 28
4 3492 669 664 268
4 77 75 24 23
4 715 452 712 19
4 98 97 25 24
4 3516 685 684 61
4 654 642 641 26
4 77 72 75 21
4 77 75 68 67
4 77 75 22 21
4 748 22 93 21
4 452 20 53 0
4 740 738 678 63
4 1709 243 242 64
4 454 451 11 10
4 3550 3464 3539 858
4 3556 773 3516 770
4 452 53 54 0
4 3684 78 101 77
4 63 62 29 28
4 722 721 683 87
4 63 62 34 33
4 63 62 35 34
4 63 62 36 35
4 63 62 37 36
4 730 11 452 10
4 3684 453 78 77
4 718 651 646 1
4 63 62 32 31
4 63 62 33 32
4 63 62 38 37
4 63 62 39 38
4 77 75 23 22
4 94 77 22 21
4 663 76 78 75
4 654 643 26 3
4 658 55 452 54
4 747 76 746 75
4 3516 69 685 61
4 77 75 72 68
4 98 97 24 23
4 712 19 452 15
4 97 94 24 23
4 77 75 48 25
4 93 65 75 61
4 169 166 161 106
4 94 77 72 68
4 732 731 678 63
4 77 48 75 47
4 3510 1791 1790 1736
4 198 180 179 166
4 452 8 451 7
4 3492 266 641 265
4 240 79 84 38
4 94 77 25 24
4 240 81 79 38
4 229 228 139 138
4 206 180 179 112
4 97 94 25 24
4 3556 750 751 24
4 97 94 23 22
4 98 97 23 22
4 730 452 725 10
4 506 478 505 452
4 452 11 451 10
4 217 63 216 41
4 3516 213 45 44
4 654 641 87 26
4 3516 212 213 43
4 93 92 48 25
4 452 15 19 0
4 694 642 643 504
4 654 87 62 26
4 3516 63 212 43
4 520 476 477 449
4 83 65 80 61
4 721 63 720 62
4 682 86 641 85
4 246 189 245 142
4 83 80 65 64
4 77 47 75 46
4 94 77 68 67
4 77 75 52 46
4 94 77 48 25
4 77 52 75 51
4 1956 1940 1955 1939
4 1721 77 1720 47
4 1710 93 96 92
4 340 339 334 119
4 97 94 22 21
4 1707 241 221 36
4 453 66 159 60
4 1710 238 1709 64
4 249 248 238 221
4 97 72 94 21
4 660 4 640 3
4 217 212 63 42
4 1721 94 77 48
4 3605 98 453 97
4 225 136 115 108
4 3511 201 197 192
4 247 241 242 221
4 192 115 191 108
4 775 192 774 106
4 453 94 97 67
4 648 0 647 1
4 217 42 63 41
4 3684 3605 3519 453
4 240 41 215 40
4 269 268 31 0
4 212 43 63 42
4 239 238 41 40
4 228 227 108 106
4 758 575 571 125
4 456 160 67 66
4 84 82 28 0
4 242 241 40 39
4 483 471 437 436
4 3516 57 688 56
4 640 5 639 4
4 93 23 75 22
4 3516 80 69 61
4 3516 83 89 80
4 704 8 452 7
4 456 134 145 104
4 2216 2181 2190 504
4 3492 292 669 268
4 81 79 37 36
4 87 86 37 36
4 81 79 29 28
4 81 79 36 35
4 3499 478 504 454
4 81 79 30 29
4 88 81 31 30
4 81 79 35 34
4 86 85 28 27
4 81 79 31 30
4 641 81 88 28
4 81 79 34 33
4 81 79 32 31
4 88 30 85 29
4 81 79 33 32
4 84 29 79 28
4 453 452 58 55
4 82 29 28 0
4 1434 1404 1431 910
4 216 215 42 41
4 217 43 212 42
4 84 28 79 0
4 160 159 67 66
4 164 163 161 106
4 3500 150 571 146
4 163 108 162 106
4 215 87 86 39
4 720 656 641 87
4 654 643 642 26
4 707 452 12 6
4 452 13 14 0
4 84 31 79 30
4 84 82 31 30
4 84 38 79 37
4 84 82 38 37
4 84 32 79 31
4 84 82 32 31
4 84 37 79 36
4 84 82 37 36
4 84 33 79 32
4 84 82 33 32
4 84 36 79 35
4 84 82 36 35
4 84 34 79 33
4 84 82 34 33
4 84 35 79 34
4 84 82 35 34
4 478 451 452 0
4 453 55 159 0
4 88 81 30 29
4 831 830 174 171
4 641 88 85 28
4 88 29 85 28
4 87 86 39 38
4 87 86 38 37
4 88 81 29 28
4 639 638 4 0
4 649 504 648 0
4 748 76 747 75
4 453 59 159 58
4 641 85 86 27
4 3512 195 196 142
4 734 733 678 63
4 3616 3483 3438 3437
4 453 452 55 0
4 86 85 30 29
4 3684 3605 453 94
4 86 85 31 30
4 87 37 62 36
4 86 85 32 31
4 453 452 59 58
4 86 85 33 32
4 87 38 62 37
4 86 85 34 33
4 86 85 35 34
4 86 85 36 35
4 87 39 62 38
4 86 85 37 36
4 1726 255 1725 254
4 86 85 38 37
4 191 115 175 108
4 86 85 39 38
4 720 62 63 28
4 87 36 62 35
4 87 86 36 35
4 453 60 159 59
4 87 35 62 34
4 87 86 35 34
4 655 640 639 3
4 641 28 85 27
4 87 34 62 33
4 87 86 34 33
4 87 27 62 26
4 87 33 62 32
4 87 86 33 32
4 87 28 62 27
4 87 86 28 27
4 87 32 62 31
4 87 86 32 31
4 87 29 62 28
4 87 86 29 28
4 87 31 62 30
4 87 86 31 30
4 87 30 62 29
4 87 86 30 29
4 88 81 32 31
4 88 32 85 31
4 88 81 33 32
4 88 33 85 32
4 88 81 34 33
4 88 34 85 33
4 88 81 35 34
4 88 35 85 34
4 88 81 36 35
4 88 36 85 35
4 88 81 37 36
4 88 37 85 36
4 88 81 38 37
4 88 38 85 37
4 88 81 39 38
4 88 39 85 38
4 223 215 216 63
4 217 216 42 41
4 3492 667 221 0
4 653 454 478 0
4 3556 93 750 92
4 705 16 452 8
4 3516 743 742 45
4 3498 479 453 159
4 710 14 452 13
4 661 59 452 58
4 93 65 92 64
4 722 721 87 62
4 93 22 75 21
4 93 24 75 23
4 93 92 25 24
4 244 240 81 79
4 452 8 16 0
4 3519 663 3491 76
4 3516 89 90 80
4 3491 663 744 76
4 93 48 75 25
4 662 60 452 59
4 93 75 65 64
4 3949 3853 3890 3790
4 452 18 13 0
4 3511 286 285 280
4 662 453 452 60
4 93 25 75 24
4 3556 3516 686 685
4 1710 83 214 64
4 748 747 93 75
4 93 92 65 61
4 93 75 48 47
4 93 48 92 47
4 93 75 69 61
4 93 69 92 61
4 93 75 47 46
4 93 47 92 46
4 93 75 70 69
4 93 70 92 69
4 93 52 75 46
4 93 92 52 46
4 93 75 71 70
4 93 71 92 70
4 93 75 52 51
4 93 52 92 51
4 93 75 73 71
4 93 73 92 71
4 93 74 75 51
4 93 92 74 51
4 93 75 74 73
4 93 74 92 73
4 3499 651 652 504
4 98 72 97 21
4 98 97 22 21
4 98 97 72 68
4 97 94 72 68
4 97 94 68 67
4 777 206 197 112
4 1491 1490 856 854
4 1715 241 1714 50
4 104 98 72 68
4 457 453 159 0
4 453 68 159 67
4 1709 238 243 64
4 3498 506 513 159
4 163 115 162 108
4 774 161 453 106
4 1714 49 241 45
4 104 72 98 21
4 173 108 172 106
4 479 427 457 425
4 479 453 427 426
4 229 228 138 117
4 160 159 133 104
4 95 65 80 64
4 217 216 43 42
4 1710 95 80 64
4 95 80 65 61
4 96 92 48 47
4 3556 755 3491 754
4 96 92 65 64
4 95 69 80 61
4 95 73 80 71
4 96 65 95 64
4 95 70 80 69
4 95 71 80 70
4 1710 239 240 215
4 96 92 47 46
4 96 65 92 61
4 96 95 65 61
4 96 52 92 46
4 3556 3516 771 770
4 96 92 69 61
4 96 69 95 61
4 96 92 52 51
4 96 52 95 51
4 96 92 70 69
4 96 70 95 69
4 96 74 92 51
4 96 95 74 51
4 96 92 71 70
4 96 71 95 70
4 96 92 74 73
4 96 74 95 73
4 96 92 73 71
4 96 73 95 71
4 506 453 478 452
4 163 162 161 106
4 322 111 321 110
4 104 98 22 21
4 1776 1723 255 77
4 215 86 85 39
4 184 168 183 138
4 104 98 23 22
4 1711 75 65 61
4 752 180 198 164
4 213 212 45 44
4 1723 1722 104 98
4 104 98 24 23
4 757 206 455 112
4 162 115 161 108
4 3510 1915 1732 1731
4 245 230 189 140
4 1717 75 74 51
4 1757 70 75 69
4 3516 65 83 61
4 374 229 351 140
4 457 55 58 0
4 342 336 123 120
4 3640 3423 2392 2391
4 1710 241 238 93
4 453 159 133 106
4 204 174 203 139
4 456 161 134 133
4 3516 740 678 63
4 3491 744 745 76
4 3492 665 269 268
4 3491 745 746 76
4 159 98 104 68
4 224 212 218 63
4 216 215 44 43
4 244 240 84 82
4 660 648 647 4
4 722 63 721 62
4 3986 3926 3461 2565
4 746 75 72 21
4 774 175 172 106
4 1915 221 667 0
4 575 126 150 125
4 182 170 171 138
4 1723 254 255 77
4 641 28 27 0
4 2199 1971 2197 1972
4 655 638 643 3
4 660 640 655 3
4 659 452 658 55
4 452 16 17 0
4 656 654 87 62
4 3511 205 202 201
4 527 499 526 498
4 649 2 0 1
4 760 164 199 116
4 376 375 357 204
4 372 199 371 198
4 3516 80 70 69
4 216 215 43 42
4 244 240 215 63
4 833 829 192 191
4 342 336 124 123
4 374 202 201 189
4 3492 221 291 0
4 1710 80 83 64
4 314 282 306 259
4 457 442 453 438
4 323 322 111 107
4 161 160 159 106
4 1709 242 241 64
4 161 115 160 108
4 192 188 138 117
4 639 504 638 0
4 1243 1062 1036 996
4 398 325 326 107
4 535 534 457 0
4 137 133 134 115
4 3498 797 798 162
4 151 150 127 126
4 340 334 335 119
4 1705 42 241 41
4 198 179 178 166
4 357 204 139 138
4 323 134 322 133
4 375 357 203 202
4 183 169 182 138
4 322 104 72 68
4 3498 163 760 162
4 200 199 180 179
4 182 169 170 138
4 3510 1733 1787 1732
4 338 337 332 119
4 640 4 639 3
4 641 82 84 0
4 453 77 94 67
4 184 167 168 117
4 332 326 331 119
4 204 181 174 171
4 4000 3963 3874 3816
4 191 116 175 115
4 457 110 318 109
4 3515 227 233 106
4 160 159 104 68
4 323 110 322 109
4 225 136 137 116
4 159 108 133 106
4 3512 196 271 142
4 248 242 243 221
4 321 137 225 136
4 453 161 159 106
4 136 133 115 108
4 3570 3528 3478 3468
4 245 189 230 142
4 1713 45 241 44
4 1718 77 52 46
4 136 133 108 106
4 479 457 428 425
4 3512 190 139 138
4 1719 1716 75 73
4 460 318 457 66
4 457 59 325 58
4 225 136 108 106
4 3492 641 504 0
4 653 504 652 0
4 4017 589 3795 588
4 344 257 256 255
4 323 111 318 107
4 3604 1152 1121 1067
4 346 345 264 263
4 457 453 442 441
4 457 427 453 426
4 3638 408 409 367
4 323 318 109 67
4 160 159 68 67
4 1496 861 1492 857
4 3514 457 145 109
4 328 323 318 107
4 3498 463 460 456
4 341 335 336 119
4 323 109 145 67
4 339 338 333 119
4 322 321 111 107
4 1968 1797 1795 1744
4 457 320 325 59
4 3511 284 286 280
4 358 227 357 226
4 162 108 161 106
4 722 721 63 29
4 160 108 159 106
4 460 60 457 59
4 3498 803 168 167
4 342 336 150 146
4 3579 1287 3578 1286
4 647 5 1 0
4 216 63 215 40
4 227 226 117 116
4 199 193 198 176
4 3602 429 427 426
4 204 183 198 182
4 240 42 215 41
4 3600 315 3574 304
4 3760 3681 3728 300
4 775 185 192 108
4 204 183 182 138
4 358 321 133 22
4 160 115 133 108
4 460 55 457 0
4 161 108 160 106
4 834 828 833 191
4 760 162 163 116
4 330 319 324 107
4 1703 39 241 38
4 372 371 225 198
4 137 136 133 115
4 479 478 453 0
4 3500 559 558 532
4 398 324 320 107
4 1721 48 77 47
4 419 413 396 395
4 137 116 136 115
4 322 136 321 133
4 3602 331 532 0
4 3614 111 3526 110
4 481 467 468 435
4 335 334 123 120
4 341 340 335 119
4 3515 136 225 106
4 576 544 575 543
4 151 150 126 125
4 323 322 145 109
4 374 365 358 357
4 3623 3520 3420 2393
4 213 212 49 45
4 336 335 120 119
4 1120 422 423 415
4 1092 1091 1065 1064
4 336 335 146 124
4 342 336 146 124
4 192 186 116 115
4 243 242 39 38
4 3508 1819 1872 1818
4 3574 1810 1812 347
4 419 413 397 396
4 198 164 117 116
4 456 455 206 112
4 456 133 134 104
4 3602 441 447 426
4 454 451 7 6
4 235 228 229 106
4 3614 457 3526 111
4 343 342 123 120
4 1401 1397 1400 910
4 376 375 358 357
4 1307 1277 545 544
4 343 342 150 146
4 366 321 327 107
4 359 343 150 146
4 200 199 137 116
4 169 168 166 106
4 323 104 322 68
4 571 335 334 123
4 359 343 151 150
4 375 204 374 203
4 413 412 394 393
4 3856 3466 3482 3439
4 320 319 111 107
4 199 198 179 178
4 374 364 365 357
4 711 15 452 14
4 3500 571 532 333
4 358 198 204 117
4 1455 1454 1449 1407
4 455 193 206 174
4 316 260 236 206
4 535 457 531 0
4 343 342 124 123
4 216 215 41 40
4 378 373 131 130
4 3444 1479 912 911
4 1710 239 238 64
4 225 136 116 115
4 357 225 351 136
4 1722 98 25 24
4 336 335 124 123
4 133 104 24 23
4 133 104 23 22
4 3510 35 221 34
4 133 104 22 21
4 3514 372 377 137
4 322 134 137 133
4 3681 3531 833 829
4 1723 94 254 77
4 358 133 357 23
4 1723 245 254 230
4 319 111 318 110
4 3940 3578 1331 1330
4 1757 1719 75 70
4 227 226 108 106
4 650 2 644 0
4 226 225 116 115
4 351 236 230 229
4 239 238 64 57
4 225 198 117 116
4 371 226 358 225
4 1720 47 77 46
4 245 230 140 139
4 322 321 137 134
4 2142 1709 1762 241
4 1713 241 1712 44
4 225 199 198 116
4 229 228 115 108
4 3510 1915 1733 1732
4 228 227 115 108
4 1710 93 92 64
4 225 137 199 116
4 226 225 117 116
4 358 321 145 134
4 323 318 110 109
4 1717 52 77 51
4 160 133 159 108
4 161 133 160 115
4 226 225 115 108
4 774 191 175 106
4 243 39 238 38
4 245 230 143 142
4 216 41 63 40
4 346 345 263 257
4 246 245 143 142
4 836 825 826 172
4 192 140 191 139
4 229 228 117 116
4 260 236 201 144
4 374 199 236 198
4 183 168 169 138
4 402 359 150 146
4 358 204 357 138
4 366 111 321 107
4 322 110 321 109
4 1724 255 1723 254
4 1066 412 413 362
4 412 411 392 391
4 236 143 230 142
4 576 336 335 146
4 850 153 843 152
4 323 145 104 68
4 343 342 151 150
4 323 145 134 104
4 373 151 130 127
4 3574 1812 1815 347
4 372 321 358 137
4 374 236 204 198
4 456 159 160 66
4 752 198 199 164
4 3511 203 204 197
4 460 159 456 66
4 321 72 104 21
4 243 221 242 38
4 3498 168 184 167
4 3526 111 457 110
4 1723 98 133 94
4 479 453 426 0
4 1455 1453 1435 1408
4 323 145 68 67
4 331 119 326 107
4 374 202 236 201
4 3569 394 1124 393
4 3690 1338 1339 604
4 2128 1915 1968 1737
4 3462 1194 1050 1014
4 343 342 146 124
4 3863 2609 2556 2555
4 1120 423 424 416
4 401 347 353 256
4 328 327 322 107
4 328 322 323 107
4 836 826 835 173
4 323 134 133 104
4 294 241 247 221
4 322 137 136 133
4 358 137 321 134
4 683 87 641 86
4 760 752 199 164
4 400 399 342 119
4 3512 285 3511 144
4 3498 184 178 167
4 191 117 175 116
4 3514 457 206 134
4 378 373 126 125
4 240 239 41 40
4 452 451 12 6
4 3513 156 151 150
4 641 267 82 0
4 198 164 180 117
4 204 181 198 174
4 3526 110 457 109
4 200 116 137 115
4 168 167 166 106
4 3512 140 192 139
4 200 134 161 115
4 166 164 161 106
4 163 116 162 115
4 3522 2522 3252 2520
4 164 108 163 106
4 164 115 163 108
4 166 165 164 106
4 641 86 87 27
4 3605 97 453 94
4 452 7 451 6
4 316 285 260 144
4 192 138 191 117
4 460 159 60 59
4 199 198 180 179
4 3512 201 189 144
4 3595 3328 3406 3315
4 376 358 371 198
4 457 325 320 107
4 3599 276 279 274
4 172 171 170 106
4 457 66 319 60
4 164 116 163 115
4 165 108 164 106
4 165 115 164 108
4 192 185 186 115
4 456 68 145 67
4 241 38 221 37
4 3516 214 57 56
4 453 440 438 0
4 199 197 198 193
4 224 217 212 63
4 456 161 455 134
4 453 438 442 0
4 166 108 165 106
4 166 115 165 108
4 358 225 357 136
4 175 173 172 106
4 165 116 164 115
4 165 117 164 116
4 204 182 181 171
4 3512 190 194 139
4 3510 1783 1730 1729
4 456 160 161 133
4 191 176 175 139
4 192 117 191 116
4 760 752 200 199
4 760 199 757 116
4 200 134 137 112
4 520 493 492 449
4 198 180 166 117
4 166 116 165 115
4 166 117 165 116
4 3512 195 189 140
4 203 174 177 139
4 306 264 259 251
4 191 139 175 138
4 167 108 166 106
4 167 115 166 108
4 202 193 191 139
4 192 139 191 138
4 204 172 174 139
4 3769 1848 1901 1843
4 3516 218 219 212
4 192 108 191 106
4 192 187 188 117
4 230 189 229 142
4 453 133 159 104
4 198 178 184 117
4 641 265 266 0
4 244 240 88 81
4 167 116 166 115
4 167 117 166 116
4 192 186 187 116
4 168 108 167 106
4 168 115 167 108
4 323 145 322 134
4 206 193 197 112
4 206 137 134 112
4 520 450 493 449
4 760 200 757 199
4 454 12 451 6
4 460 456 455 206
4 460 159 66 60
4 1711 75 1710 65
4 1956 1948 1955 1947
4 833 197 193 191
4 3526 147 118 109
4 3514 382 376 206
4 202 192 201 189
4 3512 144 189 142
4 757 200 455 161
4 2143 2141 1968 1741
4 168 116 167 115
4 168 117 167 116
4 184 178 167 117
4 169 108 168 106
4 169 115 168 108
4 1709 57 241 56
4 3512 3511 201 144
4 204 182 198 181
4 3760 311 305 304
4 192 185 115 108
4 460 457 159 0
4 3526 457 3514 109
4 3686 3599 287 281
4 204 184 198 183
4 738 737 678 63
4 199 164 198 116
4 202 191 140 139
4 198 166 178 117
4 169 116 168 115
4 169 117 168 116
4 169 138 168 117
4 3445 1476 3444 1450
4 204 184 138 117
4 3505 1837 3504 1814
4 170 108 169 106
4 178 166 167 117
4 170 115 169 108
4 3498 460 479 159
4 176 173 175 139
4 358 321 225 136
4 330 329 318 107
4 1308 335 1081 334
4 460 159 59 58
4 177 173 176 139
4 3512 3511 829 192
4 204 184 183 138
4 180 165 166 117
4 3498 511 479 457
4 227 226 115 108
4 1704 41 241 40
4 1450 1404 1407 910
4 454 451 10 9
4 3602 457 331 0
4 170 116 169 115
4 170 117 169 116
4 184 168 138 117
4 170 138 169 117
4 3499 478 454 451
4 454 451 12 11
4 3535 150 3513 146
4 171 108 170 106
4 171 115 170 108
4 246 245 189 140
4 180 164 165 117
4 175 108 173 106
4 204 198 184 117
4 202 192 189 140
4 192 187 117 116
4 175 115 173 108
4 191 138 175 117
4 171 116 170 115
4 171 117 170 116
4 193 176 191 139
4 171 138 170 117
4 172 169 161 106
4 1197 1196 1190 1172
4 172 170 169 106
4 757 199 200 116
4 1716 74 75 73
4 541 439 453 0
4 172 108 171 106
4 172 115 171 108
4 316 260 206 112
4 200 179 180 112
4 191 108 175 106
4 663 66 453 60
4 3515 225 226 106
4 344 263 257 253
4 457 440 453 439
4 172 116 171 115
4 172 117 171 116
4 172 138 171 117
4 456 200 455 112
4 3535 128 129 123
4 457 453 440 438
4 204 182 171 138
4 177 172 173 139
4 478 454 451 0
4 173 115 172 108
4 457 111 319 110
4 3498 514 461 160
4 200 137 134 115
4 175 138 173 117
4 173 116 172 115
4 173 117 172 116
4 175 139 173 138
4 173 138 172 117
4 173 139 172 138
4 1132 1131 1074 158
4 452 17 18 0
4 479 457 432 428
4 457 331 325 107
4 177 174 172 139
4 192 116 191 115
4 752 200 199 180
4 175 117 173 116
4 3515 104 453 98
4 453 104 159 98
4 453 97 98 68
4 3602 470 429 426
4 3819 1755 3626 1749
4 3602 469 443 438
4 175 116 173 115
4 199 184 198 178
4 200 199 179 178
4 199 198 177 176
4 200 178 179 112
4 199 198 184 183
4 200 197 199 193
4 199 177 198 174
4 200 197 193 112
4 199 198 183 182
4 200 184 199 178
4 199 198 181 174
4 200 184 178 112
4 199 198 182 181
4 200 193 176 112
4 200 193 199 176
4 200 183 184 112
4 200 199 184 183
4 200 176 177 112
4 200 199 177 176
4 200 182 183 112
4 200 199 183 182
4 200 177 174 112
4 200 177 199 174
4 200 181 182 112
4 200 199 182 181
4 200 174 181 112
4 200 199 181 174
4 3599 275 277 274
4 3769 3702 3687 3657
4 1710 241 93 75
4 203 177 176 139
4 202 197 201 192
4 202 193 197 191
4 322 133 321 104
4 204 172 139 138
4 202 191 192 140
4 202 197 192 191
4 390 388 387 125
4 204 174 172 171
4 203 197 202 193
4 203 176 193 139
4 203 193 202 139
4 204 171 172 138
4 204 198 177 174
4 204 177 203 174
4 204 177 198 176
4 204 203 177 176
4 204 198 193 176
4 204 193 203 176
4 204 198 197 193
4 204 197 203 193
4 375 374 365 358
4 3514 3479 777 457
4 3515 231 232 225
4 374 200 236 199
4 346 345 257 256
4 375 357 204 203
4 777 197 206 193
4 206 184 183 112
4 206 183 184 179
4 455 206 183 174
4 206 179 178 112
4 206 178 184 112
4 206 179 184 178
4 206 181 174 112
4 206 181 183 174
4 206 176 193 112
4 206 193 176 174
4 206 182 181 112
4 206 183 182 112
4 206 182 183 181
4 206 174 177 112
4 206 177 176 112
4 206 176 177 174
4 453 58 159 55
4 3511 207 779 203
4 3912 3757 3881 3719
4 456 134 200 112
4 3550 1386 1385 910
4 316 260 199 198
4 236 230 229 142
4 1722 1721 94 77
4 376 357 358 204
4 357 264 351 259
4 1706 36 221 35
4 3556 3516 772 771
4 3769 1839 1841 1825
4 3428 2129 2182 1915
4 215 40 63 39
4 1708 1703 241 38
4 250 238 239 221
4 344 257 255 254
4 1710 217 212 83
4 215 63 62 39
4 304 263 302 257
4 240 239 40 39
4 240 40 215 39
4 240 49 215 45
4 240 215 85 39
4 374 201 236 144
4 213 212 44 43
4 3516 741 742 678
4 213 212 50 49
4 213 212 56 50
4 213 212 57 56
4 213 212 64 57
4 214 213 56 50
4 214 213 57 56
4 1710 215 217 83
4 1710 216 215 64
4 3516 687 739 50
4 214 213 64 57
4 216 215 45 44
4 217 216 44 43
4 216 215 49 45
4 217 216 45 44
4 216 215 50 49
4 216 215 56 50
4 216 215 57 56
4 217 45 212 44
4 216 215 64 57
4 217 44 212 43
4 1710 216 217 215
4 217 49 212 45
4 217 216 49 45
4 1710 215 240 64
4 1710 215 83 80
4 217 64 212 57
4 217 216 64 57
4 217 50 212 49
4 217 216 50 49
4 217 57 212 56
4 217 216 57 56
4 217 56 212 50
4 217 216 56 50
4 641 79 81 28
4 224 223 216 63
4 3516 741 740 43
4 3516 690 689 64
4 244 87 240 62
4 3098 2765 3134 2766
4 1710 1709 242 241
4 653 652 12 0
4 3602 121 119 107
4 221 34 33 0
4 452 12 451 11
4 239 238 42 41
4 240 239 39 38
4 221 33 32 0
4 266 30 29 0
4 724 451 454 9
4 240 39 81 38
4 239 238 39 38
4 242 221 241 38
4 344 257 254 253
4 337 326 332 119
4 223 222 215 63
4 224 216 217 63
4 357 351 260 259
4 229 228 108 106
4 1984 1916 1799 1746
4 696 638 639 504
4 374 203 236 202
4 3497 506 479 478
4 382 381 375 206
4 4070 592 635 590
4 460 456 67 66
4 542 457 537 0
4 376 204 358 198
4 374 357 351 236
4 1723 230 254 133
4 1710 243 1709 238
4 227 226 116 115
4 1718 77 1717 52
4 285 236 260 144
4 351 346 260 259
4 331 326 325 107
4 913 861 906 857
4 457 325 331 58
4 3600 1815 3508 256
4 229 228 140 139
4 321 104 133 21
4 229 228 116 115
4 1717 77 75 51
4 358 138 227 117
4 460 67 318 66
4 456 160 133 104
4 319 318 111 107
4 3599 3512 273 272
4 228 227 116 115
4 228 227 117 116
4 372 358 321 225
4 246 245 140 139
4 316 260 280 259
4 230 229 189 140
4 1719 71 75 70
4 228 227 138 117
4 228 227 139 138
4 3686 287 297 281
4 1724 254 1723 253
4 324 319 320 107
4 1710 75 93 64
4 310 304 264 259
4 230 229 115 108
4 375 374 358 357
4 314 278 283 259
4 230 229 116 115
4 276 274 258 251
4 230 229 117 116
4 230 229 140 139
4 372 199 225 137
4 245 230 139 138
4 230 229 108 106
4 230 229 138 117
4 230 229 139 138
4 777 457 455 206
4 246 245 108 106
4 248 243 238 221
4 3515 226 227 106
4 3515 233 227 226
4 3605 3515 453 98
4 3515 232 233 226
4 234 227 228 106
4 234 233 227 106
4 235 234 228 106
4 1710 93 238 80
4 3546 507 508 454
4 246 237 230 106
4 246 230 245 106
4 272 246 258 245
4 237 229 230 106
4 237 235 229 106
4 246 245 139 138
4 3511 208 209 144
4 3574 302 296 255
4 242 241 39 38
4 239 238 40 39
4 239 221 238 38
4 241 37 221 36
4 243 238 221 38
4 240 88 81 39
4 244 215 222 63
4 240 43 215 42
4 239 238 43 42
4 240 87 215 62
4 239 238 57 56
4 240 85 88 39
4 240 239 43 42
4 240 215 86 85
4 239 238 44 43
4 240 239 49 45
4 239 238 56 50
4 244 240 63 62
4 240 44 215 43
4 3647 100 76 75
4 239 238 45 44
4 3662 3606 3602 3535
4 239 238 50 49
4 240 239 44 43
4 240 215 87 86
4 240 45 215 44
4 240 239 45 44
4 239 238 49 45
4 240 50 215 49
4 240 239 50 49
4 240 215 63 62
4 250 249 238 221
4 240 56 215 50
4 240 239 56 50
4 240 57 215 56
4 240 239 57 56
4 240 64 215 57
4 240 239 64 57
4 1710 240 239 64
4 352 346 351 256
4 451 7 8 0
4 242 241 41 40
4 1710 241 243 238
4 1710 1709 243 242
4 3686 3681 3531 282
4 1714 241 1713 45
4 267 266 29 0
4 1704 241 1703 40
4 243 242 40 39
4 3686 297 293 281
4 242 241 42 41
4 242 241 43 42
4 243 242 41 40
4 242 241 44 43
4 1710 239 215 80
4 242 241 45 44
4 243 242 42 41
4 242 241 49 45
4 243 42 238 41
4 242 241 50 49
4 1710 96 93 80
4 242 241 56 50
4 243 41 238 40
4 242 241 57 56
4 242 241 64 57
4 243 40 238 39
4 243 64 238 57
4 243 242 64 57
4 243 43 238 42
4 243 242 43 42
4 243 57 238 56
4 243 242 57 56
4 243 44 238 43
4 243 242 44 43
4 243 56 238 50
4 243 242 56 50
4 243 45 238 44
4 243 242 45 44
4 243 50 238 49
4 243 242 50 49
4 243 49 238 45
4 243 242 49 45
4 244 88 240 85
4 646 504 645 0
4 244 240 87 86
4 244 240 86 85
4 3605 3515 3519 453
4 2383 2332 2345 1946
4 1712 44 241 43
4 245 230 138 117
4 245 230 117 116
4 246 245 115 108
4 1723 133 254 94
4 245 230 116 115
4 366 365 321 111
4 245 230 115 108
4 245 230 108 106
4 246 245 138 117
4 246 245 116 115
4 246 245 117 116
4 248 247 242 221
4 2190 2181 727 504
4 452 19 20 0
4 1710 96 95 64
4 3599 281 283 276
4 2127 2059 2119 2053
4 364 264 357 259
4 330 318 319 107
4 272 258 251 245
4 322 321 145 109
4 365 358 321 111
4 512 481 479 435
4 339 333 334 119
4 4272 4262 4241 3493
4 1710 242 243 241
4 3509 3504 1844 1836
4 322 104 321 72
4 334 333 120 119
4 1709 64 241 57
4 3510 1730 34 0
4 3508 1823 1877 1822
4 335 334 120 119
4 329 328 318 107
4 323 133 322 104
4 3511 204 779 197
4 317 316 236 206
4 1707 221 1706 36
4 274 272 258 251
4 304 257 302 255
4 1710 92 96 64
4 3686 293 298 282
4 272 246 245 143
4 280 272 279 245
4 260 236 202 201
4 314 279 278 259
4 260 236 203 202
4 3498 516 463 456
4 260 236 204 203
4 260 204 236 198
4 260 236 199 198
4 260 236 200 199
4 321 133 22 21
4 260 200 236 112
4 372 225 321 137
4 260 236 206 112
4 316 200 260 112
4 4135 3842 4036 3800
4 323 318 111 110
4 302 295 296 254
4 3684 94 453 77
4 280 230 236 143
4 338 332 333 119
4 488 485 487 444
4 3511 207 203 202
4 323 111 322 110
4 351 228 346 227
4 364 260 357 236
4 1720 77 1718 46
4 3602 531 535 457
4 306 259 282 251
4 316 280 314 259
4 267 30 82 29
4 267 266 30 29
4 454 6 7 0
4 490 489 486 445
4 265 239 240 38
4 266 265 30 0
4 266 265 31 30
4 266 265 240 38
4 291 32 31 0
4 266 265 32 31
4 270 30 265 0
4 266 244 240 239
4 266 240 265 239
4 266 250 244 239
4 266 265 250 239
4 774 192 191 106
4 266 265 33 32
4 638 3 4 0
4 266 265 38 37
4 267 31 82 30
4 266 265 34 33
4 267 266 31 30
4 266 265 37 36
4 267 240 244 82
4 266 265 35 34
4 267 266 244 240
4 266 265 36 35
4 267 32 82 31
4 267 266 32 31
4 267 240 82 38
4 267 266 240 38
4 267 33 82 32
4 267 266 33 32
4 267 38 82 37
4 267 266 38 37
4 267 34 82 33
4 267 266 34 33
4 267 37 82 36
4 267 266 37 36
4 267 35 82 34
4 267 266 35 34
4 267 36 82 35
4 267 266 36 35
4 291 221 32 0
4 292 31 268 0
4 3428 2181 2216 1915
4 270 31 30 0
4 292 291 31 0
4 269 268 32 31
4 291 221 33 32
4 4261 1574 848 847
4 291 250 239 221
4 270 31 265 30
4 269 268 33 32
4 270 269 31 0
4 269 268 250 239
4 3512 194 195 140
4 269 268 34 33
4 269 268 239 38
4 270 269 32 31
4 269 268 35 34
4 270 32 265 31
4 269 268 38 37
4 270 269 250 239
4 269 268 36 35
4 270 250 265 239
4 269 268 37 36
4 270 33 265 32
4 270 269 33 32
4 270 239 265 38
4 270 269 239 38
4 270 34 265 33
4 270 269 34 33
4 270 38 265 37
4 270 269 38 37
4 270 35 265 34
4 270 269 35 34
4 270 37 265 36
4 270 269 37 36
4 270 36 265 35
4 270 269 36 35
4 3511 779 204 203
4 280 260 236 230
4 520 492 519 449
4 285 280 260 236
4 3599 3511 3512 279
4 272 245 230 143
4 280 279 260 245
4 280 260 279 259
4 2216 2209 2208 1915
4 726 63 722 62
4 302 257 263 253
4 285 280 236 143
4 281 276 258 251
4 336 335 123 120
4 279 260 278 259
4 280 272 230 143
4 274 272 251 245
4 3599 274 3512 272
4 3511 209 205 201
4 279 272 274 245
4 364 357 260 259
4 276 251 260 245
4 279 276 278 260
4 276 274 251 245
4 958 892 957 891
4 306 298 252 251
4 316 285 280 260
4 278 259 260 251
4 278 260 276 251
4 532 331 332 0
4 456 455 200 134
4 279 274 276 245
4 279 276 260 245
4 314 283 282 259
4 459 457 458 431
4 3511 201 202 197
4 280 245 260 230
4 280 272 245 230
4 3599 3512 3511 829
4 3574 304 302 255
4 283 278 276 251
4 283 276 281 251
4 302 261 262 252
4 302 255 257 254
4 3511 202 203 197
4 298 293 258 251
4 358 133 23 22
4 305 300 304 264
4 283 259 278 251
4 283 281 282 251
4 283 282 259 251
4 3531 280 3511 279
4 3531 284 3511 280
4 285 143 236 142
4 374 364 357 236
4 285 236 144 142
4 3511 205 207 202
4 3599 273 275 272
4 316 260 200 199
4 316 260 204 203
4 304 256 257 255
4 3728 300 3686 298
4 3599 3531 3511 279
4 3681 306 312 282
4 3599 3531 279 278
4 342 336 120 119
4 3599 279 3512 274
4 314 280 279 259
4 3512 143 285 142
4 3599 275 274 272
4 3599 277 276 274
4 291 221 34 33
4 292 32 268 31
4 291 221 239 38
4 292 291 32 31
4 291 221 35 34
4 291 221 38 37
4 456 160 104 68
4 291 221 36 35
4 292 33 268 32
4 291 221 37 36
4 292 291 33 32
4 292 250 268 239
4 292 291 250 239
4 292 34 268 33
4 292 291 34 33
4 292 239 268 38
4 292 291 239 38
4 292 35 268 34
4 292 291 35 34
4 292 38 268 37
4 292 291 38 37
4 292 36 268 35
4 292 291 36 35
4 292 37 268 36
4 292 291 37 36
4 293 282 281 251
4 298 282 293 251
4 293 281 258 251
4 3498 3497 506 479
4 302 296 255 254
4 3686 293 3599 281
4 302 254 257 253
4 3686 300 306 298
4 306 282 298 251
4 306 264 305 259
4 302 295 254 253
4 304 300 302 264
4 314 306 305 259
4 306 252 264 251
4 300 252 298 251
4 302 263 264 253
4 300 298 258 251
4 302 262 295 253
4 302 262 253 252
4 302 253 264 252
4 302 264 300 252
4 302 261 252 251
4 302 252 300 251
4 302 258 261 251
4 302 300 258 251
4 304 264 302 263
4 305 264 304 259
4 364 352 351 256
4 310 264 304 263
4 306 300 305 264
4 306 298 300 252
4 479 432 457 431
4 3574 256 304 255
4 306 300 264 252
4 3686 306 3681 282
4 3728 301 303 300
4 308 257 304 256
4 308 304 307 256
4 322 145 321 134
4 316 260 201 144
4 316 204 260 198
4 309 263 304 257
4 309 304 308 257
4 310 304 309 263
4 316 260 203 202
4 3681 313 288 282
4 3760 315 311 304
4 3681 283 3531 282
4 3681 288 283 282
4 3686 3681 306 300
4 3686 3599 3531 829
4 314 305 304 259
4 314 304 310 259
4 316 260 202 201
4 357 227 351 226
4 322 137 321 136
4 1710 95 96 80
4 1153 1149 1121 1064
4 343 342 120 119
4 1723 1722 94 77
4 1723 97 98 94
4 1723 1722 98 97
4 345 259 264 251
4 345 264 252 251
4 345 252 344 251
4 345 344 263 257
4 345 264 263 253
4 345 263 344 253
4 345 264 253 252
4 345 253 344 252
4 345 344 257 256
4 3602 457 441 426
4 3510 1783 1784 1706
4 351 230 346 229
4 357 139 227 138
4 346 264 345 259
4 351 229 346 228
4 358 357 227 138
4 351 260 346 236
4 365 358 111 110
4 380 317 236 206
4 351 229 228 140
4 346 230 345 229
4 346 236 260 230
4 346 260 259 251
4 346 259 345 251
4 346 260 245 230
4 346 245 345 230
4 346 260 251 245
4 346 251 345 245
4 3510 1730 1706 34
4 3510 1708 1703 241
4 1781 1780 1727 255
4 3724 3705 3694 3689
4 1715 1709 241 56
4 1723 1722 97 94
4 1757 75 1711 69
4 1714 50 241 49
4 3510 1707 1708 241
4 1768 1715 1709 241
4 3574 3509 3505 1813
4 378 373 130 127
4 1717 75 1716 74
4 349 344 255 254
4 1719 73 75 71
4 349 344 256 255
4 3574 1810 347 255
4 350 345 346 256
4 356 345 350 256
4 3984 3484 3485 3437
4 358 204 138 117
4 357 260 351 236
4 358 321 136 133
4 358 136 357 133
4 351 236 346 230
4 357 226 351 225
4 1722 94 1721 25
4 351 264 346 259
4 352 350 346 256
4 351 346 264 263
4 351 346 263 257
4 351 346 257 256
4 372 200 371 199
4 376 375 204 198
4 353 347 348 256
4 354 349 344 256
4 356 344 345 256
4 355 354 344 256
4 3508 1879 1878 1825
4 356 355 344 256
4 354 348 349 256
4 354 353 348 256
4 389 387 126 125
4 512 479 511 457
4 357 228 227 139
4 357 228 351 227
4 374 204 236 203
4 375 374 204 198
4 358 227 226 117
4 358 226 357 225
4 357 351 264 263
4 364 357 264 263
4 357 204 203 139
4 357 140 228 139
4 357 351 228 140
4 357 351 263 257
4 364 357 263 257
4 357 203 202 139
4 375 199 374 198
4 357 202 140 139
4 357 202 351 140
4 357 351 257 256
4 364 357 257 256
4 364 351 357 256
4 365 145 358 109
4 365 358 145 134
4 365 137 358 134
4 365 358 110 109
4 372 200 199 137
4 3614 113 111 110
4 358 145 321 109
4 358 321 110 109
4 358 321 111 110
4 457 318 319 66
4 1495 856 1490 854
4 359 343 146 124
4 1499 873 920 871
4 359 343 124 123
4 411 389 403 360
4 399 341 336 119
4 4101 3489 3490 603
4 359 343 123 120
4 457 430 434 425
4 402 389 387 359
4 400 342 343 119
4 1065 414 1064 363
4 3780 3577 3696 796
4 3569 1118 1119 395
4 373 359 343 151
4 882 860 881 127
4 908 839 843 153
4 373 151 127 126
4 1308 1303 1296 1293
4 385 378 127 126
4 1121 1120 416 415
4 385 378 131 130
4 399 336 342 119
4 385 378 130 127
4 387 385 130 127
4 385 378 126 125
4 3512 188 190 138
4 378 373 127 126
4 373 151 126 125
4 3500 146 571 124
4 3526 3479 3514 457
4 372 225 199 198
4 3612 3027 2997 2929
4 3505 3504 1846 1844
4 3605 132 104 98
4 3461 2563 2616 2562
4 1307 1294 1293 536
4 3500 560 563 534
4 3662 120 3602 119
4 3769 2030 3657 2027
4 374 236 351 229
4 372 371 358 225
4 376 371 199 198
4 371 225 198 117
4 371 226 225 117
4 371 198 358 117
4 371 358 226 117
4 372 200 137 112
4 375 200 374 199
4 372 371 200 112
4 372 358 365 137
4 372 371 365 358
4 372 137 206 112
4 372 206 371 112
4 3686 3531 3599 282
4 382 375 376 206
4 3646 1497 1289 1286
4 908 907 860 856
4 3515 232 226 225
4 374 351 202 140
4 374 236 200 112
4 375 203 374 202
4 374 206 236 112
4 376 199 375 198
4 374 189 201 144
4 374 144 236 142
4 374 236 229 142
4 374 202 189 140
4 374 189 229 140
4 374 189 144 142
4 374 229 189 142
4 375 351 357 202
4 375 374 351 202
4 375 374 357 351
4 376 375 365 358
4 375 374 200 112
4 376 371 200 199
4 376 365 371 358
4 375 206 374 112
4 376 200 371 112
4 376 200 375 199
4 376 375 200 112
4 3514 206 372 137
4 3514 376 382 371
4 376 371 206 112
4 376 206 375 112
4 777 206 455 193
4 3514 383 377 371
4 413 412 393 392
4 457 319 318 110
4 3669 3428 2205 2184
4 3513 150 3500 146
4 3508 3504 1845 1837
4 380 236 374 206
4 381 374 375 206
4 381 380 374 206
4 3514 382 383 371
4 3514 376 371 206
4 3492 668 669 291
4 388 385 387 125
4 387 385 127 126
4 487 485 484 444
4 387 385 126 125
4 1120 422 415 414
4 387 385 131 130
4 390 387 389 125
4 385 378 359 131
4 1106 1105 1085 894
4 389 387 154 153
4 1308 1296 1307 1293
4 389 387 127 126
4 388 386 385 125
4 3638 409 410 368
4 418 412 154 153
4 387 385 152 131
4 1075 1074 886 883
4 387 385 360 152
4 418 412 158 157
4 387 360 385 359
4 1132 1074 880 157
4 1076 856 1075 854
4 3468 1133 1130 392
4 641 79 28 0
4 389 387 131 130
4 389 387 130 127
4 418 412 157 154
4 389 387 152 131
4 389 387 153 152
4 400 343 120 119
4 389 361 387 360
4 402 359 151 150
4 389 360 387 359
4 419 412 413 392
4 412 362 411 361
4 1306 548 758 546
4 418 412 391 158
4 418 412 392 391
4 2439 2388 2372 2371
4 3744 3609 3706 397
4 3550 1297 1295 910
4 1070 360 385 152
4 1134 1073 861 860
4 4094 3799 3710 3676
4 3670 1128 1129 1117
4 1526 1522 907 856
4 1307 576 336 335
4 906 769 905 152
4 3738 3715 843 839
4 1497 1306 758 127
4 908 861 907 857
4 1306 1285 1283 551
4 3744 1117 3670 397
4 1075 877 880 154
4 419 413 393 392
4 1104 881 1072 151
4 737 736 678 63
4 1121 415 1064 414
4 1076 861 1070 857
4 478 452 453 0
4 3562 1094 1067 368
4 907 850 154 153
4 1708 241 1707 37
4 453 452 60 59
4 1307 544 576 543
4 1708 38 241 37
4 2208 2198 2207 1915
4 909 908 861 860
4 1076 883 1070 854
4 457 453 441 426
4 1066 413 1065 363
4 1134 1073 1130 1066
4 3706 849 420 397
4 1104 343 342 151
4 1308 1303 882 857
4 1213 1204 1212 1199
4 419 413 394 393
4 918 871 917 870
4 1092 1076 1075 361
4 3734 2743 2742 2688
4 1492 861 1491 857
4 3606 121 3602 114
4 398 320 325 107
4 4011 3878 3916 3837
4 4070 635 595 591
4 3657 1945 1962 1751
4 402 387 385 359
4 457 58 331 0
4 402 385 378 359
4 403 360 389 359
4 3230 2543 2529 2073
4 402 359 373 151
4 402 378 373 359
4 402 343 359 120
4 402 400 343 120
4 402 359 146 124
4 402 359 123 120
4 402 359 124 123
4 403 389 402 359
4 1073 393 412 392
4 411 361 389 360
4 419 418 412 392
4 3744 1126 1127 1121
4 418 412 153 152
4 411 389 157 154
4 418 412 152 131
4 648 504 647 0
4 418 412 131 130
4 411 389 154 153
4 412 411 391 158
4 406 390 389 125
4 3569 396 1118 395
4 3621 3536 3457 3456
4 906 861 905 857
4 1073 394 412 393
4 411 389 153 152
4 411 389 152 131
4 412 361 411 360
4 411 389 131 130
4 3638 410 369 368
4 411 389 130 127
4 412 411 403 360
4 411 389 127 126
4 411 389 126 125
4 412 411 158 157
4 411 406 389 125
4 647 504 640 0
4 412 411 157 154
4 3535 155 150 146
4 412 411 154 153
4 412 411 153 152
4 452 54 55 0
4 412 411 152 131
4 412 411 131 130
4 3500 571 334 120
4 412 411 130 127
4 1715 56 241 50
4 412 411 127 126
4 418 412 130 127
4 412 406 411 125
4 412 411 126 125
4 413 362 412 361
4 414 363 413 362
4 413 361 412 360
4 414 362 413 361
4 413 412 403 360
4 416 367 415 363
4 415 363 414 362
4 1121 1120 417 416
4 414 361 413 360
4 415 362 414 361
4 414 413 403 360
4 3638 367 417 363
4 419 413 395 394
4 416 363 415 362
4 415 361 414 360
4 417 367 416 363
4 415 414 403 360
4 416 362 415 361
4 417 405 407 362
4 1121 1069 1064 415
4 1120 424 417 416
4 417 407 363 362
4 416 361 415 360
4 417 363 416 362
4 416 415 403 360
4 417 405 362 361
4 417 362 416 361
4 417 404 405 361
4 1120 423 416 415
4 417 404 361 360
4 417 361 416 360
4 417 403 404 360
4 417 416 403 360
4 456 160 68 67
4 418 412 127 126
4 418 406 412 125
4 418 412 126 125
4 1076 886 1075 877
4 1073 1066 412 394
4 1064 415 367 363
4 1064 414 415 363
4 3493 610 1341 607
4 420 413 414 397
4 420 419 413 397
4 3593 1485 1483 1451
4 3497 510 505 478
4 833 828 829 191
4 457 429 430 425
4 635 593 594 494
4 657 54 452 53
4 3884 3447 3448 1334
4 3498 182 183 169
4 4272 3493 1553 1552
4 775 108 192 106
4 3622 3568 3410 3286
4 3570 794 795 393
4 3631 2225 1984 1982
4 4266 4248 4250 3493
4 3766 3709 3478 3468
4 645 2 644 1
4 460 455 457 206
4 3498 460 463 457
4 3602 3535 123 120
4 4257 4239 4254 4236
4 4135 4033 3842 3800
4 452 10 451 9
4 916 871 915 870
4 3519 78 663 76
4 774 172 161 106
4 537 457 534 0
4 643 642 3 0
4 453 67 159 66
4 3602 447 470 426
4 3602 457 440 438
4 752 200 180 112
4 453 441 426 0
4 455 161 200 134
4 460 66 457 60
4 456 104 145 68
4 453 442 441 0
4 460 159 55 0
4 3515 231 225 136
4 453 439 440 0
4 460 59 457 58
4 3602 3500 537 534
4 3602 443 447 441
4 452 14 15 0
4 512 457 467 435
4 452 451 8 0
4 3709 3478 3468 850
4 453 98 159 68
4 457 60 320 59
4 3500 334 333 120
4 577 571 551 550
4 479 453 457 427
4 881 856 130 127
4 3863 3858 3604 1067
4 457 320 111 107
4 460 58 457 55
4 462 457 459 431
4 458 432 457 428
4 3602 542 566 540
4 457 320 319 111
4 3614 3479 3526 457
4 3602 3513 3500 124
4 3602 3535 124 123
4 481 436 480 435
4 3602 443 442 438
4 483 480 481 436
4 3602 114 121 107
4 3673 3629 599 598
4 3929 3924 3909 3664
4 4197 3607 3487 3486
4 1082 1077 852 851
4 1454 1407 1434 910
4 1453 1449 1452 1408
4 517 471 472 437
4 3546 505 510 478
4 1074 158 411 157
4 460 456 206 112
4 460 109 318 67
4 460 457 318 109
4 460 145 109 67
4 460 456 145 67
4 460 145 457 109
4 460 206 134 112
4 460 206 457 134
4 460 134 456 112
4 460 145 456 134
4 460 457 145 134
4 729 678 679 63
4 752 199 198 180
4 834 833 193 191
4 830 824 825 171
4 3498 798 799 163
4 777 197 776 112
4 3614 3526 118 110
4 757 455 200 112
4 760 200 752 112
4 3511 197 833 192
4 3511 285 286 144
4 3599 287 281 276
4 3498 809 804 183
4 835 826 827 173
4 3526 148 147 109
4 3686 3531 3681 829
4 3514 377 372 371
4 458 457 434 428
4 1307 882 878 146
4 1455 1449 1453 1408
4 4018 3970 3932 1341
4 520 477 450 449
4 457 434 428 425
4 479 457 435 433
4 760 757 200 112
4 760 163 164 116
4 3602 3535 3513 124
4 3602 464 440 439
4 3500 124 571 123
4 3498 511 3497 479
4 1455 1408 1435 1407
4 3602 464 469 438
4 1455 1434 1454 1407
4 3602 566 567 540
4 3774 3722 3604 3549
4 4262 3493 1552 1545
4 3662 3602 121 119
4 3602 466 464 439
4 3602 465 466 439
4 3602 440 464 438
4 4264 4260 4244 3493
4 3673 3629 598 556
4 635 592 593 494
4 3630 1233 1585 1179
4 4265 3493 4248 832
4 1431 1403 1430 910
4 4269 4246 4251 3493
4 3602 442 443 441
4 481 480 479 435
4 1455 1435 1434 1407
4 1455 1449 1408 1407
4 3602 124 3500 123
4 3620 3558 2367 2177
4 467 435 457 433
4 3662 121 122 119
4 642 641 26 0
4 3515 133 136 106
4 575 150 571 125
4 3571 3245 3244 2857
4 481 468 436 435
4 3620 2367 3558 2314
4 3653 3608 1491 763
4 3646 3629 759 555
4 3620 2367 2314 2260
4 1454 1450 1407 910
4 3514 145 457 134
4 3638 410 1883 369
4 3443 1484 1451 1427
4 3513 150 151 125
4 3630 1585 1180 1179
4 3553 884 879 878
4 4074 3673 3629 599
4 3500 561 560 534
4 635 587 590 493
4 646 645 10 0
4 1491 908 1306 857
4 3623 3420 2482 2393
4 4131 4078 3493 607
4 3602 3500 535 531
4 479 460 457 159
4 479 457 433 431
4 1308 1303 879 878
4 3513 386 385 378
4 458 457 432 431
4 3673 556 3554 555
4 1091 1074 362 361
4 1307 878 1080 146
4 3498 479 460 457
4 3623 2482 3421 2393
4 3675 3627 3653 762
4 488 486 485 444
4 3964 3936 3915 3914
4 479 457 453 159
4 3614 118 113 110
4 483 468 471 436
4 488 472 473 444
4 3644 3621 3536 3457
4 517 472 444 437
4 517 444 484 437
4 3508 1846 1820 1819
4 490 474 446 445
4 488 473 445 444
4 488 445 486 444
4 488 487 472 444
4 527 526 525 498
4 490 486 488 445
4 520 519 476 449
4 517 472 487 444
4 517 487 484 444
4 490 446 489 445
4 490 473 474 445
4 490 488 473 445
4 517 484 482 437
4 517 482 483 437
4 517 483 471 437
4 3951 3835 3922 1340
4 3898 3804 3819 3506
4 3856 3839 3481 3466
4 519 475 476 448
4 3653 3627 763 762
4 519 449 492 448
4 519 518 475 448
4 3622 3286 3410 3242
4 519 476 449 448
4 4017 591 3795 589
4 1308 1279 1307 1278
4 635 590 592 494
4 763 131 762 130
4 758 126 576 125
4 1703 40 241 39
4 3832 3790 3822 3776
4 642 504 641 0
4 576 548 575 546
4 3515 774 453 106
4 527 498 525 496
4 3736 3042 3612 3039
4 576 550 575 549
4 3774 3461 3459 3458
4 641 27 26 0
4 3492 267 641 266
4 2131 2130 1969 1968
4 3492 669 292 291
4 3492 666 270 269
4 3492 269 270 0
4 3492 668 291 221
4 3492 667 668 221
4 1707 37 241 36
4 3492 270 265 0
4 3510 221 1915 0
4 3492 268 269 0
4 641 84 79 0
4 3605 105 132 98
4 3684 453 3519 78
4 835 828 834 176
4 656 62 27 26
4 3492 675 267 266
4 3550 859 910 853
4 3492 270 666 265
4 639 4 5 0
4 3546 653 507 454
4 3546 454 508 451
4 3546 3499 454 451
4 2181 667 727 504
4 3550 3539 859 858
4 3546 510 3499 478
4 3192 3165 3160 1484
4 1982 1746 1968 1745
4 527 500 499 498
4 3570 795 840 394
4 1810 1809 348 255
4 836 173 177 172
4 3498 184 804 178
4 635 520 613 493
4 3498 160 456 159
4 4070 3795 596 594
4 4078 635 4070 588
4 3498 513 514 159
4 3498 760 757 162
4 3498 463 511 457
4 3498 453 506 159
4 3657 2076 2083 2023
4 3651 761 3619 759
4 3760 304 305 300
4 3599 278 279 276
4 3498 802 167 166
4 3498 804 184 183
4 3498 461 161 160
4 3545 2640 2645 2587
4 3498 514 160 159
4 3668 3659 3665 3608
4 518 489 490 446
4 518 491 489 446
4 519 492 491 448
4 519 491 518 448
4 518 474 475 446
4 518 490 474 446
4 518 475 448 446
4 518 448 491 446
4 3624 2344 2177 1945
4 3622 3408 3286 3242
4 3786 1336 3781 1335
4 1431 1404 1403 910
4 651 504 646 0
4 527 500 496 495
4 635 503 530 494
4 571 123 334 120
4 525 524 523 496
4 652 504 651 0
4 645 504 644 0
4 3637 2844 2791 2790
4 530 522 521 494
4 1710 65 75 64
4 3579 3533 1330 1287
4 3986 3926 3901 3458
4 525 498 497 496
4 525 497 524 496
4 527 523 522 495
4 527 525 523 496
4 527 496 523 495
4 527 500 498 496
4 530 503 502 501
4 530 502 529 501
4 1092 1091 1066 1065
4 3492 292 268 0
4 530 529 528 501
4 530 503 501 500
4 530 501 528 500
4 530 528 527 500
4 578 577 571 551
4 530 503 495 494
4 530 495 522 494
4 3909 3475 3594 3471
4 3478 792 793 391
4 530 503 500 495
4 530 500 527 495
4 530 527 522 495
4 576 543 575 539
4 3500 334 571 333
4 3500 535 561 534
4 3723 2040 2774 2039
4 576 575 150 146
4 575 544 571 543
4 3500 333 532 332
4 758 150 576 127
4 4074 3940 1331 599
4 3602 531 457 0
4 3500 558 557 531
4 3516 220 89 83
4 3513 155 156 150
4 3604 1126 3562 1121
4 3602 563 566 537
4 541 457 453 439
4 542 540 453 0
4 3535 146 3513 124
4 1499 931 932 920
4 3517 2205 3427 2184
4 3602 119 331 107
4 3602 532 3500 531
4 3500 539 565 538
4 3500 562 559 533
4 576 146 335 124
4 542 453 457 0
4 3500 571 536 533
4 725 452 724 9
4 576 335 575 124
4 694 643 638 504
4 571 124 335 123
4 1295 1031 1292 910
4 576 575 146 124
4 1307 1293 538 536
4 576 127 150 126
4 3493 1473 1446 1368
4 575 335 571 124
4 575 533 571 532
4 4269 3493 822 821
4 541 457 540 453
4 3602 457 541 439
4 3602 537 542 457
4 3602 542 540 457
4 3602 3500 532 332
4 3602 541 465 439
4 3516 214 220 83
4 542 540 457 453
4 3602 532 531 0
4 3602 332 532 331
4 3602 332 331 119
4 3602 535 3500 534
4 3602 566 542 537
4 3500 571 538 536
4 3500 563 537 534
4 1068 342 336 150
4 575 571 335 334
4 576 150 575 126
4 3516 214 83 64
4 3500 532 558 531
4 577 574 571 550
4 611 520 477 450
4 3519 3515 774 453
4 575 536 571 533
4 1492 1491 854 131
4 3602 535 534 457
4 1083 965 964 910
4 3564 3116 3119 2975
4 576 553 575 552
4 643 504 642 0
4 3515 453 133 106
4 575 539 571 538
4 1072 373 1071 359
4 1071 861 1070 860
4 571 547 565 539
4 3774 2555 3722 2554
4 3515 135 141 133
4 3515 141 136 133
4 1107 943 949 933
4 3513 156 379 151
4 3500 557 561 531
4 575 571 334 333
4 3516 214 64 57
4 3500 565 564 538
4 3604 1121 3562 1067
4 3513 385 386 125
4 573 572 571 548
4 3500 533 559 532
4 4070 594 635 593
4 1429 1398 1401 910
4 571 568 547 543
4 574 571 550 549
4 3560 885 897 868
4 3558 2367 3426 2314
4 576 546 575 545
4 575 538 571 536
4 576 538 575 536
4 4074 3940 3829 3435
4 575 571 150 146
4 3514 377 210 137
4 758 554 576 553
4 571 569 568 544
4 3500 571 539 538
4 3561 3413 3171 3129
4 3602 333 332 119
4 571 570 569 545
4 576 126 575 125
4 575 546 571 545
4 3513 146 3500 124
4 3500 571 565 539
4 750 93 749 92
4 571 546 570 545
4 4019 3675 3688 3619
4 3571 2858 3245 2857
4 643 638 504 0
4 575 549 571 548
4 576 552 575 551
4 571 543 547 539
4 3514 206 137 134
4 575 543 571 539
4 571 532 333 332
4 578 571 552 551
4 575 553 571 552
4 1430 1402 1429 910
4 575 550 571 549
4 572 571 548 546
4 3561 3129 3171 2951
4 3920 3676 3821 3664
4 571 532 332 0
4 575 548 571 546
4 576 551 575 550
4 576 539 575 538
4 3608 1495 1490 764
4 4269 4252 4246 3493
4 574 573 571 549
4 571 544 568 543
4 575 545 571 544
4 906 905 883 152
4 575 571 146 124
4 3832 3814 3822 3784
4 575 552 571 551
4 576 549 575 548
4 761 130 759 127
4 571 545 569 544
4 642 26 3 0
4 576 545 575 544
4 3500 538 564 536
4 3661 2300 3565 1938
4 3731 3693 838 837
4 3602 331 457 107
4 950 927 875 872
4 3500 561 535 531
4 3602 534 537 457
4 3500 564 562 536
4 3500 571 533 532
4 3550 1387 1386 910
4 3513 384 386 378
4 3554 575 576 553
4 3499 697 698 646
4 3602 3500 563 537
4 3500 536 562 533
4 3515 141 231 136
4 1400 1396 1399 910
4 3602 3500 333 120
4 457 427 429 425
4 3689 1493 3618 767
4 3602 541 540 465
4 572 570 571 546
4 573 571 549 548
4 3550 1390 1388 910
4 3602 123 3500 120
4 3602 540 541 457
4 1454 1450 1449 1407
4 3602 333 3500 332
4 3535 129 149 124
4 3602 540 567 465
4 3513 571 3500 150
4 3514 137 210 134
4 758 576 575 125
4 3620 2367 2260 1945
4 3500 123 571 120
4 3513 571 150 125
4 3535 149 155 146
4 3602 120 333 119
4 1400 1397 1396 910
4 3550 1396 1390 910
4 4268 4257 4261 4255
4 4264 3493 820 819
4 1430 1403 1402 910
4 3670 3609 397 396
4 3513 378 385 125
4 575 551 571 550
4 1496 1492 861 860
4 3467 1325 1322 1297
4 4265 4240 4248 3493
4 1121 416 1069 415
4 3535 129 124 123
4 3467 1294 1319 1293
4 3871 3862 3562 796
4 3560 900 3473 893
4 3473 893 894 870
4 3514 457 777 206
4 650 644 504 0
4 645 9 10 0
4 4070 635 596 595
4 1081 879 1080 878
4 3622 3408 3568 3286
4 643 3 638 0
4 782 197 200 112
4 1305 1303 1304 1280
4 644 2 9 0
4 3619 762 1492 761
4 3583 3435 3448 1334
4 1499 871 920 870
4 635 590 494 493
4 3478 154 850 153
4 3924 3475 3471 3470
4 3513 384 378 373
4 3629 1330 598 556
4 3498 804 805 178
4 909 861 904 860
4 1303 1078 1031 0
4 3780 3744 3706 796
4 1401 1398 1397 910
4 3635 2953 2954 2873
4 650 504 649 0
4 4186 4162 4159 3493
4 645 644 9 0
4 646 10 645 9
4 1308 533 575 532
4 635 521 520 493
4 4261 4255 4257 4236
4 3550 1292 3467 1291
4 1268 1214 1263 1190
4 3583 1335 3489 1334
4 3728 301 300 298
4 3637 2838 2785 2784
4 3963 3906 3874 3816
4 653 478 504 0
4 782 776 197 112
4 647 640 5 0
4 1306 1280 549 548
4 834 191 193 176
4 1667 1484 1666 1031
4 3467 1321 1318 1292
4 1465 1420 1464 1394
4 3744 3706 1120 420
4 643 642 26 3
4 3551 1303 1311 1283
4 1153 1121 1069 1064
4 3639 3521 3607 3486
4 3468 391 1131 158
4 3550 1388 1387 910
4 3516 684 690 61
4 611 493 520 450
4 611 584 493 450
4 612 520 611 493
4 3819 1751 1804 1750
4 3492 504 667 0
4 3624 2177 2170 1945
4 3685 1379 1380 1352
4 4264 3493 4252 820
4 3951 3922 1341 1340
4 612 584 585 493
4 612 611 584 493
4 635 494 521 493
4 4107 4054 4044 3493
4 3635 3545 2644 2591
4 3624 2170 2344 1945
4 3485 3484 3442 3437
4 3620 2260 2177 1945
4 4031 4008 3895 3865
4 635 613 586 493
4 613 520 612 493
4 3624 3426 2344 2170
4 3922 3711 1343 1342
4 613 585 586 493
4 613 612 585 493
4 640 504 639 0
4 3646 1287 3629 556
4 779 204 198 197
4 1297 1031 1295 910
4 3677 3607 3544 3488
4 663 75 77 66
4 3619 1492 1496 761
4 3657 3626 3530 1936
4 635 594 596 503
4 1298 1031 1297 910
4 1424 964 1423 963
4 3673 758 3629 554
4 1076 860 1075 856
4 1422 965 973 911
4 3662 122 120 119
4 3513 373 378 125
4 1465 1421 1420 1394
4 4070 596 635 594
4 635 586 587 493
4 4070 613 614 586
4 905 904 861 860
4 3547 2297 2246 2240
4 1323 1303 1299 1278
4 3651 3619 3629 759
4 908 907 861 860
4 1075 860 1074 856
4 3521 3486 3442 3441
4 635 594 503 494
4 3729 3447 3633 1336
4 1164 1163 1089 853
4 635 530 521 494
4 635 596 595 503
4 3670 1117 1118 396
4 909 883 908 854
4 3993 3838 3933 3791
4 462 433 457 431
4 635 595 591 503
4 1476 1450 1454 910
4 3602 457 442 441
4 3493 530 635 503
4 1106 1105 868 865
4 3526 145 148 109
4 3513 151 373 125
4 3559 3287 3407 2963
4 3602 442 457 438
4 3602 429 457 427
4 3512 139 192 138
4 4135 4036 3842 3825
4 3513 379 373 151
4 837 131 769 130
4 636 635 608 588
4 1103 1070 1097 359
4 635 591 589 503
4 3515 133 453 104
4 882 881 861 857
4 1066 395 413 394
4 3924 3476 3470 3469
4 1076 387 360 152
4 3478 793 392 391
4 467 457 462 433
4 3492 291 292 0
4 3513 379 384 373
4 3602 440 457 439
4 661 452 659 58
4 3467 1077 1082 851
4 905 883 904 854
4 645 9 644 2
4 512 467 481 435
4 1096 1090 1091 1067
4 1076 1075 886 883
4 3966 3928 3773 3493
4 1586 928 1583 927
4 3553 3550 3474 879
4 4081 4046 4002 3790
4 908 907 856 854
4 1434 1407 1404 910
4 483 482 480 436
4 905 837 904 153
4 1083 1079 910 853
4 640 639 5 0
4 3780 3706 3577 796
4 1104 1068 882 881
4 3662 3602 3606 121
4 3913 3475 3476 3471
4 3546 505 478 452
4 3920 3838 3791 3664
4 1072 854 131 130
4 758 127 576 126
4 1306 860 882 127
4 651 10 11 0
4 3562 1120 1121 796
4 1307 539 576 538
4 641 266 267 0
4 3913 3476 3480 3470
4 1487 1437 1464 1389
4 1122 1121 1065 414
4 652 651 11 0
4 3579 1330 3578 1287
4 1120 421 422 414
4 909 886 904 153
4 1070 385 359 131
4 4047 3972 4015 3493
4 1074 389 411 361
4 4213 4181 3844 3785
4 1303 1291 532 0
4 3579 1289 1307 1288
4 3478 792 391 158
4 3832 3594 3642 3548
4 1075 886 1074 877
4 781 780 198 197
4 3736 3433 3042 3039
4 3670 397 1117 396
4 3683 3576 2391 2349
4 3514 210 211 134
4 1429 1402 1398 910
4 3602 427 457 426
4 1076 154 387 153
4 3922 1373 1346 1345
4 3691 3328 3595 3315
4 3478 850 787 152
4 4011 3952 3878 3837
4 909 908 856 854
4 4204 3905 3855 3836
4 3467 879 1303 878
4 1423 968 1422 967
4 3702 3657 3626 3565
4 837 152 769 131
4 3535 149 146 124
4 3635 2787 2788 2590
4 894 893 873 871
4 3531 3511 833 829
4 780 779 198 197
4 1423 1422 969 963
4 4136 4007 3904 3704
4 905 904 856 854
4 3546 508 509 451
4 3784 3766 3577 3528
4 1491 762 763 131
4 3577 3570 3528 3478
4 1074 1073 883 854
4 930 918 919 873
4 3795 595 622 591
4 3478 788 789 153
4 782 781 199 197
4 828 191 176 175
4 782 199 200 197
4 838 152 837 131
4 3489 603 1334 600
4 3550 1385 1384 910
4 645 644 5 1
4 653 10 652 9
4 646 9 645 2
4 3647 93 100 75
4 653 504 478 454
4 3556 3491 773 770
4 652 11 12 0
4 651 646 10 0
4 662 452 661 59
4 653 6 454 0
4 646 2 645 1
4 653 12 652 11
4 3546 652 699 507
4 659 58 452 55
4 651 10 646 9
4 3499 645 646 504
4 653 12 6 0
4 3516 688 687 56
4 647 5 640 4
4 700 693 648 504
4 663 77 453 66
4 648 647 5 1
4 648 5 647 4
4 649 0 648 1
4 712 452 711 15
4 719 454 653 2
4 650 649 2 0
4 653 9 652 2
4 660 647 640 4
4 655 639 638 3
4 653 454 10 9
4 650 644 2 1
4 727 641 723 504
4 1725 255 1724 254
4 650 5 644 1
4 649 648 5 1
4 3516 56 687 50
4 649 5 648 4
4 709 704 452 7
4 650 649 5 1
4 663 453 662 60
4 650 2 649 1
4 717 645 5 1
4 745 76 744 75
4 3546 652 3499 651
4 705 452 704 8
4 735 734 678 63
4 652 11 651 10
4 653 454 12 11
4 651 9 646 2
4 652 10 651 9
4 651 2 646 1
4 653 454 9 2
4 3492 641 267 82
4 653 12 454 6
4 695 694 638 504
4 653 454 11 10
4 653 11 652 10
4 652 9 651 2
4 656 654 641 87
4 3647 76 748 75
4 652 2 651 1
4 658 452 657 54
4 718 652 651 1
4 663 78 77 75
4 3556 772 3491 771
4 744 76 663 75
4 721 720 87 62
4 656 654 62 26
4 663 78 453 77
4 726 722 677 62
4 3492 675 676 82
4 3497 505 506 478
4 3492 673 674 265
4 3492 665 666 269
4 3556 95 3516 80
4 681 641 680 85
4 3492 670 84 82
4 3492 84 641 82
4 3492 676 670 82
4 3492 674 266 265
4 3626 1936 1945 1753
4 3647 748 749 93
4 3647 750 3556 93
4 3492 670 671 79
4 723 642 694 504
4 720 656 87 62
4 683 641 682 86
4 3492 265 641 0
4 680 641 88 85
4 679 63 34 33
4 740 63 43 42
4 721 720 641 87
4 728 678 63 62
4 682 641 681 85
4 3498 807 824 170
4 3492 641 727 504
4 723 641 642 504
4 3516 689 688 57
4 3516 3491 690 684
4 3516 743 739 678
4 3556 3491 756 751
4 3516 45 742 44
4 3516 219 213 212
4 3516 213 49 45
4 3556 751 756 25
4 3556 756 48 25
4 3516 74 95 51
4 3556 751 25 24
4 3516 218 212 63
4 3516 83 65 64
4 3516 64 689 57
4 733 732 678 63
4 3516 740 741 678
4 3556 91 95 80
4 713 452 706 17
4 3516 742 743 678
4 3516 65 690 64
4 3516 50 739 49
4 3516 213 50 49
4 3499 698 651 646
4 3499 652 653 504
4 3499 644 645 504
4 692 640 647 504
4 692 691 640 504
4 700 648 649 504
4 693 647 648 504
4 693 692 647 504
4 696 639 691 504
4 696 695 638 504
4 3546 653 652 507
4 3499 504 653 454
4 3546 698 699 651
4 3546 3499 698 651
4 3499 703 697 645
4 3546 653 3499 652
4 3546 699 652 651
4 724 452 451 9
4 3499 702 703 644
4 717 644 650 5
4 717 5 649 4
4 3499 697 646 645
4 3499 646 651 504
4 3499 510 504 478
4 717 645 644 5
4 708 452 707 6
4 713 452 18 13
4 722 87 683 62
4 714 710 452 13
4 713 18 452 17
4 706 17 452 16
4 706 452 705 16
4 714 452 713 13
4 709 7 452 6
4 709 452 708 6
4 711 452 710 14
4 715 20 452 19
4 3516 70 686 69
4 740 738 63 42
4 3516 213 44 43
4 3516 44 741 43
4 716 53 452 20
4 716 452 715 20
4 717 649 660 4
4 717 650 649 5
4 718 646 645 1
4 718 645 717 1
4 719 653 652 2
4 719 2 652 1
4 719 652 718 1
4 720 62 28 27
4 720 656 62 27
4 722 683 677 62
4 721 641 683 87
4 722 63 30 29
4 721 63 29 28
4 721 720 63 28
4 724 9 454 2
4 724 454 719 2
4 728 726 677 62
4 728 63 726 62
4 726 63 31 30
4 726 722 63 30
4 729 63 679 33
4 729 728 678 63
4 728 63 32 31
4 728 726 63 31
4 729 63 33 32
4 729 728 63 32
4 736 735 678 63
4 3516 220 214 213
4 731 63 35 34
4 731 679 63 34
4 732 63 36 35
4 732 731 63 35
4 3516 214 56 50
4 738 63 42 41
4 733 63 37 36
4 733 732 63 36
4 3516 83 80 61
4 735 734 63 38
4 735 63 39 38
4 734 63 38 37
4 734 733 63 37
4 3516 770 773 71
4 736 63 40 39
4 736 735 63 39
4 737 63 41 40
4 737 736 63 40
4 738 737 63 41
4 3516 742 741 44
4 3516 213 214 50
4 3516 739 743 49
4 3556 96 48 47
4 3516 80 73 71
4 3516 219 220 213
4 3516 49 743 45
4 3516 690 65 61
4 3556 92 750 24
4 3556 3516 773 686
4 3556 48 756 47
4 744 67 75 66
4 744 75 663 66
4 2199 2149 2197 1971
4 747 93 75 21
4 745 68 75 67
4 745 75 744 67
4 3556 771 3491 770
4 3684 101 94 77
4 746 72 75 68
4 746 75 745 68
4 747 75 746 21
4 749 23 93 22
4 749 93 748 22
4 3647 3491 748 76
4 3556 102 99 92
4 2199 2197 2198 1972
4 3647 751 3556 750
4 3647 748 93 75
4 748 93 747 21
4 3556 773 3491 686
4 749 92 93 23
4 3647 749 750 93
4 3556 754 3491 753
4 3647 3491 749 748
4 3556 3516 90 80
4 3557 2004 2363 2003
4 3556 3491 772 753
4 3647 93 3556 92
4 750 24 92 23
4 750 92 749 23
4 3556 686 3491 685
4 3556 96 95 91
4 3516 52 753 51
4 752 206 180 179
4 752 180 206 112
4 760 757 162 116
4 752 183 206 179
4 752 455 206 183
4 3516 73 770 71
4 3516 74 771 73
4 3556 52 96 46
4 3516 753 52 46
4 3556 96 92 48
4 3556 756 3491 755
4 3647 3491 750 749
4 3556 772 3516 753
4 3556 102 96 91
4 3516 754 753 46
4 3556 95 96 52
4 3647 100 93 92
4 3556 48 92 25
4 3556 3516 52 46
4 3556 96 47 46
4 3556 47 755 46
4 3556 754 3516 46
4 3556 755 754 46
4 3556 3516 754 753
4 757 162 116 115
4 757 116 200 115
4 757 161 162 115
4 757 200 161 115
4 3575 3559 3302 3287
4 3530 2414 3477 2307
4 3567 3463 3527 1189
4 759 127 758 126
4 758 553 576 552
4 3646 3619 761 759
4 758 552 576 551
4 758 551 576 550
4 3569 1125 1140 1124
4 758 550 576 549
4 758 549 576 548
4 4006 3699 3775 1338
4 758 548 576 546
4 3795 623 622 595
4 759 126 758 125
4 4000 3999 3908 3816
4 1308 1307 1294 1293
4 3473 910 893 870
4 3474 881 882 857
4 1211 1026 1195 1021
4 1685 1679 1644 1051
4 1075 1074 883 854
4 912 871 911 870
4 3570 3569 3528 3468
4 762 130 761 127
4 3567 1193 1534 1189
4 3638 1876 2249 1830
4 925 875 924 872
4 3567 1533 1534 1192
4 761 127 759 126
4 759 554 758 553
4 759 553 758 552
4 3567 1534 1535 1189
4 1308 1307 1296 1278
4 3481 3469 3480 3466
4 1308 1077 1303 333
4 1085 894 930 873
4 1089 896 895 893
4 3798 3637 2844 2791
4 3561 3171 2952 2951
4 3074 3003 3002 2936
4 1307 1278 543 539
4 951 930 895 873
4 3512 271 273 143
4 3512 201 192 189
4 760 752 455 206
4 760 455 757 206
4 760 752 206 112
4 760 206 757 112
4 761 126 759 125
4 913 767 768 152
4 3565 3530 3477 2307
4 3646 1330 3629 1287
4 3570 3468 3478 393
4 3551 1289 1314 1286
4 1310 1303 1305 1284
4 761 759 758 125
4 762 127 761 126
4 3657 3565 2300 1938
4 1425 896 1422 891
4 1308 1303 571 333
4 1306 549 758 548
4 3560 885 868 865
4 1496 1491 1306 857
4 1084 910 864 853
4 3769 1896 1895 1842
4 3922 1372 1345 1343
4 762 126 761 125
4 3444 1477 1479 911
4 3560 865 910 864
4 1307 1279 544 543
4 763 130 762 127
4 3781 3583 3672 1335
4 906 905 856 854
4 763 127 762 126
4 3569 1136 3468 1130
4 1199 1198 1181 1180
4 3560 868 910 865
4 3778 3757 3705 3694
4 763 126 762 125
4 764 131 763 130
4 1495 854 1490 131
4 3493 589 635 588
4 1148 1147 1103 851
4 764 130 763 127
4 3945 3446 3447 1334
4 763 761 758 125
4 763 762 761 125
4 3560 867 885 865
4 1072 854 1071 131
4 764 127 763 126
4 2624 1206 1115 1113
4 3555 1259 1205 1203
4 765 131 764 130
4 764 126 763 125
4 3881 3839 3778 3469
4 3643 3455 3555 3451
4 765 130 764 127
4 3542 2569 1206 1115
4 3478 790 791 157
4 908 843 907 153
4 1308 1282 1307 1281
4 765 127 764 126
4 3832 3776 3765 3471
4 3738 3709 908 843
4 1494 1493 856 854
4 765 126 764 125
4 3753 3731 3715 3645
4 3763 3454 3652 2599
4 3738 909 3645 839
4 766 131 765 130
4 3570 793 794 392
4 3625 3521 3485 3442
4 1492 761 762 130
4 3642 3594 3590 3548
4 767 127 766 126
4 1147 1103 879 878
4 766 130 765 127
4 2621 1210 1209 1110
4 3489 1334 1335 600
4 1307 576 1306 150
4 766 127 765 126
4 1122 414 1065 397
4 3616 3485 3484 3442
4 767 152 766 131
4 3689 768 913 767
4 766 126 765 125
4 3719 769 3705 768
4 767 131 766 130
4 3474 1072 881 857
4 767 130 766 127
4 1076 1070 856 854
4 3912 3875 3890 3860
4 768 152 767 131
4 3555 1205 3542 1203
4 768 131 767 130
4 767 126 766 125
4 4201 4156 4090 3862
4 4082 4074 3955 3940
4 3839 3480 3481 3469
4 3668 3608 3665 765
4 768 130 767 127
4 1073 411 412 362
4 767 766 765 125
4 3597 571 575 553
4 769 127 768 126
4 3550 1399 1396 910
4 3535 155 3513 150
4 781 198 199 197
4 1308 879 1307 878
4 768 127 767 126
4 769 152 768 131
4 3929 3821 3920 3676
4 3969 1332 3884 1331
4 1075 880 157 154
4 768 126 767 125
4 3592 1982 2160 1981
4 769 131 768 130
4 4197 4034 4086 3639
4 769 130 768 127
4 1504 951 925 874
4 3603 3590 3594 3548
4 769 126 768 125
4 3629 1331 599 598
4 483 481 468 436
4 512 479 457 435
4 3646 1289 3578 1286
4 769 768 767 125
4 3444 1477 911 910
4 843 127 839 126
4 843 130 839 127
4 769 764 763 125
4 769 765 764 125
4 769 767 765 125
4 3709 3468 907 850
4 3903 3743 3438 3437
4 3647 3491 751 750
4 3516 80 95 73
4 3516 95 52 51
4 3516 753 772 51
4 3556 3516 95 52
4 3516 772 771 51
4 3516 95 74 73
4 3556 756 755 47
4 3516 771 74 51
4 3556 96 102 92
4 3516 71 773 70
4 3516 771 770 73
4 3516 773 686 70
4 3556 90 91 80
4 3516 80 71 70
4 3512 285 144 142
4 3526 118 110 109
4 3686 3599 293 282
4 836 174 830 172
4 1250 1227 1175 870
4 1134 880 1073 877
4 1306 908 1303 857
4 3940 3578 3884 1331
4 3493 1340 1341 609
4 1268 1214 1192 1182
4 1424 1011 1031 1010
4 1497 758 1306 552
4 3498 814 815 180
4 3498 816 810 757
4 3498 166 180 165
4 3498 461 797 161
4 3498 816 760 752
4 3498 162 757 161
4 836 835 176 173
4 3498 164 760 163
4 3497 511 512 479
4 3498 797 162 161
4 3498 798 163 162
4 3498 169 183 168
4 3498 757 810 455
4 3498 752 760 164
4 3498 813 814 179
4 3498 815 816 752
4 3498 802 803 167
4 3769 1842 1841 1838
4 3686 298 306 282
4 3579 3533 1287 1286
4 834 828 191 176
4 4047 4015 3981 3493
4 3498 803 806 168
4 3498 179 180 166
4 3498 178 179 166
4 3498 805 813 178
4 3498 801 802 166
4 830 825 172 171
4 3511 209 201 144
4 3498 806 169 168
4 3760 311 312 305
4 3498 809 183 182
4 831 824 830 171
4 836 176 177 173
4 3498 814 180 179
4 3760 302 304 300
4 3498 799 164 163
4 3498 516 456 455
4 3498 760 816 757
4 3498 757 455 161
4 3498 810 515 455
4 3617 3142 3170 2950
4 1306 552 758 551
4 3550 3467 879 855
4 1089 1088 865 864
4 3629 1330 1331 598
4 3613 858 852 851
4 3646 1306 3578 1289
4 1065 413 414 363
4 3932 3727 3685 1342
4 905 153 886 152
4 1422 969 963 911
4 922 873 921 871
4 4030 633 3496 610
4 3498 799 800 164
4 3498 180 752 164
4 3498 165 180 164
4 3498 801 166 165
4 3498 800 165 164
4 3498 808 809 182
4 3626 1944 1936 1752
4 3643 3455 3456 2598
4 924 875 923 872
4 3521 3487 3441 3440
4 906 905 861 860
4 3613 863 858 851
4 1307 861 882 860
4 3468 1517 886 877
4 3521 3487 3486 3441
4 3550 1077 3467 851
4 1461 1453 1452 1405
4 949 934 927 926
4 1072 1071 373 131
4 3546 478 3499 451
4 1068 882 881 150
4 3614 3479 457 114
4 3593 1488 1427 1426
4 1308 1307 575 536
4 1492 762 1491 131
4 3612 3582 2992 2930
4 4227 4204 3855 3823
4 3667 3483 3482 3438
4 3564 3324 3524 3120
4 3532 3521 3487 3486
4 3924 3475 3909 3471
4 3646 1286 1287 555
4 3662 3535 3602 120
4 906 768 769 152
4 1307 1282 1306 1281
4 3448 3447 1335 1334
4 1080 879 1068 878
4 3496 3495 601 600
4 1453 1432 1435 1405
4 3793 3667 3482 3439
4 1985 1984 1917 1747
4 3970 3966 3850 3493
4 3668 3618 1495 765
4 1065 414 413 397
4 4144 3876 3915 3852
4 4019 3653 3688 3627
4 913 906 860 856
4 907 880 877 154
4 909 839 908 153
4 1075 1074 861 857
4 3993 3791 3847 3664
4 4070 3795 594 593
4 3616 3484 3483 3437
4 1499 918 914 870
4 1076 153 387 152
4 3593 1488 1489 1427
4 3478 789 790 154
4 3511 833 829 192
4 831 174 181 171
4 836 177 174 172
4 3498 807 170 169
4 3498 806 807 169
4 3498 170 182 169
4 833 192 197 191
4 3512 194 140 139
4 3681 312 313 282
4 836 826 173 172
4 3618 766 1494 765
4 3512 271 143 142
4 3511 286 208 144
4 3512 201 3511 192
4 3512 3511 285 280
4 3512 192 188 138
4 3512 189 192 140
4 836 830 825 172
4 1119 395 1066 394
4 3959 3904 3941 3840
4 3617 3170 2951 2950
4 4050 3870 4038 3812
4 3514 371 372 206
4 3498 161 456 160
4 3690 606 1338 604
4 835 175 176 173
4 835 827 175 173
4 835 827 828 175
4 835 828 176 175
4 3498 455 456 161
4 837 130 769 127
4 838 153 837 152
4 3731 3645 909 839
4 1066 413 412 394
4 837 127 769 126
4 1080 882 150 146
4 3597 578 571 552
4 4030 3795 589 588
4 837 126 769 125
4 3624 2344 3558 2177
4 838 131 837 130
4 3468 907 886 883
4 839 153 838 152
4 1147 1146 1097 1075
4 838 130 837 127
4 3445 1478 1483 1451
4 3744 3609 3670 3577
4 839 152 838 131
4 838 127 837 126
4 1131 391 1074 158
4 1069 415 416 367
4 909 860 904 856
4 3597 598 599 583
4 882 861 881 860
4 838 126 837 125
4 1118 396 1066 395
4 839 131 838 130
4 843 153 839 152
4 3890 3806 3822 3790
4 3616 3442 3484 3437
4 3832 3765 3814 3590
4 4048 3846 3868 3720
4 839 130 838 127
4 3468 880 1521 877
4 3468 1519 1131 1130
4 3926 2634 3461 2581
4 839 127 838 126
4 843 152 839 131
4 3569 1125 1124 1119
4 3786 3672 1336 1335
4 839 126 838 125
4 3478 790 157 154
4 3468 393 1133 392
4 843 131 839 130
4 3478 787 788 152
4 3478 791 158 157
4 3646 1496 1497 759
4 4020 610 3965 609
4 3903 3439 3483 3438
4 3863 3638 3722 1829
4 1141 1076 1070 857
4 3589 3541 1515 1514
4 4100 3984 4031 3923
4 3593 1656 1650 1649
4 3478 158 3468 157
4 3610 3559 3575 3287
4 4043 3996 3947 3603
4 850 787 152 131
4 843 126 839 125
4 850 152 843 131
4 3827 3696 3780 3577
4 3631 2225 3534 2206
4 3444 911 1450 910
4 3583 3489 3435 603
4 850 786 787 131
4 843 839 838 125
4 4077 4015 3897 3771
4 843 763 758 125
4 843 769 763 125
4 843 758 571 125
4 843 571 778 125
4 843 837 769 125
4 843 838 837 125
4 3646 759 1497 555
4 850 786 131 130
4 3557 3422 2003 1999
4 3940 3646 3578 1330
4 3655 3560 3539 910
4 3557 2003 2362 1999
4 4082 3955 4008 3895
4 3646 1497 1286 555
4 4126 605 630 601
4 3465 948 3463 926
4 3734 2650 3093 2649
4 1523 907 861 857
4 3610 3406 3328 3287
4 4085 3870 3925 3818
4 3902 3891 3883 3879
4 3795 620 621 593
4 3478 789 154 153
4 3922 1343 3685 1342
4 3706 849 796 420
4 3859 1913 1912 1859
4 4038 4033 3925 3870
4 3615 3271 3291 3237
4 3947 3929 3909 3676
4 3614 111 113 107
4 850 131 843 130
4 3609 3569 3570 396
4 850 785 786 130
4 850 785 130 127
4 850 130 843 127
4 3731 839 909 838
4 850 784 785 127
4 850 784 127 126
4 850 127 843 126
4 850 783 784 126
4 850 783 126 125
4 850 126 843 125
4 850 778 783 125
4 850 843 778 125
4 3798 2844 2839 2786
4 4100 4031 3982 3923
4 3832 3475 3776 3471
4 3554 576 554 553
4 1253 1199 1203 1198
4 1307 1296 539 538
4 1303 332 1078 0
4 909 908 860 856
4 1308 1307 1081 335
4 3583 3489 3544 3435
4 1495 861 1490 860
4 909 904 838 153
4 1308 1081 1082 334
4 3562 1067 1121 417
4 1306 758 576 546
4 908 886 907 883
4 1072 1071 861 857
4 1291 1078 1079 1031
4 1104 1072 343 151
4 906 883 905 854
4 930 921 922 873
4 1492 131 854 130
4 1307 576 150 146
4 1497 861 1306 860
4 1492 1491 861 860
4 1092 1091 1074 1073
4 1496 759 761 130
4 1306 1282 1280 548
4 1497 1496 861 860
4 3744 1128 3670 1117
4 1307 861 1306 857
4 1303 1078 1291 1031
4 3478 393 3468 392
4 881 860 856 127
4 1072 861 1071 860
4 1094 1067 368 367
4 1497 1496 860 856
4 1072 860 1071 856
4 1308 1296 1303 1278
4 881 151 150 127
4 1075 861 1074 860
4 1308 571 575 333
4 1307 1293 1296 538
4 1092 1091 1069 1067
4 1133 1073 1124 1066
4 1122 420 1121 414
4 1308 1303 1282 1281
4 1070 152 385 131
4 3474 1138 887 881
4 882 881 150 127
4 1307 1306 576 546
4 909 908 886 153
4 1306 1284 550 549
4 3907 3892 3887 3866
4 951 925 930 915
4 1303 571 332 0
4 1175 1166 1107 1106
4 1303 1077 1078 332
4 1497 1306 1289 1288
4 1153 1121 1152 1067
4 1308 1303 1281 1277
4 1303 1082 855 851
4 912 893 891 890
4 3473 900 901 893
4 3443 1427 1451 1426
4 3691 3357 3328 3315
4 1589 922 1501 921
4 1087 1086 865 864
4 1493 913 856 854
4 1497 1306 861 857
4 3468 1136 1519 1130
4 909 856 904 854
4 3798 2780 2583 2582
4 1518 907 883 854
4 1307 1285 1306 1284
4 909 861 908 857
4 908 906 905 857
4 4131 3493 636 608
4 905 904 860 856
4 1463 1374 1371 1344
4 3550 1412 1411 1385
4 1133 393 1073 392
4 3483 3439 3482 3438
4 3607 3532 3544 3487
4 1306 1280 1284 549
4 905 769 837 152
4 3449 1337 3446 1336
4 3467 1322 1321 1295
4 4099 3948 3781 3677
4 905 886 904 883
4 1495 1494 856 854
4 4100 4087 3984 3923
4 1131 1130 1074 391
4 1133 1124 1073 393
4 3468 1518 907 883
4 1088 1087 868 865
4 3734 2926 2949 2690
4 1583 927 934 926
4 3683 2349 2382 2343
4 909 904 883 854
4 1308 575 1307 335
4 1173 1170 930 873
4 913 906 861 860
4 1306 1285 551 550
4 916 873 915 871
4 1075 389 387 154
4 1098 1096 1091 1067
4 944 932 931 920
4 950 875 927 874
4 2987 2569 2573 1205
4 959 958 892 869
4 914 873 912 871
4 1163 1088 1089 853
4 1081 1080 855 851
4 1220 1027 1219 1026
4 1219 1029 1218 1028
4 3444 1505 1480 1425
4 1170 1085 931 930
4 1537 950 1536 872
4 1074 1073 886 883
4 1184 1106 1107 895
4 3655 859 866 853
4 4270 4245 4253 3493
4 931 922 930 921
4 1570 922 1499 870
4 3529 3485 3442 3437
4 911 910 890 868
4 3432 1249 1271 1031
4 2663 2628 2622 1206
4 931 929 919 918
4 1423 1383 1384 910
4 1584 944 1501 943
4 1461 1457 1406 1405
4 1474 1468 1466 1439
4 931 929 918 917
4 1440 1368 1436 1350
4 1072 373 359 343
4 1375 1374 1368 1347
4 965 911 964 910
4 1130 1073 1074 392
4 1196 1175 930 873
4 1324 1303 1296 1278
4 3444 1566 1567 929
4 1081 852 1080 851
4 1308 571 1303 532
4 3656 1509 1510 1038
4 1175 1108 1174 1107
4 2666 986 1019 985
4 4061 1350 1377 1348
4 1505 896 893 873
4 3472 1236 1237 1183
4 1103 1071 1070 854
4 1020 961 1019 960
4 1424 1012 1031 1011
4 912 911 893 890
4 3493 1368 1346 1345
4 3473 894 1085 870
4 1086 1084 910 864
4 1076 861 1075 860
4 1307 1281 1306 546
4 896 895 893 873
4 1085 951 930 895
4 1086 963 969 910
4 3540 3472 896 891
4 930 919 920 873
4 1584 945 1501 944
4 1423 1384 1383 1031
4 945 924 923 917
4 2664 1037 892 869
4 959 958 896 891
4 924 923 875 874
4 1424 965 1423 964
4 919 873 918 871
4 1308 1279 1303 1277
4 1571 936 926 870
4 1307 1278 1279 543
4 1104 1072 1103 343
4 1104 1103 1072 881
4 1088 1087 865 864
4 1075 389 1074 361
4 1104 1068 881 151
4 925 924 875 874
4 1074 411 1073 362
4 973 911 965 910
4 1105 1089 894 893
4 1072 151 881 130
4 1504 925 875 874
4 3592 2224 1982 1981
4 1210 875 1186 872
4 911 910 893 890
4 3656 1511 1022 1020
4 3922 1346 3685 1345
4 1031 973 965 910
4 1499 932 944 920
4 3474 888 882 881
4 4197 4155 3639 3625
4 1422 973 1031 911
4 1493 913 883 152
4 3551 1330 3533 1287
4 1424 1015 1031 1012
4 911 871 893 870
4 1086 910 865 864
4 1498 917 873 871
4 958 957 892 869
4 4227 4077 4204 3823
4 1504 915 951 873
4 911 893 910 870
4 959 892 958 891
4 920 871 919 870
4 3604 2556 1093 369
4 1074 1073 411 392
4 919 871 918 870
4 1216 1002 1211 1001
4 1085 951 931 930
4 1584 933 1571 928
4 931 918 930 917
4 1088 891 893 890
4 1436 1350 1368 1348
4 930 894 895 873
4 943 933 928 927
4 1105 1089 893 890
4 928 875 927 872
4 964 911 963 910
4 3473 936 910 870
4 3589 3541 1624 1623
4 1498 931 930 917
4 1076 1075 883 854
4 1537 1501 950 872
4 1500 944 1499 932
4 3550 1383 1409 1302
4 3706 842 849 397
4 914 871 912 870
4 1505 1504 874 873
4 920 873 919 871
4 3473 1223 1224 1085
4 3467 1082 1303 851
4 928 927 875 874
4 1570 871 922 870
4 915 871 914 870
4 1307 1288 1306 1283
4 1307 336 576 146
4 930 915 916 873
4 912 873 893 871
4 914 911 910 870
4 1503 923 929 872
4 3473 901 894 893
4 3462 1515 1514 985
4 914 912 911 870
4 1504 951 874 873
4 914 893 912 873
4 3550 1325 3467 1298
4 1308 1307 1306 857
4 3474 1138 1072 1071
4 915 873 914 871
4 1423 892 1422 891
4 1497 1496 1306 857
4 1426 1424 975 974
4 929 875 923 874
4 1501 928 927 872
4 4148 4068 4118 3493
4 922 871 921 870
4 3609 3577 3570 3569
4 907 850 157 154
4 1074 391 411 158
4 1133 1073 1130 392
4 3569 1133 1140 1130
4 1141 1075 1076 857
4 905 904 886 153
4 905 886 883 152
4 3532 3488 3440 3436
4 3634 3074 3347 2924
4 1070 854 883 131
4 908 883 907 854
4 906 905 860 856
4 1083 1079 965 910
4 1196 1175 946 935
4 3468 907 880 877
4 881 130 151 127
4 1072 856 854 130
4 1080 1068 879 855
4 3544 3488 3532 3436
4 1095 1064 1069 367
4 1493 883 913 854
4 1080 852 1068 851
4 1307 545 576 544
4 1307 1306 861 860
4 1080 1068 882 878
4 1195 1000 1194 999
4 1080 882 1068 150
4 909 904 886 883
4 1174 1173 931 930
4 1103 359 1071 131
4 909 838 839 153
4 1071 359 378 131
4 3763 3555 3643 2573
4 1595 1582 1594 928
4 951 915 930 873
4 3609 396 3570 395
4 1104 342 1068 151
4 1210 1108 949 934
4 1303 1081 879 855
4 1084 1083 910 853
4 1583 933 1571 932
4 1165 1106 894 893
4 3717 3707 837 769
4 2664 1206 1037 1019
4 909 886 908 883
4 932 922 931 921
4 1134 1132 1131 1073
4 1076 1070 860 856
4 1074 392 411 391
4 3468 1130 1131 391
4 1124 1119 1066 394
4 1306 882 150 127
4 3468 1521 1516 877
4 3468 1520 1132 1131
4 1132 1074 1073 880
4 1131 1074 1130 1073
4 1132 1074 1131 1073
4 907 843 850 153
4 907 157 880 154
4 907 154 877 153
4 1184 875 1183 874
4 1175 1174 934 933
4 1080 1068 336 150
4 1068 151 342 150
4 1072 856 1071 854
4 1072 861 881 857
4 1071 860 1070 856
4 1071 378 373 131
4 1082 852 1081 851
4 1308 882 1307 861
4 1306 551 758 550
4 1308 1307 882 878
4 1308 334 1082 333
4 1106 1105 894 893
4 1084 964 963 910
4 4061 1368 1350 1348
4 1954 1947 1953 1940
4 1162 1087 1088 853
4 1106 1105 890 868
4 931 919 930 918
4 1107 944 933 932
4 1072 131 373 130
4 1074 1073 861 857
4 1493 913 860 856
4 913 768 906 152
4 3449 1359 1360 1336
4 908 905 904 857
4 909 904 861 857
4 905 837 153 152
4 904 837 838 153
4 1497 856 860 127
4 3609 840 841 395
4 3766 3478 3709 850
4 3569 1123 1125 1119
4 3670 3569 3609 396
4 909 908 904 857
4 1151 1117 1122 1066
4 1307 1080 1081 335
4 907 877 886 153
4 1090 1066 363 362
4 1072 881 861 860
4 3589 3541 1513 1018
4 1087 910 868 865
4 1087 1086 910 865
4 1251 1197 931 930
4 1071 1070 861 857
4 1494 883 854 131
4 3468 1132 880 157
4 1134 1131 1130 1073
4 4041 3725 4010 3721
4 1497 1306 1288 1283
4 3468 1132 1520 880
4 3467 1291 1303 1077
4 913 906 856 854
4 3618 767 1493 766
4 1069 416 1067 367
4 3193 2822 2275 2073
4 1705 241 1704 41
4 1276 1222 1272 1221
4 1187 1183 951 945
4 3729 3672 3447 1336
4 908 907 886 153
4 3731 3715 3645 839
4 913 906 883 152
4 905 861 904 857
4 913 883 906 854
4 930 925 916 915
4 1307 1279 1277 544
4 1084 1083 964 910
4 1106 945 944 931
4 894 893 871 870
4 3655 910 859 853
4 1075 1074 880 877
4 896 875 895 874
4 931 920 930 919
4 1491 763 1490 131
4 1074 411 389 157
4 916 915 914 870
4 1092 1076 361 360
4 1075 387 389 361
4 1104 882 1103 881
4 1071 373 378 359
4 918 917 916 870
4 1087 911 968 868
4 1164 1105 864 853
4 1210 875 1209 874
4 1072 373 151 130
4 1082 1081 855 851
4 1195 995 1194 994
4 1068 881 151 150
4 896 874 895 873
4 1087 1086 969 910
4 1174 1173 930 873
4 944 943 933 922
4 1495 765 1494 131
4 3863 2557 2610 2554
4 2664 1107 957 896
4 1197 1196 934 933
4 2579 1206 2569 1115
4 1522 860 907 856
4 1040 1039 990 989
4 1081 1080 879 855
4 1307 543 576 539
4 3670 1129 1123 1118
4 1162 1161 1087 853
4 1216 1013 1211 1002
4 2622 2621 1215 1214
4 1306 1283 552 551
4 912 893 911 871
4 3923 3665 3668 3659
4 895 894 893 873
4 1504 925 924 872
4 3551 1313 1330 1287
4 1505 914 915 873
4 896 895 875 872
4 1105 1089 864 853
4 3472 896 1423 872
4 930 917 918 873
4 1107 944 943 933
4 958 957 896 891
4 1583 934 933 926
4 3472 895 896 872
4 1088 1087 864 853
4 1087 910 911 868
4 3444 1506 1500 921
4 950 949 927 926
4 929 923 875 872
4 1498 930 925 916
4 1089 1088 890 868
4 918 873 917 871
4 918 916 914 870
4 1505 1423 1422 872
4 1425 875 896 874
4 1498 930 916 873
4 1187 1106 1183 945
4 3540 3472 903 896
4 1423 973 1422 965
4 1069 1064 415 367
4 3468 880 907 157
4 3624 3426 3558 2344
4 3473 893 910 890
4 1088 967 891 890
4 1088 968 967 890
4 1089 1088 896 893
4 1088 968 890 868
4 1088 1087 968 868
4 949 948 934 926
4 1423 1302 1300 1031
4 1037 1019 959 958
4 951 895 874 873
4 1174 1173 871 870
4 1499 920 919 870
4 3465 3463 948 946
4 1210 948 1209 947
4 2621 2620 1214 1213
4 938 873 926 871
4 1450 1422 1423 911
4 1213 1212 1111 1110
4 1085 894 873 871
4 3465 954 946 935
4 3432 1700 1249 1248
4 4078 610 3493 607
4 3643 2576 3455 2568
4 1089 1088 893 890
4 3550 1291 1079 1031
4 3465 1527 932 926
4 1215 1190 1189 1176
4 937 871 926 870
4 937 926 936 870
4 938 926 937 871
4 1527 931 932 926
4 939 930 926 873
4 939 926 938 873
4 2662 985 1019 984
4 1209 1196 1197 1109
4 940 930 931 926
4 940 939 930 926
4 1251 1250 1196 870
4 1175 1174 930 873
4 3465 1229 1528 1171
4 3465 941 933 932
4 3465 1528 1172 1171
4 3527 1231 1232 1177
4 1175 1174 932 931
4 1173 1170 871 870
4 1257 1213 1214 1181
4 1214 1182 1198 1178
4 1085 951 945 931
4 1583 928 933 927
4 944 933 932 922
4 951 924 925 874
4 944 943 928 927
4 951 945 924 923
4 945 944 928 927
4 1508 1507 944 920
4 944 922 932 921
4 951 923 924 874
4 945 923 929 917
4 945 929 931 917
4 945 931 929 919
4 1507 1499 944 920
4 3463 950 1592 926
4 945 920 931 919
4 945 944 931 920
4 3465 942 934 933
4 1088 896 893 891
4 3502 2560 3461 2559
4 3465 946 948 935
4 1085 894 871 870
4 2662 1019 2661 984
4 3463 1530 955 947
4 1089 895 894 893
4 948 935 934 926
4 1209 947 1191 946
4 949 934 933 927
4 3463 948 950 926
4 3463 1592 1588 926
4 1423 1031 1300 910
4 1184 1183 875 872
4 949 933 943 927
4 1423 1037 968 869
4 950 948 949 926
4 1210 949 1209 948
4 1423 1300 1302 910
4 1498 873 916 871
4 1498 925 951 924
4 950 949 943 927
4 3462 1002 1633 1001
4 950 944 945 927
4 950 943 944 927
4 951 929 923 874
4 951 929 945 923
4 1501 943 944 922
4 951 927 928 874
4 951 945 928 927
4 951 950 927 874
4 951 950 945 927
4 3463 1190 1191 1171
4 1196 1175 871 870
4 1175 948 946 935
4 1175 1174 1108 934
4 1175 1174 933 932
4 1198 1182 1179 1178
4 3465 954 1229 946
4 3444 1500 1507 1499
4 3722 3502 3501 3460
4 1209 1175 1196 1108
4 3463 952 1539 943
4 1210 1186 875 874
4 3527 3465 3463 1588
4 1215 1197 1190 1176
4 1209 1171 1196 946
4 1198 1197 1176 1172
4 1205 1116 1115 1113
4 3593 1486 1488 1426
4 962 896 957 891
4 2621 2620 1213 1212
4 962 957 892 891
4 2665 962 961 892
4 962 892 957 869
4 962 961 892 869
4 1038 1020 983 960
4 1505 874 896 873
4 3541 1512 1509 961
4 1097 1092 1076 1075
4 1170 1085 930 873
4 1092 1069 1091 1064
4 1147 882 1103 878
4 3473 901 1223 894
4 1307 1081 1080 878
4 966 959 892 869
4 1074 860 1073 856
4 1108 1107 949 934
4 1095 1064 367 363
4 3533 1307 1308 1288
4 1092 1091 1073 1066
4 1031 911 973 910
4 1170 1085 871 870
4 1424 972 1031 971
4 1087 969 911 910
4 1106 944 932 931
4 1086 1084 963 910
4 1308 575 571 532
4 966 892 959 891
4 1216 1026 1211 1021
4 1107 949 934 933
4 1079 1031 965 910
4 1086 1084 864 853
4 1106 1105 893 890
4 4051 1359 1336 1335
4 1207 1206 1205 1203
4 1121 1120 415 414
4 969 963 911 910
4 967 966 892 869
4 1087 1086 864 853
4 1107 1106 944 932
4 967 892 966 891
4 1423 1422 1031 911
4 967 912 891 890
4 1106 1105 865 864
4 1072 881 860 856
4 1184 1183 1085 945
4 968 911 890 868
4 1087 969 968 911
4 1422 896 875 872
4 1423 1385 1386 910
4 1504 925 951 915
4 968 911 912 890
4 968 912 967 890
4 1422 892 967 891
4 1423 1386 1385 1031
4 1085 895 930 894
4 1089 896 1088 891
4 1422 963 964 911
4 969 912 968 911
4 1504 875 925 872
4 1423 1383 1302 1031
4 1037 1019 958 957
4 1020 958 1019 957
4 1424 1010 1031 972
4 3635 2792 2873 2592
4 3764 1204 1257 1202
4 1052 1004 1051 1003
4 3513 778 3500 571
4 1051 997 1050 996
4 3432 1245 1246 1031
4 1051 1034 1050 1029
4 1211 1013 1195 1002
4 1307 538 576 536
4 1080 150 336 146
4 3545 2647 2606 2595
4 3541 1047 1048 1040
4 1051 1050 1009 1003
4 1052 1005 1051 1004
4 1101 1095 1090 1067
4 1308 1294 536 533
4 1037 958 959 869
4 3462 985 1514 984
4 1510 1039 1509 957
4 1465 1438 1436 1395
4 1076 877 1075 154
4 1020 962 1019 961
4 1196 1175 935 934
4 1076 387 361 360
4 1450 1402 1403 910
4 1599 1511 1038 1020
4 1037 1019 968 967
4 1147 1076 1103 1070
4 1090 1065 1064 363
4 1074 886 1073 877
4 1425 1422 875 872
4 3452 2712 2893 2706
4 2621 1215 1214 1110
4 1076 886 153 152
4 1074 411 362 361
4 1076 387 1075 361
4 1075 157 389 154
4 3641 1044 1423 1019
4 1597 969 1020 968
4 3641 1423 3540 1037
4 2724 2679 2672 1222
4 1103 1072 1071 359
4 1072 881 856 130
4 1089 1088 864 853
4 2625 1206 2624 1113
4 1217 1028 1216 1027
4 2671 1220 1222 1218
4 2625 1207 1206 1113
4 2664 1214 1209 1186
4 1076 1075 387 154
4 3798 2039 2783 2038
4 1039 1038 983 960
4 1073 412 411 392
4 3541 1039 1509 1038
4 1072 373 343 151
4 3763 3555 3542 3536
4 1080 1068 855 851
4 1074 1073 880 877
4 3763 3643 3456 3454
4 3541 983 1018 960
4 3462 988 1622 987
4 2671 1038 1222 1020
4 1207 1203 1201 1200
4 3452 2732 2755 2711
4 3542 1115 1206 1113
4 1105 895 1085 894
4 2621 2620 1212 1207
4 1105 1089 895 894
4 1216 1021 1211 1014
4 1423 1302 1383 910
4 1206 1205 1113 1111
4 2664 2663 1107 895
4 1105 1089 865 864
4 1194 999 1188 995
4 1308 575 334 333
4 1676 1032 1030 980
4 3462 1185 1188 1000
4 1148 1103 1104 851
4 3462 1624 1623 989
4 1196 1175 873 871
4 1684 1635 1641 1050
4 3584 2325 2324 2315
4 1308 1081 1307 879
4 1039 962 1038 961
4 1954 1953 1946 1940
4 3462 993 1627 992
4 1051 1036 1050 1034
4 1245 998 1244 997
4 1037 959 966 869
4 1020 1019 984 983
4 1020 1019 985 984
4 1217 1027 1216 1026
4 1243 998 1062 997
4 1207 1205 1206 1111
4 1598 1423 1597 963
4 1037 967 968 869
4 3462 1041 986 985
4 1505 893 914 873
4 3541 3462 1515 1514
4 1037 1019 967 966
4 1422 912 969 911
4 3452 2680 2681 1222
4 3432 1699 1248 1247
4 1095 1069 1067 367
4 1041 1040 993 992
4 1037 1019 966 959
4 1187 875 1186 874
4 3817 2647 3545 2594
4 1697 1682 1681 1052
4 3198 2470 2469 2073
4 2722 2721 2669 1020
4 2624 1206 2579 1115
4 1055 1036 1052 1034
4 1596 968 1020 967
4 3432 1248 1249 1031
4 1599 1022 1511 1020
4 1510 1038 1039 957
4 3541 1509 962 961
4 1697 1484 1668 1031
4 3589 3541 1622 1538
4 3541 961 1039 960
4 3541 1512 961 960
4 1678 1664 1677 981
4 1597 1022 1020 1019
4 3589 1511 1599 1022
4 1051 1050 1036 996
4 1052 1051 1036 996
4 3656 3541 1512 1509
4 1424 1023 1031 1017
4 1609 1424 1604 1010
4 1211 1000 1195 999
4 1676 1654 1653 980
4 1038 961 1020 960
4 1020 1019 962 957
4 1037 957 958 869
4 1603 1424 1602 971
4 1597 1044 1022 1019
4 1020 1019 983 960
4 1037 966 967 869
4 2664 1214 1186 896
4 1216 1027 1211 1026
4 1039 961 1038 960
4 1020 1019 986 985
4 1040 1039 991 990
4 3635 2930 2880 2878
4 1020 959 1019 958
4 1038 1020 984 983
4 2671 1039 1040 1038
4 1038 962 1020 961
4 3764 1257 3636 1202
4 1020 966 1019 959
4 1039 1038 962 957
4 2723 2722 2670 1020
4 1609 1011 1424 1010
4 1020 967 1019 966
4 1038 1020 962 957
4 1039 1038 984 983
4 2664 1206 1214 1037
4 3638 2247 2249 1829
4 1020 968 1019 967
4 1597 1020 1596 968
4 1020 969 1019 968
4 1511 1038 1510 957
4 3462 1538 1515 986
4 1425 893 896 891
4 3432 1697 1245 1031
4 1599 1020 1038 959
4 1424 1031 973 970
4 3443 1659 1032 1030
4 1424 1025 1031 1024
4 1510 1509 1039 1038
4 3462 1014 1638 1013
4 3462 1633 1632 1001
4 3432 1694 1695 1245
4 3074 2938 3032 2937
4 1213 1199 1198 1181
4 3432 1246 1247 1031
4 3646 3629 3619 759
4 1307 1306 882 150
4 3656 1045 1038 1020
4 1031 1030 977 976
4 1424 1017 1031 1015
4 1424 973 1423 965
4 1424 971 1031 970
4 1308 1307 1279 1277
4 1209 1196 1109 1108
4 1303 532 571 0
4 1678 1665 1664 982
4 3462 1627 1626 992
4 1306 1282 548 546
4 3551 1331 1330 1313
4 3551 1309 1314 1288
4 1451 1427 1428 1031
4 1089 1088 868 865
4 1465 1395 1421 1394
4 1307 336 1080 335
4 1307 1277 1281 545
4 4081 3753 3784 3715
4 1424 1031 1423 973
4 3474 1071 1072 857
4 3926 3798 2582 2581
4 3467 1303 1082 1077
4 1303 1031 1291 0
4 1308 1290 533 532
4 1307 1281 546 545
4 3493 1346 1446 1345
4 1080 878 882 146
4 1308 882 861 857
4 1308 1281 1307 1277
4 1032 1030 980 979
4 1032 1030 979 978
4 1676 1653 1032 980
4 1032 1030 978 977
4 1032 978 1031 977
4 1032 1031 1030 977
4 1509 1039 962 957
4 1424 1024 1031 1023
4 3541 3462 1625 1624
4 3541 1039 1040 960
4 3589 1597 1044 1022
4 1211 1027 1050 1026
4 1184 1183 951 874
4 1037 962 957 869
4 1037 962 1019 957
4 1187 1186 1109 1108
4 3444 1556 1557 917
4 1037 961 962 869
4 1037 1019 962 961
4 3584 2318 2325 2315
4 2627 2621 2622 1206
4 2671 1040 1053 1038
4 1037 1019 961 960
4 2625 1207 2620 1206
4 2664 1184 2663 895
4 1038 1020 985 984
4 1668 1484 1667 1031
4 1038 1020 994 993
4 1038 958 1020 957
4 1684 1639 1638 1050
4 1038 1020 986 985
4 1038 1020 993 992
4 1602 971 1424 970
4 1038 959 1020 958
4 1039 1038 985 984
4 1038 1020 987 986
4 1040 1039 992 991
4 1038 1020 992 991
4 1052 1036 1051 1034
4 1038 1020 988 987
4 1038 1020 991 990
4 1039 1038 986 985
4 1038 1020 989 988
4 1184 1107 1108 895
4 1038 1020 990 989
4 1039 1038 994 993
4 1041 1040 994 993
4 1039 1038 987 986
4 3462 1239 1240 1188
4 1039 1038 993 992
4 1040 1039 993 992
4 1039 1038 988 987
4 1188 999 1185 995
4 1039 1038 992 991
4 1603 972 1424 971
4 1039 1038 989 988
4 1195 1050 1194 1021
4 1039 1038 991 990
4 1040 1039 994 993
4 1039 1038 990 989
4 1040 1039 989 988
4 1041 1040 992 991
4 1040 1039 988 987
4 1040 1039 987 986
4 1041 1040 991 990
4 1040 1039 986 985
4 1042 1041 994 993
4 1040 1039 985 984
4 1040 1039 984 983
4 3541 1046 1047 1039
4 1040 1039 983 960
4 3541 1040 984 983
4 3656 3541 1509 1038
4 3589 3541 1623 1622
4 1041 1040 990 989
4 1041 1040 989 988
4 1042 1041 993 992
4 1041 1040 988 987
4 1041 1040 987 986
4 1697 1686 1687 1052
4 1041 1040 986 985
4 3462 1194 1240 1050
4 1042 1041 992 991
4 1053 1042 994 993
4 1042 1041 991 990
4 1042 1041 990 989
4 1042 1041 989 988
4 3462 1041 988 987
4 2660 1037 961 960
4 1465 1438 1395 1394
4 1505 912 914 893
4 2666 1020 1019 986
4 3541 3462 1514 1513
4 3589 1599 1600 1022
4 3656 1022 1045 1020
4 3589 3541 1625 1624
4 3541 1049 1042 1041
4 3541 3462 1513 984
4 3541 984 1513 983
4 3541 962 1039 961
4 3541 1042 3462 1041
4 1216 1028 1050 1027
4 2468 2282 2275 2251
4 1697 1668 1683 1005
4 1276 1272 1275 1221
4 1194 1002 1188 1001
4 3368 3022 3314 2924
4 1217 1062 1060 1029
4 1211 1001 1195 1000
4 1511 958 1038 957
4 1057 1056 1036 996
4 1052 1034 1051 1029
4 1462 1461 1457 1406
4 1051 1029 1050 1028
4 1052 997 1051 996
4 1051 998 1050 997
4 1055 1052 1036 996
4 1051 1009 1050 1008
4 1052 1051 1009 1003
4 1052 1029 1051 1028
4 1211 995 1195 994
4 3432 1693 1244 1243
4 1051 1006 1050 998
4 1268 1214 1257 1204
4 1051 1008 1050 1007
4 1057 997 1056 996
4 1052 998 1051 997
4 1051 1007 1050 1006
4 1052 1009 1051 1008
4 3432 1701 1702 1271
4 2671 1188 1194 1053
4 3510 1734 1788 1733
4 1052 1006 1051 998
4 1055 1029 1052 1028
4 1052 1008 1051 1007
4 1218 1029 1217 1028
4 1675 1667 1668 1484
4 1194 1013 1188 1002
4 3462 1049 1054 1042
4 1052 1007 1051 1006
4 3432 1701 1271 1249
4 1053 1042 993 992
4 3462 1042 992 991
4 3432 1063 1692 1062
4 1653 1484 1032 1031
4 1055 1034 1052 1029
4 1056 1036 1055 1034
4 1055 997 1052 996
4 1055 1004 1052 1003
4 1056 1055 1036 996
4 1055 998 1052 997
4 1057 1036 1056 1034
4 1055 1052 1009 1003
4 1055 1006 1052 998
4 1058 1057 1036 996
4 1055 1009 1052 1008
4 1056 1029 1055 1028
4 1055 1007 1052 1006
4 1697 1031 1668 1005
4 1055 1008 1052 1007
4 1056 1034 1055 1029
4 1059 1036 1058 1034
4 1056 997 1055 996
4 3432 1702 1484 1031
4 1056 1004 1055 1003
4 1057 1034 1056 1029
4 1056 998 1055 997
4 3589 1597 3434 1044
4 1056 1055 1009 1003
4 3432 1243 1697 1062
4 1056 1006 1055 998
4 1697 1683 1682 1052
4 1056 1009 1055 1008
4 1056 1007 1055 1006
4 1217 1000 1216 999
4 1056 1008 1055 1007
4 1058 1034 1057 1029
4 1058 1036 1057 1034
4 1057 1029 1056 1028
4 1058 1029 1057 1028
4 1057 998 1056 997
4 1195 1014 1194 1013
4 1057 1056 1009 1003
4 1188 1000 1185 999
4 1062 1036 1060 1034
4 1057 1006 1056 998
4 1058 997 1057 996
4 1057 1009 1056 1008
4 1059 998 1058 997
4 1057 1007 1056 1006
4 3432 1061 1060 1059
4 1057 1008 1056 1007
4 1059 1058 1036 996
4 3432 1244 1697 1243
4 1195 1002 1194 1001
4 1058 998 1057 997
4 1217 1060 1059 1029
4 1058 1057 1009 1003
4 1059 1034 1058 1029
4 1060 1036 1059 1034
4 1060 1059 1036 996
4 1058 1006 1057 998
4 1058 1009 1057 1008
4 1059 997 1058 996
4 1058 1007 1057 1006
4 1058 1008 1057 1007
4 1195 1001 1194 1000
4 1062 1060 1036 996
4 1060 1034 1059 1029
4 1059 1006 1058 998
4 3574 304 315 302
4 1060 997 1059 996
4 1697 1058 1059 1003
4 1218 1027 1217 1026
4 1059 1007 1058 1006
4 1060 998 1059 997
4 1059 1008 1058 1007
4 1605 964 1424 963
4 1059 1009 1058 1008
4 1219 1027 1218 1026
4 1059 1058 1009 1003
4 3589 3462 1627 1626
4 3432 1692 1693 1243
4 1194 1021 1050 1014
4 1060 1006 1059 998
4 1219 1028 1218 1027
4 1060 1007 1059 1006
4 3444 1557 1558 918
4 1219 1026 1218 1021
4 3462 1188 1194 1014
4 1060 1008 1059 1007
4 1269 1217 1057 1056
4 1060 1009 1059 1008
4 1062 1034 1060 1029
4 1060 1031 1059 1003
4 1060 1059 1009 1003
4 1216 1001 1211 1000
4 1221 1028 1220 1027
4 1675 1674 1667 1484
4 1645 1036 1050 996
4 1245 1006 1244 998
4 1062 997 1060 996
4 1216 1050 1211 1027
4 3593 1656 3443 1650
4 1062 998 1060 997
4 1243 997 1062 996
4 1062 1006 1060 998
4 1243 1006 1062 998
4 1062 1007 1060 1006
4 3443 1657 1651 1650
4 1062 1008 1060 1007
4 1244 1006 1243 998
4 1062 1009 1060 1008
4 1062 1009 1031 1003
4 1062 1031 1060 1003
4 1062 1060 1009 1003
4 2005 2004 1965 1964
4 1465 1464 1437 1394
4 1222 1028 1221 1027
4 1215 1197 1209 1190
4 1215 1209 949 948
4 1073 412 1066 362
4 1070 883 152 131
4 1074 856 1073 854
4 1147 879 1103 855
4 1066 413 363 362
4 1076 877 154 153
4 1121 1064 1065 414
4 1074 861 1073 860
4 3597 575 3586 553
4 1095 1069 1090 1067
4 1117 1065 1066 397
4 1076 1075 861 857
4 1070 385 360 359
4 1066 396 413 395
4 1071 856 1070 854
4 1122 1121 1066 1065
4 3569 1140 1133 1124
4 1150 1121 1149 1064
4 3609 841 396 395
4 1075 880 1074 157
4 1067 417 368 367
4 3593 1428 3443 1427
4 1117 397 1066 396
4 1066 397 413 396
4 1066 1065 413 397
4 1118 1117 1066 396
4 1095 1090 1069 1064
4 1122 1065 1117 397
4 3580 3562 3549 1572
4 1121 1067 1069 416
4 1075 1074 389 157
4 1076 886 877 153
4 1067 416 417 367
4 1121 420 1120 414
4 1076 1070 861 860
4 3863 2609 1099 1093
4 1076 883 886 152
4 1075 856 1074 854
4 2346 2345 2331 1945
4 1105 1089 868 865
4 1089 967 966 891
4 1089 1088 967 891
4 1105 1089 890 868
4 1147 1103 1076 1075
4 1092 1075 1074 361
4 1091 1074 1073 362
4 1092 1074 1091 361
4 1090 1066 1065 363
4 1097 1092 1074 1073
4 1097 1070 360 359
4 1103 1072 359 343
4 1103 1071 854 131
4 1091 1090 1066 1065
4 1091 1073 1066 362
4 1091 1066 1090 362
4 1148 1068 1143 852
4 1091 1090 1069 1067
4 1091 1090 1065 1064
4 1147 1072 1103 881
4 1091 1069 1090 1064
4 1148 1104 852 851
4 4086 3948 3934 3927
4 4268 1578 846 845
4 1146 1097 1065 1064
4 1463 1347 1374 1344
4 1095 1067 1094 367
4 3493 635 636 588
4 3996 3947 3603 3590
4 1095 1090 1064 363
4 1197 1196 930 873
4 1584 945 944 928
4 3623 3421 3520 2393
4 1104 882 1068 878
4 1097 1092 1075 1074
4 1097 1076 360 152
4 1147 1097 1103 1075
4 1097 1070 883 152
4 1103 854 1070 131
4 1097 883 1076 152
4 1097 1076 1092 360
4 1146 1092 1097 1067
4 1097 360 1070 152
4 1097 1070 1076 883
4 1097 1092 1073 1066
4 1104 1103 882 878
4 1146 1097 1066 1065
4 1097 1092 1066 1065
4 1103 1097 1076 1075
4 1097 1092 1065 1064
4 1098 1091 1092 1067
4 1146 1097 1074 1073
4 1103 1070 359 131
4 1097 1069 1092 1064
4 1135 1073 1074 857
4 1097 1092 1069 1067
4 1146 1069 1097 1064
4 1134 861 1073 857
4 1103 1076 1097 1070
4 4095 3799 4094 3676
4 3863 1094 1095 1067
4 3863 3722 2555 1829
4 3863 1099 1100 1093
4 3544 3489 3488 3436
4 1711 69 75 61
4 3502 1910 1857 1826
4 1194 1014 1188 1013
4 1164 1089 1105 853
4 1102 1090 1096 1067
4 1102 1101 1090 1067
4 1104 1068 879 878
4 1104 879 1103 878
4 3493 1341 610 609
4 1147 1103 1072 1071
4 1146 1098 1092 1067
4 1104 879 1068 855
4 1104 1103 879 855
4 1104 1068 852 851
4 1147 855 1103 851
4 1104 855 1068 851
4 1104 1103 855 851
4 3764 1257 1258 1181
4 1105 1089 896 895
4 1196 1175 931 930
4 1173 1170 931 930
4 1196 1190 1172 1171
4 1105 959 958 896
4 1105 966 959 891
4 1105 1089 966 891
4 1105 959 896 891
4 1105 896 1089 891
4 1184 951 1085 895
4 3560 897 900 890
4 1173 1170 873 871
4 1173 1170 1106 931
4 1187 1183 875 874
4 1184 1183 1106 1085
4 1106 1105 896 895
4 4270 4256 4245 3493
4 1106 958 957 896
4 1106 1105 958 896
4 2119 2050 2051 2005
4 1211 1021 1195 1014
4 1107 1106 896 895
4 1207 1203 1205 1201
4 2622 1187 1186 1109
4 1107 1106 957 896
4 2664 1037 1214 896
4 3553 888 889 878
4 3636 1192 3567 1182
4 1762 241 1710 75
4 2660 983 1019 960
4 2622 2621 1212 1207
4 2622 2621 1207 1206
4 2622 2621 1213 1212
4 2622 2621 1214 1213
4 1259 1203 1255 1201
4 4020 3965 3972 3493
4 2664 2663 1187 1186
4 2664 896 1184 895
4 2660 1019 1037 960
4 2848 2793 2847 2073
4 3643 3455 2575 2573
4 2666 1019 2662 985
4 2621 1209 1215 1110
4 2621 2620 1207 1206
4 3525 3260 3199 3198
4 1205 1114 1113 1111
4 2360 2359 2357 1997
4 2620 1213 1212 1111
4 1165 1105 1106 864
4 1184 951 1183 945
4 3652 2631 2632 2577
4 3863 2607 2608 2554
4 3455 2990 2989 2567
4 1207 1201 1205 1111
4 2665 2664 892 869
4 1195 1026 1050 1021
4 1215 1198 1214 1109
4 3465 934 935 926
4 1195 999 1194 995
4 1184 875 895 872
4 3472 1184 1237 895
4 1217 1001 1216 1000
4 3455 2626 2988 2574
4 2717 2665 2660 1019
4 1198 1182 1180 1179
4 3468 886 1517 883
4 1119 1118 1066 395
4 1133 1130 1073 1066
4 1124 1066 1073 394
4 3569 1140 1136 1130
4 3609 3570 840 395
4 3569 3468 1133 1130
4 3744 1122 1117 397
4 3744 1127 1122 1121
4 3670 1129 1118 1117
4 1124 394 1073 393
4 1130 392 1074 391
4 3670 3577 3609 3569
4 3525 3409 3523 2522
4 1121 417 1067 416
4 1120 414 420 413
4 1120 421 414 413
4 1120 420 419 413
4 1120 419 421 413
4 3478 391 3468 158
4 1132 158 1074 157
4 1122 1066 1117 1065
4 1122 420 414 397
4 1134 1132 1073 880
4 3569 395 1119 394
4 3706 3609 842 397
4 1134 1073 860 856
4 1134 1073 886 877
4 3569 1124 1133 393
4 1134 1073 856 854
4 3766 3577 3528 3478
4 1134 886 1073 883
4 3569 1119 1124 394
4 1134 883 1073 854
4 1135 1134 1073 857
4 1139 1135 1074 857
4 1146 1097 1073 1066
4 3615 3596 3291 3271
4 1139 1074 1075 857
4 1146 1097 1075 1074
4 1462 1458 1456 1406
4 1148 1104 1068 852
4 1141 1139 1075 857
4 1308 861 1307 857
4 3493 608 1343 503
4 1146 1097 1069 1067
4 3819 3769 1796 1751
4 1151 1119 1118 1066
4 1151 1118 1117 1066
4 1142 1141 1070 857
4 1147 1103 882 881
4 3493 588 608 503
4 1147 1103 1071 1070
4 1144 1068 1080 852
4 1144 1143 1068 852
4 1154 1082 1077 852
4 1154 1081 1082 852
4 1145 1080 1081 852
4 1145 1144 1080 852
4 1154 1145 1081 852
4 1151 1122 1121 1066
4 4143 4100 3982 3659
4 1150 1065 1121 1064
4 1151 1121 1150 1065
4 1151 1066 1121 1065
4 1151 1124 1119 1066
4 1151 1133 1124 1066
4 1151 1130 1133 1066
4 1151 1134 1130 1066
4 3652 2578 2579 2569
4 1153 1069 1121 1067
4 1157 1079 853 852
4 1155 1154 1077 852
4 1157 1078 1079 852
4 1156 1077 1078 852
4 1156 1155 1077 852
4 1157 1156 1078 852
4 3635 2845 2792 2788
4 1500 944 932 921
4 1158 1079 1083 853
4 1158 1157 1079 853
4 1163 1162 1088 853
4 1170 1085 873 871
4 1159 1083 1084 853
4 1159 1158 1083 853
4 1450 1390 1423 1031
4 1165 1106 1085 894
4 1160 1084 1086 853
4 1160 1159 1084 853
4 1161 1086 1087 853
4 1161 1160 1086 853
4 1423 896 1422 872
4 1165 1106 893 890
4 1165 1106 865 864
4 1165 1164 1105 864
4 1165 1106 890 868
4 1165 1106 868 865
4 1464 1420 1415 1389
4 1446 1368 1353 1352
4 1210 949 1186 943
4 1440 1368 1355 1353
4 1197 1196 946 935
4 1252 1197 1198 1172
4 1253 1203 1252 1198
4 1173 1106 932 931
4 1175 948 935 934
4 1170 1165 1106 1085
4 1174 1173 932 931
4 1184 1085 951 945
4 1184 1183 1107 1106
4 1198 1182 1181 1180
4 1215 1110 1209 1109
4 1211 1014 1195 1013
4 1463 1393 1436 1344
4 1174 1173 873 871
4 1250 1175 1196 870
4 1175 1174 873 871
4 1226 1173 1174 870
4 1175 1174 871 870
4 1175 1174 931 930
4 1210 1209 1109 1108
4 1173 1170 1165 1106
4 1210 1186 945 944
4 1173 1106 1107 932
4 1197 1109 1196 1108
4 1174 1107 1108 934
4 1175 1165 1166 1106
4 1174 1173 1165 1106
4 1175 1107 1174 1106
4 1174 1107 1173 1106
4 1174 1107 933 932
4 1174 1173 1107 932
4 1174 1107 934 933
4 1175 1174 1165 1106
4 1205 1114 1116 1113
4 2620 1212 1207 1111
4 1187 1186 951 874
4 1210 949 948 934
4 1207 1200 1201 1111
4 1210 948 1175 934
4 1218 1013 1217 1002
4 3472 1237 902 895
4 1187 1186 1108 1107
4 3465 1176 1190 1172
4 1207 1206 1113 1111
4 1198 1197 1177 1176
4 1501 922 944 921
4 1187 951 1186 945
4 1184 895 875 874
4 1210 951 1186 874
4 1213 1198 1199 1110
4 1213 1199 1212 1110
4 1214 1198 1110 1109
4 1184 1183 1108 1107
4 3567 1193 1189 1177
4 3542 1592 1588 1260
4 1197 1196 935 934
4 2358 2100 2127 2069
4 3452 1272 2683 996
4 1215 1209 1191 1190
4 1184 1085 1105 895
4 1184 1105 1106 895
4 1184 1106 1105 1085
4 1187 1186 1107 943
4 1187 1107 1183 1106
4 1183 1170 1106 1085
4 1184 951 895 874
4 1187 1108 1183 1107
4 1187 1106 945 944
4 2720 2667 2668 1020
4 1183 945 1106 931
4 1183 1106 1170 931
4 1183 1085 945 931
4 1183 1170 1085 931
4 2622 1215 2621 1209
4 3455 2626 2575 2573
4 2620 1214 1111 1110
4 1222 1001 1221 1000
4 2621 1214 2620 1110
4 3636 1202 1257 1181
4 1263 1215 944 943
4 1187 951 1183 874
4 1194 1001 1188 1000
4 3462 1185 995 994
4 1194 1000 1188 999
4 1214 1198 1213 1110
4 1197 1196 1171 946
4 1251 1197 873 871
4 1197 1196 873 871
4 1210 1186 944 943
4 1210 945 1209 944
4 3540 3434 3472 1423
4 1187 945 1186 944
4 1186 949 1107 943
4 1186 1108 1107 949
4 1187 944 1186 943
4 1187 1107 944 943
4 1187 1107 1106 944
4 1187 875 1183 872
4 1187 1186 875 872
4 1267 1266 1212 1204
4 2661 984 1019 983
4 2620 1214 1213 1111
4 2671 1218 1222 1038
4 3555 3542 1205 1113
4 1230 1186 1187 872
4 3502 2560 2559 1833
4 3597 580 579 553
4 1195 1021 1194 1014
4 1188 995 1185 994
4 1211 1050 1195 1026
4 1211 1002 1195 1001
4 1217 1002 1216 1001
4 1195 1013 1194 1002
4 3542 1262 1592 1260
4 1215 1193 1214 1177
4 1197 1190 1176 1172
4 3730 1256 1202 1180
4 1254 1203 1253 1199
4 1197 1196 871 870
4 3630 1232 1233 1178
4 1209 1197 1196 1190
4 3680 3566 3433 3358
4 1215 1209 948 947
4 1210 1209 1110 1109
4 2663 1183 2622 1108
4 1210 1175 1108 934
4 1210 951 1209 945
4 1207 1204 1206 1203
4 2663 1184 1183 1108
4 1210 947 1209 946
4 1204 1203 1200 1199
4 1210 1175 1209 1108
4 3463 1191 947 946
4 1196 1175 934 933
4 1197 1196 1172 1171
4 1216 1052 1051 1028
4 3656 3589 1511 1510
4 1194 995 1188 994
4 1216 1051 1050 1028
4 3432 1693 1694 1244
4 1217 1026 1216 1021
4 1216 995 1211 994
4 1218 1001 1217 1000
4 3566 3418 3433 3358
4 1218 1028 1217 1027
4 1216 1000 1211 999
4 1211 999 1195 995
4 1269 1217 1059 1058
4 1210 1109 1186 1108
4 1196 1108 1175 1107
4 1210 1108 1186 949
4 1196 1175 1166 1107
4 1196 1175 932 931
4 3542 1204 1262 1203
4 1196 1175 933 932
4 1215 1177 1197 1176
4 1214 1192 1182 1178
4 1215 1214 1198 1177
4 1212 1200 1207 1111
4 1210 1209 875 872
4 3527 1532 1231 1176
4 1252 1203 1202 1198
4 1197 1196 931 930
4 1252 1198 1176 1172
4 1215 1190 1214 1189
4 1215 1197 1198 1109
4 1257 1199 1213 1181
4 1197 1108 1196 1107
4 1197 1196 1166 1107
4 1197 1196 932 931
4 1197 1196 933 932
4 3465 3463 1190 1189
4 3463 956 952 943
4 1467 1463 1436 1368
4 1209 1191 1171 946
4 1199 1110 1198 1109
4 1198 1109 1197 1108
4 1252 1198 1202 1180
4 1199 1109 1198 1108
4 3542 1262 1260 1203
4 3428 2130 2129 1915
4 1255 1201 1203 1200
4 1500 932 931 921
4 1198 1197 1166 1107
4 1200 1110 1199 1109
4 1198 1108 1197 1107
4 3764 1203 1204 1202
4 3636 3527 3630 1182
4 1205 1112 1114 1111
4 1199 1108 1198 1107
4 1201 1111 1200 1110
4 1199 1198 1166 1107
4 3444 1567 1568 923
4 1200 1109 1199 1108
4 1205 1112 1111 1110
4 1201 1110 1200 1109
4 1205 1111 1201 1110
4 1200 1199 1166 1107
4 1422 964 965 911
4 1200 1108 1199 1107
4 1205 1169 1112 1110
4 1259 1205 1203 1201
4 1201 1109 1200 1108
4 1205 1169 1110 1109
4 3730 1256 1260 1202
4 1205 1110 1201 1109
4 1201 1200 1166 1107
4 1201 1108 1200 1107
4 1202 1199 1181 1180
4 1266 1207 1212 1204
4 3468 1519 1520 1131
4 3051 3050 3020 2924
4 1202 1198 1199 1180
4 3652 3086 2579 2578
4 1204 1202 1203 1199
4 1203 1199 1202 1198
4 3584 2327 2326 2318
4 1207 1204 1203 1200
4 1209 1191 1190 1171
4 1205 1168 1169 1109
4 1205 1168 1109 1108
4 1205 1109 1201 1108
4 1254 1200 1203 1199
4 3898 3824 3703 3543
4 1205 1167 1168 1108
4 1205 1166 1167 1107
4 1205 1201 1166 1107
4 1205 1167 1108 1107
4 1205 1108 1201 1107
4 1210 948 947 946
4 1210 1209 949 943
4 1212 1204 1207 1200
4 1210 1209 1175 946
4 1214 1198 1182 1181
4 1215 1214 1110 1109
4 1214 1213 1198 1181
4 1209 1190 1196 1171
4 1215 1209 1197 1109
4 1210 1186 951 945
4 3454 2603 2656 2600
4 1209 1196 1175 946
4 3682 1208 3542 1206
4 1212 1204 1200 1199
4 1212 1199 1200 1110
4 1210 1175 948 946
4 1263 1215 875 874
4 1215 1214 1193 1189
4 1210 1209 951 874
4 1212 1200 1111 1110
4 1215 1189 1193 1177
4 1210 944 1209 943
4 1263 875 1215 872
4 1264 1263 1209 872
4 1984 1982 1944 1746
4 1216 999 1211 995
4 1243 1007 1062 1006
4 1216 1014 1211 1013
4 1571 932 1570 931
4 1214 1192 1178 1177
4 1264 1209 1228 872
4 3734 2926 2686 2652
4 3656 1510 1511 1038
4 3443 1660 1653 1032
4 2718 2717 2660 1019
4 1214 1193 1192 1177
4 2663 1184 1108 895
4 1215 1191 1209 947
4 1215 1189 1177 1176
4 1214 1178 1198 1177
4 1257 1202 1199 1181
4 2671 994 1020 993
4 3298 3291 2553 2073
4 1268 1267 1213 1204
4 1214 1213 1111 1110
4 1215 1198 1197 1177
4 2945 2936 2943 2924
4 1268 1214 1193 1192
4 2661 1019 2660 983
4 1215 949 1209 943
4 1268 1214 1190 1189
4 3540 898 899 891
4 3859 1908 1914 1855
4 1268 1193 1214 1189
4 1215 1209 944 943
4 1268 1213 1214 1204
4 1215 1209 945 944
4 1215 1209 951 945
4 1263 1215 945 944
4 1215 951 1209 874
4 1215 1209 875 874
4 1263 949 1215 943
4 1215 875 1209 872
4 1228 1209 1210 872
4 1228 1210 1186 872
4 1217 1021 1216 1014
4 1216 1055 1052 1028
4 1218 1026 1217 1021
4 1220 1029 1219 1028
4 2670 993 1020 992
4 2671 1041 1053 1040
4 1218 1000 1217 999
4 1222 1027 1221 1026
4 1221 1027 1220 1026
4 1216 1056 1055 1028
4 1217 1013 1216 1002
4 1218 1002 1217 1001
4 1217 995 1216 994
4 1217 1029 1058 1028
4 1217 1059 1058 1029
4 1265 1211 1216 1050
4 1217 1014 1216 1013
4 1218 1021 1217 1014
4 1217 999 1216 995
4 1217 1058 1057 1028
4 1217 1057 1056 1028
4 1217 1056 1216 1028
4 1217 1216 1056 1055
4 1217 1216 1055 1052
4 1269 1244 1243 1217
4 1217 1216 1052 1051
4 1676 980 1030 979
4 1217 1216 1051 1050
4 1220 1028 1219 1027
4 1244 997 1243 996
4 1218 995 1217 994
4 1219 1001 1218 1000
4 1218 1014 1217 1013
4 1218 999 1217 995
4 1219 1002 1218 1001
4 3472 1183 1184 872
4 1270 1244 1269 1217
4 2671 1020 2670 993
4 2670 992 1020 991
4 1249 997 1248 996
4 1243 1036 1062 1034
4 1219 1021 1218 1014
4 1219 1013 1218 1002
4 1665 1484 1664 1031
4 1219 1000 1218 999
4 1220 1026 1219 1021
4 3859 1914 1913 1860
4 1220 1001 1219 1000
4 1220 1000 1219 999
4 1219 1014 1218 1013
4 1662 1484 1654 1031
4 1219 999 1218 995
4 1244 998 1243 997
4 1219 995 1218 994
4 3114 3113 3032 2941
4 1220 1021 1219 1014
4 1220 1002 1219 1001
4 1221 1029 1220 1028
4 1220 999 1219 995
4 1269 1217 1056 1055
4 1221 1026 1220 1021
4 1222 999 1221 995
4 1221 1001 1220 1000
4 1220 1014 1219 1013
4 1673 1672 1665 1484
4 1220 1013 1219 1002
4 1221 1000 1220 999
4 1220 995 1219 994
4 3452 2893 3107 1272
4 2019 2005 1966 1965
4 1222 1029 1221 1028
4 1269 1217 1060 1059
4 1222 1026 1221 1021
4 1221 1021 1220 1014
4 3643 2575 3455 2574
4 1221 1002 1220 1001
4 1221 999 1220 995
4 1222 1000 1221 999
4 1222 1021 1221 1014
4 1221 1014 1220 1013
4 1221 1013 1220 1002
4 1222 1002 1221 1001
4 1221 995 1220 994
4 3986 3851 3938 3549
4 2252 2251 2043 2042
4 1222 1014 1221 1013
4 1222 1013 1221 1002
4 2926 2924 2652 2651
4 1222 995 1221 994
4 2671 1038 1020 994
4 3560 893 3473 890
4 3473 1223 1085 894
4 1252 1198 1180 1179
4 1227 1174 1175 870
4 1226 1225 1173 870
4 1227 1226 1174 870
4 3465 1190 3463 1171
4 1234 1228 1186 872
4 1536 950 875 872
4 1251 1197 1172 1171
4 1234 1186 1230 872
4 3636 1533 3567 1192
4 3636 3630 3527 1588
4 1251 1197 932 931
4 3567 1529 1190 1189
4 1251 1196 1197 870
4 1251 1197 871 870
4 1255 1203 1254 1200
4 3444 1499 1507 920
4 3527 1232 1178 1177
4 1251 1197 930 873
4 1268 1214 1182 1181
4 1266 1261 1207 1204
4 1499 930 920 873
4 1263 1214 1215 1190
4 1263 1215 1191 1190
4 1263 1191 1215 947
4 3630 1233 1179 1178
4 3636 1533 1192 1182
4 3463 1531 948 947
4 1263 1215 949 948
4 3573 3433 3536 3358
4 3472 892 1423 891
4 1270 1246 1245 1218
4 3462 1013 1634 1002
4 3462 990 1624 989
4 3462 1638 1684 1634
4 3462 1188 1013 1002
4 1597 1423 1044 1019
4 1241 1194 1195 1050
4 1241 1240 1194 1050
4 1270 1247 1246 1218
4 1270 1218 1244 1217
4 1242 1195 1211 1050
4 1242 1241 1195 1050
4 3593 1655 1649 1428
4 1269 1216 1217 1050
4 1245 997 1244 996
4 1244 1243 1036 996
4 1246 998 1245 997
4 1243 1008 1062 1007
4 1269 1217 1058 1057
4 1270 1248 1247 1218
4 1246 997 1245 996
4 1243 1034 1062 1029
4 1244 1036 1243 1034
4 1245 1244 1036 996
4 1243 1009 1062 1008
4 1243 1031 1062 1009
4 1243 1062 1217 1029
4 1244 1007 1243 1006
4 1247 998 1246 997
4 1269 1217 1055 1052
4 1246 1006 1245 998
4 1244 1008 1243 1007
4 1245 1036 1244 1034
4 3443 1484 1485 1451
4 1244 1034 1243 1029
4 1244 1031 1009 1008
4 1244 1009 1243 1008
4 1244 1031 1243 1009
4 1247 997 1246 996
4 1244 1243 1217 1029
4 1269 1265 1216 1050
4 1245 1007 1244 1006
4 1246 1245 1036 996
4 1248 998 1247 997
4 1245 1034 1244 1029
4 1248 997 1247 996
4 1245 1008 1244 1007
4 1245 1031 1244 1008
4 1246 1036 1245 1034
4 1245 1217 1218 1029
4 1245 1244 1217 1029
4 1245 1244 1218 1217
4 1247 1006 1246 998
4 1246 1007 1245 1006
4 1265 1242 1211 1050
4 1247 1246 1036 996
4 1248 1006 1247 998
4 1246 1034 1245 1029
4 1246 1031 1008 1007
4 1246 1008 1245 1007
4 1246 1031 1245 1008
4 1247 1036 1246 1034
4 1246 1245 1218 1029
4 1248 1247 1036 996
4 1247 1007 1246 1006
4 1247 1031 1246 1007
4 3277 3276 2527 2073
4 1249 998 1248 997
4 1275 1221 1272 1220
4 1247 1034 1246 1029
4 1249 1248 1036 996
4 1247 1246 1218 1029
4 1248 1036 1247 1034
4 3510 1785 1782 1729
4 1248 1034 1247 1029
4 1269 1217 1062 1060
4 1248 1007 1247 1006
4 1248 1031 1247 1007
4 1271 997 1249 996
4 1249 1036 1248 1034
4 3443 1650 1651 1484
4 1248 1247 1218 1029
4 1271 1249 1036 996
4 1249 1034 1248 1029
4 1271 998 1249 997
4 1249 1006 1248 998
4 1269 1217 1243 1062
4 1272 997 1271 996
4 3452 2754 2753 2700
4 1249 1007 1248 1006
4 1249 1031 1248 1007
4 1249 1248 1218 1029
4 3463 955 1531 947
4 1252 1251 1197 1172
4 3630 1179 3527 1178
4 1251 1197 1171 946
4 1251 1197 933 932
4 1251 1197 946 935
4 1251 1197 934 933
4 1251 1197 935 934
4 1252 1198 1179 1178
4 3444 1559 920 919
4 1252 1198 1177 1176
4 1252 1198 1178 1177
4 3540 899 876 869
4 3527 1189 3465 1176
4 3567 1535 1529 1189
4 3463 1539 944 943
4 3764 3630 3730 1202
4 3636 3527 3567 1588
4 3764 1258 1257 1204
4 1257 1214 1213 1204
4 1257 1202 1204 1199
4 1257 1204 1213 1199
4 1436 1348 1368 1347
4 3730 1202 3630 1180
4 4061 1382 1381 1354
4 3587 3070 3069 3020
4 1263 1215 1209 872
4 3444 1550 914 912
4 1487 1415 1417 1389
4 1463 1418 1421 1392
4 3445 1454 1476 1450
4 1267 1212 1213 1204
4 1261 1206 1207 1204
4 1261 1208 1206 1204
4 3444 1425 1481 1422
4 3521 3486 3485 3442
4 3532 3487 3521 3440
4 3652 2577 2578 2573
4 3567 3527 3463 1588
4 1263 1215 948 947
4 1263 951 1215 874
4 1263 1215 951 945
4 1484 1451 1428 1031
4 3444 1565 1508 1507
4 1271 1036 1249 1034
4 1270 1249 1248 1218
4 3432 1271 1272 1031
4 1697 1243 1244 1031
4 1268 1257 1214 1181
4 1542 1536 950 874
4 3652 3087 2624 2579
4 1269 1217 1052 1051
4 1269 1217 1051 1050
4 1270 1245 1244 1218
4 1271 1034 1249 1029
4 1272 1271 1036 996
4 1272 1221 1222 1029
4 1275 1272 1274 1220
4 1271 1006 1249 998
4 1272 1031 998 997
4 1271 1249 1270 1218
4 1272 998 1271 997
4 1271 1031 1007 1006
4 1271 1007 1249 1006
4 1271 1031 1249 1007
4 1272 1222 1036 1034
4 1271 1249 1218 1029
4 1272 1036 1271 1034
4 1272 1222 1034 1029
4 1272 1034 1271 1029
4 1272 1220 1221 1029
4 1272 1031 1006 998
4 1272 1006 1271 998
4 1272 1031 1271 1006
4 1272 1219 1220 1029
4 1274 1272 1273 1219
4 1272 1271 1270 1218
4 1272 1218 1219 1029
4 1272 1271 1218 1029
4 2715 2662 2666 1019
4 1483 1424 1451 1423
4 1274 1220 1272 1219
4 1273 1219 1272 1218
4 1273 1272 1270 1218
4 3455 2987 2626 2573
4 1461 1406 1433 1405
4 1450 1398 1402 910
4 1651 1484 1031 1030
4 3472 903 896 895
4 3644 3536 3643 3456
4 1497 861 1496 857
4 3550 1295 3467 1292
4 1307 1306 1285 1283
4 1307 1080 336 146
4 1307 1306 1282 1280
4 1497 759 758 552
4 1307 882 1306 860
4 1308 1303 1279 1278
4 1307 150 882 146
4 1308 882 1303 878
4 1496 1492 856 130
4 1497 759 130 127
4 4143 4031 4008 3982
4 1326 1281 1303 1277
4 1306 550 758 549
4 1307 1289 1306 1288
4 1323 1303 1279 1277
4 3615 3291 3596 3238
4 1306 1281 1282 546
4 3553 882 888 878
4 3551 1309 1288 1283
4 3786 3781 3672 1335
4 3467 1319 1320 1293
4 1323 1279 1303 1278
4 1497 1289 1286 554
4 1497 1288 1289 553
4 1497 553 759 552
4 1497 130 856 127
4 1306 1284 1285 550
4 3593 3443 1451 1426
4 1306 150 758 127
4 1308 1306 1303 857
4 1496 761 1492 130
4 1307 546 576 545
4 3474 3467 882 878
4 3467 1303 1294 1293
4 3868 3720 3668 3665
4 3550 1298 3467 1297
4 3597 571 553 552
4 3467 1316 1319 1290
4 1497 759 1496 130
4 1307 879 1081 878
4 1308 1082 1303 1077
4 1307 575 576 335
4 1308 1294 1303 1293
4 1308 575 335 334
4 3474 1142 1070 857
4 1495 1494 854 131
4 1307 576 575 536
4 1308 1294 1307 536
4 1308 536 575 533
4 1308 1303 1082 1081
4 4051 1332 3945 1331
4 3686 299 298 293
4 3467 1303 879 855
4 3551 1331 3533 1330
4 3641 1043 1044 1019
4 4171 4007 4136 3697
4 3449 1360 1337 1336
4 1303 571 333 332
4 3550 1298 1297 910
4 1494 883 1493 854
4 739 687 3516 678
4 3551 1308 1303 1288
4 3581 3252 3522 2522
4 1308 1291 1303 1290
4 1308 1303 1291 532
4 1303 1291 1078 1077
4 1303 1082 1081 855
4 3551 1311 1309 1283
4 3550 1292 1031 910
4 1308 1291 1290 532
4 3467 1295 1321 1292
4 3889 3775 3809 3699
4 3467 1303 855 851
4 1524 908 907 857
4 3467 1297 1322 1295
4 3550 1300 1301 1298
4 3557 3422 2392 2003
4 1307 1284 1306 1280
4 1300 1031 1298 910
4 1308 1082 1077 333
4 1308 1303 1294 1290
4 3508 3503 3600 256
4 1308 1290 1294 533
4 1307 1296 1278 539
4 3468 1520 1521 880
4 3550 1390 1416 1388
4 4163 3971 4036 3712
4 3467 1078 1291 1077
4 3550 910 1079 853
4 3474 3467 1303 882
4 3550 1079 1078 852
4 3550 1302 1300 910
4 3478 153 850 152
4 3467 1320 1324 1293
4 3550 1031 1079 910
4 3550 853 1079 852
4 1303 333 1077 332
4 1308 1303 1081 879
4 3553 3474 888 882
4 3551 1288 1303 1283
4 3544 3489 3436 3435
4 3551 1333 1331 1313
4 3550 1291 3467 1078
4 3550 1292 1291 1031
4 1306 576 758 150
4 1497 1496 856 130
4 1305 1284 1303 1280
4 3467 1318 1317 1291
4 1308 1282 1303 1280
4 1308 1307 1282 1280
4 3593 1451 1483 1424
4 1308 1303 1284 1280
4 1308 1284 1307 1280
4 3999 3874 3848 3803
4 3691 3357 3329 3328
4 1308 1303 1285 1284
4 1308 1285 1307 1284
4 1308 1285 1303 1283
4 1308 1307 1285 1283
4 1308 1303 1288 1283
4 1308 1288 1307 1283
4 1310 1285 1303 1284
4 1310 1303 1285 1283
4 1523 907 1522 860
4 1311 1303 1310 1283
4 1492 762 131 130
4 3593 1426 1451 1424
4 3524 3324 3415 3121
4 3558 3426 2367 2344
4 3474 879 3467 878
4 3673 3629 555 554
4 3550 1302 1328 1300
4 3602 457 114 107
4 3646 761 1496 759
4 1491 1490 854 131
4 1491 861 1490 857
4 1495 764 765 131
4 1492 1491 856 854
4 3595 3406 3328 3308
4 3561 2952 3130 2951
4 1524 1303 908 857
4 4074 3489 603 597
4 4133 3957 3968 3893
4 3890 3860 3875 3853
4 3646 3619 1496 761
4 3608 764 1490 763
4 3610 3287 3328 2918
4 3550 1297 3467 1295
4 3474 887 888 881
4 3559 3302 3287 2962
4 3467 1292 1318 1291
4 4009 3866 3805 3787
4 3467 1303 1291 1290
4 3467 1303 882 878
4 3977 3899 3917 3882
4 3467 1294 1303 1290
4 4056 4028 4026 4022
4 3467 1319 1294 1290
4 3467 1291 1317 1290
4 3474 882 1303 857
4 3795 621 623 594
4 3780 1126 3744 796
4 3467 1317 1316 1290
4 3613 3464 3550 858
4 3550 1410 1409 1383
4 3467 1296 1303 1293
4 3493 1367 1368 1345
4 3550 1079 1291 1078
4 4185 1345 1367 1343
4 3550 1295 1292 910
4 3550 1078 3467 1077
4 3467 1298 1325 1297
4 4252 4244 4232 3493
4 3474 1137 1071 1070
4 3474 1142 1137 1070
4 3467 1324 1303 1296
4 1324 1299 1303 1278
4 3474 1137 1138 1071
4 3606 3500 3513 778
4 3550 852 1077 851
4 3550 3467 855 851
4 3613 862 863 851
4 3474 1070 1071 857
4 1327 1303 1282 1280
4 3606 3602 3479 114
4 1327 1304 1303 1280
4 1327 1282 1303 1281
4 1327 1303 1326 1281
4 3493 1368 1446 1346
4 1329 1303 1323 1277
4 1329 1326 1303 1277
4 4255 4249 4237 4234
4 1492 854 856 130
4 1497 758 759 127
4 1495 1490 764 131
4 3963 3820 3906 3816
4 4126 3496 601 600
4 1496 1492 860 856
4 1526 856 907 854
4 1525 907 1518 854
4 3667 3616 3483 3438
4 3522 2252 2259 2251
4 3435 1332 1334 597
4 3827 3780 3768 3718
4 3610 3575 3406 3287
4 3723 2252 3637 2042
4 3449 1360 1361 1337
4 3493 1343 608 607
4 4135 4079 4084 3825
4 3474 1072 1138 881
4 1586 927 1583 926
4 3444 1450 1476 910
4 3462 1001 1632 1000
4 3646 1497 1306 1289
4 4043 3780 3827 3718
4 3613 852 3550 851
4 3493 636 608 588
4 3493 1342 1343 607
4 3493 1345 1446 1343
4 3593 3443 1485 1451
4 3449 1361 1362 1338
4 3489 3435 603 597
4 4226 3775 3782 606
4 4126 630 629 601
4 3922 1378 3685 1351
4 3432 1695 1696 1246
4 3913 3776 3475 3471
4 3738 3715 3709 843
4 4001 3930 3953 3807
4 1499 919 918 870
4 3597 583 582 556
4 2715 2714 2662 1019
4 3493 589 588 503
4 3447 3446 1336 1335
4 1463 1421 1395 1392
4 1375 1368 1348 1347
4 4027 3979 3937 3861
4 1463 1436 1393 1392
4 3473 890 910 868
4 4094 3943 3718 3710
4 3610 3328 3407 2918
4 3822 3790 3806 3776
4 3576 2391 3423 2357
4 3462 1050 1638 1014
4 3478 791 792 158
4 3447 3446 1335 1334
4 3465 942 953 934
4 1450 1397 1398 910
4 4077 3771 4021 3761
4 3537 2476 3421 2473
4 3780 3744 3670 3577
4 3523 3409 3419 2522
4 3593 1427 3443 1426
4 3727 3685 1342 1341
4 3482 3466 3481 3439
4 4014 3993 3933 3813
4 3702 3687 3657 3565
4 3560 897 890 868
4 3524 3324 3416 3169
4 1461 1432 1453 1405
4 3555 3542 3536 1592
4 1450 911 1423 910
4 3463 1539 950 944
4 1502 1501 945 944
4 3463 1531 956 948
4 1423 965 1422 964
4 1423 1422 896 891
4 3465 935 948 926
4 3615 3291 3238 3237
4 3873 3729 3835 1338
4 4268 4261 4257 847
4 3550 1409 1328 1302
4 4001 3952 3842 3825
4 3641 3434 3540 1423
4 3635 2841 2788 2787
4 1461 1433 1432 1405
4 4061 1368 1355 1354
4 3620 2177 2367 1945
4 3560 3473 910 868
4 4094 3768 3943 3674
4 3550 3467 3474 879
4 3570 794 393 392
4 1463 1436 1368 1347
4 1473 1467 1468 1440
4 4261 4257 4254 4236
4 3634 3585 3347 3081
4 4062 3721 4041 3695
4 1570 932 933 922
4 3613 3553 3550 3464
4 3655 3560 910 864
4 3465 953 935 934
4 1463 1395 1436 1392
4 1423 1031 1422 973
4 1463 1393 1419 1392
4 3444 1478 1450 1423
4 3612 2996 3573 2928
4 3443 1656 1657 1650
4 3606 3602 3535 3513
4 4126 4115 3496 600
4 1474 1473 1468 1441
4 1526 907 1525 854
4 3795 622 618 591
4 3550 1328 1301 1300
4 1451 1423 1424 1031
4 1523 861 907 860
4 1541 950 951 874
4 1463 1368 1374 1347
4 1462 1459 1433 1406
4 1463 1371 1419 1344
4 3686 297 299 293
4 3529 3442 3486 3441
4 4085 3793 3818 3667
4 1423 964 1422 963
4 3798 3723 2783 2039
4 3711 1370 1343 1342
4 3602 457 3479 114
4 3630 3527 1232 1178
4 3513 778 571 125
4 3524 3416 3324 3121
4 3863 3774 3461 2557
4 3443 1660 1661 1653
4 3922 1345 3685 1343
4 3678 3637 3581 3006
4 1524 907 1523 857
4 3607 3532 3487 3486
4 1490 763 764 131
4 1492 1491 860 856
4 3468 1516 1517 877
4 4008 3895 3865 3770
4 1491 1490 861 860
4 1491 1490 860 856
4 3922 1376 1349 1346
4 3677 3583 3489 3488
4 4051 1359 3449 1336
4 3563 3413 3412 3171
4 1495 1494 860 856
4 1493 766 767 152
4 1494 765 766 131
4 1493 767 913 152
4 1494 766 1493 152
4 1496 1492 1491 857
4 1495 860 1490 856
4 4061 3685 1349 1346
4 3766 3738 3715 3709
4 3922 1342 3685 1341
4 1584 933 943 922
4 1584 1570 1571 933
4 3629 758 759 554
4 3711 1369 1342 1341
4 4068 4037 4035 3493
4 1683 1005 1667 982
4 3989 3882 3899 3879
4 3493 635 589 503
4 1467 1436 1440 1368
4 3670 3577 3569 3528
4 3630 1180 1182 1179
4 4203 4150 4166 3493
4 3795 621 594 593
4 3550 1387 1413 1386
4 1423 969 1422 968
4 3570 393 3478 392
4 3550 1396 1399 1390
4 1423 911 1031 910
4 1423 1037 1019 968
4 4266 4250 4263 3493
4 1440 1355 1368 1354
4 3711 1363 1340 1339
4 4267 4235 4259 3493
4 3550 859 853 852
4 1450 1423 1396 910
4 1484 1032 1031 1030
4 4119 3999 3780 3696
4 3606 3602 3513 3500
4 1451 1450 1423 1031
4 4048 3724 3846 3720
4 1465 1463 1421 1395
4 3540 899 892 891
4 3550 1078 1077 852
4 4271 1579 4266 1575
4 3468 907 850 157
4 3550 1384 1410 1383
4 3468 1131 1132 158
4 3685 1380 1382 1353
4 3550 1414 1413 1387
4 3550 1384 1383 910
4 4271 4268 4249 845
4 3613 855 862 851
4 3561 3130 3129 2951
4 3550 1416 1414 1388
4 1440 1354 1368 1350
4 1425 1422 896 875
4 3472 1423 896 891
4 1450 1403 1404 910
4 3523 2471 2508 2470
4 1464 1437 1394 1389
4 1674 1673 1666 1484
4 4204 3980 3946 3905
4 4265 3493 823 822
4 3550 1301 1325 1298
4 3550 1300 1298 910
4 3467 1324 1296 1293
4 3550 1413 1412 1386
4 4261 4254 4257 848
4 3550 1383 1302 910
4 4268 1578 1569 846
4 3550 1411 1410 1384
4 3550 1385 1411 1384
4 4266 1579 845 844
4 3613 3553 855 851
4 4195 4151 4157 3493
4 3553 3474 882 878
4 3550 1388 1414 1387
4 3550 1386 1412 1385
4 3550 858 859 852
4 3540 1423 3472 892
4 3672 3448 1335 1334
4 3550 1399 1416 1390
4 3613 3553 862 855
4 3685 1379 1352 1351
4 3445 1478 1451 1450
4 3444 1422 1450 911
4 4269 4252 3493 820
4 1450 1396 1397 910
4 3863 2611 2610 2557
4 3850 1340 609 604
4 3744 1126 1121 796
4 4204 4180 3931 3905
4 3947 3603 3594 3548
4 3577 3570 3569 3528
4 1483 1451 1478 1423
4 3685 1382 1355 1353
4 3465 3463 1588 926
4 1698 1675 1668 1484
4 1463 1419 1418 1392
4 3685 1378 1379 1351
4 4058 3892 3915 3876
4 4147 4091 4001 3616
4 3478 157 850 154
4 3468 158 1132 157
4 3478 788 153 152
4 1423 967 1422 892
4 1423 1387 1388 910
4 1423 1388 1387 1031
4 1423 967 892 869
4 1423 968 967 869
4 1423 1386 1387 910
4 1423 1387 1386 1031
4 3560 890 3473 868
4 3472 1184 895 872
4 3472 1423 1537 872
4 1423 1384 1385 910
4 1423 1385 1384 1031
4 3443 1661 1654 1653
4 1423 1019 969 968
4 1597 1423 969 963
4 3641 3434 1423 1044
4 1423 1388 1390 910
4 1423 1390 1388 1031
4 1499 930 931 920
4 1423 1390 1396 910
4 1450 1396 1423 1390
4 3540 1037 1423 869
4 1487 1417 1459 1391
4 3468 392 1130 391
4 3656 3541 3589 1512
4 1426 1035 1424 974
4 3541 1509 1039 962
4 1674 1666 1667 1484
4 1463 1436 1347 1344
4 1427 1035 1426 974
4 1426 1424 976 975
4 1426 1424 1035 1033
4 3589 1600 1601 1022
4 1600 1022 1599 1020
4 3570 840 395 394
4 1425 912 893 891
4 1425 967 912 891
4 1425 1422 967 891
4 1505 1425 912 893
4 1505 896 1425 893
4 1425 967 968 912
4 1425 1422 968 967
4 1425 968 969 912
4 1425 969 1422 912
4 1425 1422 969 968
4 1427 1426 975 974
4 1426 1033 1031 1025
4 1426 1031 1424 1025
4 1426 1424 1033 1025
4 1426 1424 977 976
4 1427 1033 1035 1031
4 3432 1272 1702 1031
4 1427 1426 1033 1031
4 1427 1426 1035 1033
4 1649 1484 1428 1031
4 3121 3032 2944 2943
4 1427 1426 976 975
4 1428 1427 975 974
4 1651 1030 1031 976
4 1427 1426 977 976
4 1428 1427 976 975
4 1650 1484 1649 1031
4 1684 1642 1648 1050
4 3656 1038 1511 1020
4 1428 1031 1035 974
4 1621 977 1424 976
4 1428 1035 1427 974
4 1428 1427 1035 1031
4 1649 1031 1428 974
4 1428 1427 977 976
4 1649 1428 976 975
4 1428 1427 978 977
4 1608 1602 1424 970
4 1650 976 1031 975
4 3432 1484 1697 1031
4 3871 3862 3604 3562
4 3560 900 893 890
4 4267 4253 4235 3493
4 4266 3493 844 832
4 1474 1447 1446 1441
4 3709 850 907 843
4 3493 1341 1342 607
4 1478 1451 1450 1423
4 1451 1426 1427 1031
4 3641 1037 1043 1019
4 3463 1191 1530 947
4 1462 1456 1459 1406
4 1446 1368 1349 1346
4 3539 3473 936 910
4 3607 3521 3532 3486
4 1684 1648 1647 1050
4 3462 1633 1684 1632
4 2119 2051 2052 2005
4 3566 3418 3055 3048
4 3839 3469 3481 3466
4 1583 933 934 927
4 1446 1368 1351 1349
4 1446 1368 1352 1351
4 1654 1484 1653 1031
4 1453 1435 1408 1405
4 2893 2764 2763 2759
4 1451 1424 1426 1031
4 3443 1651 1657 1030
4 1473 1468 1441 1440
4 1446 1368 1440 1353
4 1474 1447 1444 1442
4 3798 2783 2784 2038
4 1475 1472 1473 1445
4 1453 1408 1452 1405
4 3472 902 903 895
4 3980 3946 3931 3493
4 3444 1505 1425 912
4 3567 1189 3527 1177
4 3472 3434 1537 1423
4 1463 1419 1393 1344
4 2931 2928 2930 2924
4 3517 2222 2223 2198
4 3444 1559 1560 920
4 3655 866 864 853
4 1527 940 931 926
4 3540 1423 892 869
4 1536 875 950 874
4 3465 1527 941 932
4 3444 918 929 917
4 1462 1433 1461 1406
4 3570 396 3569 395
4 3465 933 934 926
4 1459 1417 1433 1391
4 1459 1433 1406 1391
4 1459 1406 1456 1391
4 1462 1457 1458 1406
4 1461 1452 1457 1405
4 1487 1456 1460 1391
4 1487 1464 1415 1389
4 3545 3455 2595 2566
4 3763 3454 2599 2598
4 3493 1367 1345 1343
4 3465 953 954 935
4 1465 1437 1438 1394
4 1487 1417 1391 1389
4 1465 1436 1463 1395
4 1464 1394 1420 1389
4 1487 1459 1456 1391
4 1487 1460 1437 1389
4 1487 1391 1460 1389
4 3920 3821 3838 3664
4 3740 2225 3631 1982
4 3909 3548 3594 3475
4 3939 3921 3820 3767
4 3502 2563 3461 2562
4 1474 1444 1471 1442
4 1473 1441 1446 1440
4 3461 3459 1834 1828
4 1698 1668 1697 1484
4 3502 2561 2560 1832
4 1474 1471 1469 1442
4 1471 1443 1444 1439
4 1471 1470 1443 1439
4 1474 1446 1473 1441
4 1474 1466 1471 1439
4 1471 1466 1470 1439
4 3626 1944 1752 1748
4 1954 1951 1953 1949
4 3653 3627 3608 763
4 1473 1440 1446 1368
4 1473 1467 1440 1368
4 1474 1444 1447 1439
4 1474 1471 1444 1439
4 1474 1447 1441 1439
4 1474 1441 1468 1439
4 1475 1473 1474 1446
4 1475 1447 1448 1446
4 1475 1474 1447 1446
4 1475 1446 1448 1445
4 1475 1473 1446 1445
4 3444 1508 1565 1503
4 3444 1478 1423 1422
4 1595 1584 1501 922
4 3764 3636 1257 1181
4 3444 1423 1450 1422
4 3444 1480 1481 1425
4 1590 1501 1502 921
4 3444 925 1498 924
4 1498 917 930 873
4 3444 1425 1422 912
4 1505 915 1504 873
4 3444 1476 1477 910
4 3444 915 1505 914
4 3444 914 1505 912
4 3444 1481 1482 1422
4 3444 1482 1478 1422
4 3444 912 1422 911
4 3443 1428 1484 1427
4 1685 1644 1642 1051
4 1683 1051 1005 1004
4 1666 1484 1665 1031
4 1664 1484 1663 1031
4 1663 1484 1662 1031
4 1484 1428 1451 1427
4 3593 1650 3443 1649
4 3932 3685 1343 1342
4 3586 3554 555 554
4 1597 1423 1019 969
4 3769 3657 1796 1751
4 3432 1699 1700 1248
4 1597 1022 1596 1020
4 3443 1658 1659 1030
4 1678 982 1664 981
4 1597 1019 1020 969
4 1651 1484 1650 1031
4 3593 1655 1656 1649
4 3593 1649 3443 1428
4 1611 1424 1610 1012
4 1670 1669 1662 1484
4 3443 1649 1484 1428
4 3656 1511 3589 1022
4 1601 1596 1022 1020
4 1497 860 1306 127
4 1493 913 861 860
4 3595 3328 3311 3308
4 3593 1483 1486 1424
4 1494 1493 883 152
4 1494 1493 860 856
4 1491 906 908 857
4 1491 1490 906 857
4 3832 3642 3594 3590
4 3613 858 3550 852
4 3731 3693 839 838
4 3731 909 904 838
4 3856 3762 3797 3439
4 3962 3874 3956 3816
4 3593 1486 1426 1424
4 3738 3645 3715 839
4 1497 1288 553 552
4 3992 3885 3856 3778
4 3646 1287 556 555
4 3850 3690 1340 1339
4 1493 861 913 857
4 3673 3554 576 554
4 3638 1829 2555 370
4 1493 913 906 857
4 3563 3171 3412 3135
4 4126 626 603 600
4 3969 3579 3533 1330
4 3629 1287 1330 556
4 1495 861 1494 857
4 3753 3693 3731 3645
4 1494 766 152 131
4 3609 842 397 396
4 1494 152 883 131
4 1494 1493 861 860
4 1494 861 1493 857
4 1495 1494 861 860
4 3600 3503 307 256
4 1495 1490 861 857
4 3529 3485 3486 3442
4 3888 3822 3814 3784
4 3723 2252 2041 2040
4 1495 1494 1493 857
4 3614 457 111 107
4 1495 906 1490 857
4 1495 1493 906 857
4 3653 1491 1492 762
4 4082 3488 4074 3436
4 3555 3455 2573 1205
4 4003 3918 3903 3846
4 1497 1289 554 553
4 3563 3414 3171 3135
4 3884 1334 3435 1332
4 4019 4008 3955 3895
4 1497 1306 1283 552
4 1497 555 759 554
4 3564 3415 3324 3116
4 1497 554 759 553
4 3923 3868 3668 3665
4 1497 1283 1288 552
4 3610 3407 3287 2918
4 1497 1286 555 554
4 3592 2224 2160 1982
4 3592 2160 2159 1981
4 3592 3431 2224 1981
4 3449 1362 1339 1338
4 3522 2468 3193 2251
4 3592 2224 3430 2160
4 3659 764 3608 763
4 4008 3486 3487 3441
4 3551 3533 1308 1288
4 1498 930 951 925
4 1498 924 945 917
4 1498 945 931 917
4 1498 931 951 930
4 1498 871 916 870
4 1498 916 917 870
4 1498 917 871 870
4 1498 951 945 924
4 1498 945 951 931
4 1590 1589 1501 921
4 1499 914 910 870
4 3444 1591 1506 1502
4 1570 930 931 922
4 1500 932 1499 931
4 1500 922 921 870
4 1500 1499 922 870
4 1500 931 930 921
4 1500 931 1499 930
4 1500 921 871 870
4 1500 871 1499 870
4 1500 921 930 873
4 1500 930 1499 873
4 1500 921 873 871
4 1500 873 1499 871
4 1584 951 1501 945
4 1501 927 950 872
4 1595 1501 1589 922
4 3444 923 924 917
4 3764 3730 3630 1588
4 1537 1423 1501 872
4 1505 875 1504 872
4 1502 1501 951 945
4 1506 1502 1501 872
4 1502 1501 944 921
4 1503 945 929 919
4 1502 875 1501 872
4 1503 945 951 929
4 1502 951 1501 874
4 1506 944 1500 921
4 1502 1501 875 874
4 1503 929 875 872
4 1506 1502 945 944
4 1503 929 951 874
4 1506 1501 923 872
4 1503 875 929 874
4 1506 1502 944 921
4 3444 1505 1504 1480
4 1505 1504 875 874
4 1505 1425 875 872
4 1505 1422 1425 872
4 1505 875 1425 874
4 1505 1425 896 874
4 1505 923 1501 872
4 1505 1501 1423 872
4 1505 924 923 872
4 1505 1504 924 872
4 1506 923 1503 872
4 1506 875 1502 872
4 1507 1506 945 944
4 1506 1502 951 945
4 1507 1499 1500 944
4 1506 1502 875 874
4 1508 920 945 919
4 1506 951 1502 874
4 1507 1500 1506 944
4 1508 944 945 920
4 1507 1506 951 945
4 1508 1506 1503 872
4 1507 951 1506 874
4 1508 1507 1506 872
4 1507 1506 875 874
4 1508 1507 945 944
4 1507 875 1506 872
4 1508 945 1503 919
4 1508 951 1503 945
4 1508 1507 951 945
4 1508 1503 875 872
4 1508 875 1507 872
4 1508 1503 951 874
4 1508 951 1507 874
4 1508 875 1503 874
4 1508 1507 875 874
4 1684 1640 1639 1050
4 3462 1041 987 986
4 3541 1040 983 960
4 3541 1047 1040 1039
4 3656 3589 1510 1509
4 3541 1018 1016 960
4 1607 973 1424 965
4 1604 1424 1603 972
4 1598 1424 1423 963
4 1611 1015 1424 1012
4 1607 1424 1606 965
4 1608 1424 1607 970
4 1614 1424 1613 1023
4 1621 1426 1424 977
4 3541 3462 1623 1622
4 3541 1049 3462 1042
4 3114 3032 2942 2941
4 3541 1041 3462 985
4 3589 3541 1538 1515
4 3541 3462 1622 1538
4 1607 1424 973 970
4 3462 986 1515 985
4 3462 1626 1625 991
4 3462 1054 1238 1053
4 3541 3462 1624 1623
4 3541 985 3462 984
4 3462 1053 1185 994
4 1673 1665 1666 1484
4 3541 1016 1512 960
4 3589 3541 1514 1513
4 3074 2937 3003 2936
4 3462 1634 1633 1002
4 1678 1666 1665 982
4 3462 987 1538 986
4 3462 1041 1042 988
4 3656 1512 3589 1509
4 3468 886 907 877
4 3493 1473 530 503
4 3468 1517 1518 883
4 3478 392 3468 391
4 3493 1446 1473 503
4 3642 3603 3590 3577
4 3449 1336 3446 1335
4 3527 1231 1177 1176
4 3567 1192 1193 1177
4 1595 1581 1582 1570
4 3465 932 933 926
4 3630 1181 1182 1180
4 3463 944 950 943
4 3527 3465 1528 1172
4 3463 949 956 943
4 3463 950 949 943
4 1590 1577 1589 921
4 3567 1534 1193 1192
4 3567 3527 1178 1177
4 3444 1479 1550 912
4 3567 1182 1192 1178
4 3527 1528 1532 1172
4 3465 1189 1190 1176
4 1541 951 950 945
4 1540 945 950 944
4 1540 950 1539 944
4 3540 896 903 891
4 3462 994 1628 993
4 1541 950 1540 945
4 1542 950 1541 874
4 1584 943 933 928
4 3984 3754 3794 3529
4 3614 113 114 107
4 3478 3468 850 157
4 4087 3720 3868 3665
4 3564 3120 3119 3116
4 4043 3780 3996 3577
4 3673 555 3554 554
4 3985 3903 3484 3437
4 3493 1343 1446 503
4 3544 3532 3488 3487
4 3685 1380 1353 1352
4 4050 4038 3919 3857
4 4185 4018 1343 1342
4 3562 1121 1126 796
4 4261 848 4257 847
4 3586 575 3554 553
4 3945 3449 3446 1335
4 3985 3984 3868 3794
4 4060 3698 3995 3696
4 4138 4135 4084 4036
4 3583 3544 3489 3488
4 3723 3637 2774 2773
4 4023 3862 3871 3696
4 3583 1334 3489 603
4 3780 3706 3744 3577
4 3987 3905 3946 3493
4 3832 3814 3784 3642
4 3643 3457 3455 3451
4 4271 4268 1579 1578
4 3444 1558 1559 919
4 1589 1577 1580 921
4 3444 1504 1505 915
4 3444 1551 915 914
4 3444 1550 1551 914
4 4031 3923 3984 3865
4 4030 3795 618 591
4 3583 3435 1334 603
4 3729 3633 1338 1337
4 4122 4066 3942 3854
4 4051 1358 1359 1335
4 3618 1493 1494 766
4 3559 3287 2963 2962
4 3729 3633 1337 1336
4 3903 3482 3483 3439
4 1570 931 932 922
4 3444 1502 1506 921
4 3444 1562 1563 924
4 3444 1551 1554 915
4 3540 903 898 891
4 3444 1508 1503 919
4 3586 3554 554 553
4 3444 1562 924 923
4 1584 944 943 928
4 3444 1568 1562 923
4 3728 3686 3681 829
4 1595 1570 1584 922
4 1571 933 1570 932
4 3444 924 1498 917
4 3444 1503 1566 929
4 3434 1597 1423 1044
4 3540 892 3472 891
4 3444 1576 1500 1499
4 3444 929 923 917
4 3444 1557 918 917
4 3444 1561 1565 1507
4 3444 1500 1576 921
4 3444 929 1567 923
4 3444 1503 929 919
4 3463 1529 1530 1190
4 2665 892 2664 891
4 3444 1563 925 924
4 3444 1498 925 916
4 1595 1581 1570 922
4 3527 3463 3465 1189
4 1595 1589 1580 922
4 1583 933 932 926
4 3444 1555 1498 916
4 3444 1498 1555 917
4 3444 1555 1556 917
4 3652 2630 2631 2577
4 3444 1554 1555 916
4 3444 1504 1564 1480
4 3444 1563 1564 925
4 3444 916 925 915
4 3444 1554 916 915
4 3444 1564 1504 925
4 3444 925 1504 915
4 3444 1507 1508 920
4 3444 920 1508 919
4 3444 1560 1499 920
4 3444 1560 1576 1499
4 3465 1171 3463 946
4 1592 1586 1588 926
4 3444 919 929 918
4 3444 1558 919 918
4 3444 1565 1566 1503
4 3586 3554 598 556
4 3636 3567 3527 1182
4 1571 931 1570 930
4 1570 930 922 873
4 1570 873 922 871
4 1571 1570 936 870
4 1570 910 936 870
4 1570 1499 910 870
4 1584 951 945 928
4 1584 943 1501 922
4 1583 1571 933 928
4 1571 930 1570 873
4 1583 932 1571 931
4 1571 871 1570 870
4 1583 932 931 926
4 1571 873 1570 871
4 3965 3850 3493 609
4 3610 3407 3559 3287
4 3599 3511 3531 829
4 3445 1483 1485 1451
4 4027 3937 3886 3877
4 3435 1334 603 597
4 3945 1335 3446 1334
4 3579 1307 3533 1288
4 3532 3488 3487 3440
4 4103 4020 4047 3493
4 3667 3482 3439 3438
4 3593 1489 1428 1427
4 3570 3478 793 392
4 4091 3667 3807 3616
4 3646 556 3629 555
4 1589 1580 922 921
4 1584 1570 933 922
4 3444 1506 1507 1500
4 3444 1576 1577 921
4 3463 949 950 948
4 3463 956 949 948
4 3527 1177 1189 1176
4 1592 950 927 926
4 3444 1590 1591 1502
4 3444 1577 1590 921
4 3444 1590 1502 921
4 3672 3583 3448 1334
4 3449 1361 1338 1337
4 3593 1489 1655 1428
4 3668 3665 3618 765
4 3608 1490 1491 763
4 1583 931 930 926
4 1583 931 1571 930
4 1583 926 930 873
4 1583 930 1571 873
4 1583 926 873 871
4 1583 873 1571 871
4 1583 926 871 870
4 1583 871 1571 870
4 1583 1571 926 870
4 3734 2949 2744 2690
4 1584 951 928 874
4 1584 1501 951 874
4 1584 928 875 874
4 1584 875 1501 874
4 1584 875 928 872
4 1584 928 1501 872
4 1584 1501 875 872
4 3764 3636 3630 1202
4 1586 1582 1571 928
4 1586 1571 1583 928
4 3463 1171 1191 946
4 3463 947 948 946
4 3567 1529 3463 1190
4 3636 1587 1533 1182
4 3630 1182 3527 1179
4 3630 1202 1181 1180
4 3636 3567 1592 1588
4 3465 941 942 933
4 3463 1530 1191 1190
4 3465 1229 1171 946
4 3465 1172 1190 1171
4 3472 1237 1184 1183
4 3444 1561 1507 1506
4 3444 1591 1561 1506
4 1594 1582 1586 928
4 1595 1580 1581 922
4 1593 927 1586 926
4 1593 1586 1592 926
4 1593 1592 927 926
4 1594 928 1586 927
4 1594 1586 1593 927
4 1595 1582 1571 1570
4 1595 1571 1584 1570
4 1595 1571 1582 928
4 1595 1584 1571 928
4 1683 1051 1052 1005
4 1649 975 1031 974
4 1605 1424 1598 963
4 1604 1010 1424 972
4 1610 1012 1424 1011
4 1601 1022 1600 1020
4 3589 1601 1596 1022
4 1599 959 1038 958
4 1599 1038 1511 958
4 1600 966 1020 959
4 1600 1020 1599 959
4 1601 1596 1020 967
4 1601 967 1020 966
4 1601 1020 1600 966
4 1606 965 1424 964
4 1606 1424 1605 964
4 1610 1424 1609 1011
4 1617 1424 1035 974
4 1615 1424 1614 1024
4 1615 1025 1424 1024
4 1619 975 1424 974
4 1612 1017 1424 1015
4 1612 1424 1611 1015
4 1613 1023 1424 1017
4 1613 1424 1612 1017
4 1614 1024 1424 1023
4 1616 1033 1424 1025
4 1616 1424 1615 1025
4 1617 1035 1424 1033
4 1617 1424 1616 1033
4 1649 1428 975 974
4 1619 1424 1618 974
4 1618 1424 1617 974
4 1621 1424 1620 976
4 1620 976 1424 975
4 1620 1424 1619 975
4 1621 1427 1426 977
4 1697 1060 1062 1031
4 3462 1622 1538 987
4 1684 1641 1640 1050
4 3032 2938 3004 2937
4 3462 1042 989 988
4 3462 1623 1622 988
4 3432 1692 1243 1062
4 3462 1238 1239 1185
4 3462 1238 1185 1053
4 3462 1185 999 995
4 3032 3004 3003 2937
4 3462 991 1625 990
4 3462 1240 1194 1188
4 3462 1054 1053 1042
4 3462 1053 993 992
4 3462 1632 1684 1631
4 3462 995 1629 994
4 3462 1632 1631 1000
4 3462 992 1626 991
4 3121 3115 3032 2943
4 3115 3032 2943 2942
4 3462 1042 1053 992
4 3462 1629 1628 994
4 3462 1053 994 993
4 3462 1628 1627 993
4 3462 1625 1624 990
4 3462 1042 991 990
4 3462 1631 1630 999
4 3462 1185 1000 999
4 3462 1239 1188 1185
4 3462 1188 1002 1001
4 3462 1000 1631 999
4 3462 999 1630 995
4 3462 1630 1629 995
4 3462 1634 1684 1633
4 3462 1188 1001 1000
4 1652 1651 1650 979
4 1644 1642 1051 1050
4 3462 1188 1014 1013
4 3462 1684 1638 1050
4 1643 1428 1427 978
4 1679 1644 1051 1050
4 1635 1050 1028 1027
4 3462 1042 990 989
4 1636 1050 1029 1028
4 1636 1635 1050 1028
4 1637 1050 1034 1029
4 1637 1636 1050 1029
4 1684 1645 1637 1050
4 3462 989 1623 988
4 3462 1638 1634 1013
4 1639 1050 1021 1014
4 1639 1638 1050 1014
4 1684 1646 1645 1050
4 1640 1050 1026 1021
4 1640 1639 1050 1021
4 1641 1050 1635 1027
4 1641 1050 1027 1026
4 1641 1640 1050 1026
4 1642 1050 1006 998
4 1643 978 1427 977
4 1643 1427 1621 977
4 1683 1667 1678 982
4 1683 1668 1667 1005
4 1680 1679 1051 1050
4 1644 1050 1007 1006
4 1644 1642 1050 1006
4 1645 1050 1036 1034
4 1645 1637 1050 1034
4 3589 1596 1597 1022
4 1647 1050 997 996
4 1647 1646 1050 996
4 1646 1645 1050 996
4 1684 1637 1636 1050
4 1648 1050 1642 998
4 1648 1050 998 997
4 1648 1647 1050 997
4 3443 1653 1654 1484
4 1649 1428 977 976
4 1650 1649 976 975
4 1650 1031 1649 975
4 1649 1428 978 977
4 1651 1031 1650 976
4 1649 1428 1643 978
4 3443 1653 1484 1032
4 1650 1649 977 976
4 1650 1649 978 977
4 1651 977 1030 976
4 3443 1032 1484 1030
4 1651 1650 977 976
4 1650 1649 979 978
4 1652 1030 1651 979
4 1651 978 1030 977
4 1651 1650 978 977
4 1683 1682 1051 1004
4 1651 979 1030 978
4 1651 1650 979 978
4 1652 1650 1649 979
4 1652 979 1649 978
4 1652 1649 1643 978
4 1682 1051 1004 1003
4 1653 1032 980 979
4 1653 1031 1032 978
4 1653 1032 979 978
4 3432 1062 1697 1060
4 1654 1653 980 979
4 1654 979 1031 978
4 1654 1031 1653 978
4 1654 1653 979 978
4 3443 1659 1660 1032
4 3443 1649 1650 1484
4 3443 1657 1658 1030
4 1676 1030 1652 979
4 3443 1654 1661 1484
4 3443 1484 1651 1030
4 1669 1654 1662 1484
4 4023 3871 3803 3696
4 2951 2762 2698 2692
4 1671 1663 1664 1484
4 1669 1661 1654 1484
4 1671 1670 1663 1484
4 1961 1939 1956 1938
4 1672 1671 1664 1484
4 3432 1245 1697 1244
4 1670 1662 1663 1484
4 1677 1664 1663 981
4 1684 1647 1646 1050
4 1672 1664 1665 1484
4 1697 1031 1004 1003
4 3589 1512 3541 1016
4 1662 1654 981 980
4 1680 1009 1050 1003
4 1662 1031 1654 979
4 1662 1654 980 979
4 1663 1662 981 980
4 1663 980 1031 979
4 1663 1031 1662 979
4 1663 1662 980 979
4 1697 1689 1057 1056
4 1664 1031 1663 980
4 1664 1663 981 980
4 1697 1687 1055 1052
4 1665 1664 982 981
4 1665 981 1031 980
4 1665 1031 1664 980
4 1665 1664 981 980
4 1668 1005 1031 982
4 1678 1667 1666 982
4 1666 982 1031 981
4 1666 1031 1665 981
4 1666 1665 982 981
4 1680 1679 1052 1051
4 1682 1681 1051 1003
4 1697 1688 1056 1055
4 1667 1031 1666 982
4 1668 1031 1667 982
4 1668 1667 1005 982
4 1697 1052 1055 1004
4 1697 1688 1689 1056
4 1697 1687 1688 1055
4 1680 1050 1009 1008
4 1697 1031 1005 1004
4 3432 1061 1063 1060
4 1697 1059 1031 1003
4 1697 1683 1052 1005
4 3432 1695 1246 1245
4 1697 1004 1056 1003
4 3115 3114 3032 2942
4 1685 1642 1684 1050
4 1685 1051 1642 1050
4 1684 1636 1635 1050
4 1677 1663 1662 981
4 1677 981 1654 980
4 1677 1654 1676 980
4 1677 1662 1654 981
4 1681 1680 1052 1051
4 1682 1681 1052 1051
4 1680 1679 1050 1008
4 1679 1050 1008 1007
4 1679 1644 1050 1007
4 3074 3032 3003 2937
4 1683 1682 1052 1051
4 1697 1057 1058 1003
4 1681 1050 1051 1003
4 1681 1680 1050 1003
4 1681 1680 1051 1050
4 1686 1680 1679 1052
4 1686 1052 1679 1051
4 1686 1679 1685 1051
4 1697 1244 1245 1031
4 1697 1055 1056 1004
4 1697 1056 1057 1003
4 1697 1005 1052 1004
4 3656 1045 1046 1038
4 3432 1063 1062 1060
4 1697 1059 1060 1031
4 1697 1062 1243 1031
4 3432 1694 1245 1244
4 3589 3541 1018 1016
4 3432 1696 1247 1246
4 3432 1696 1699 1247
4 1697 1680 1686 1052
4 1697 1681 1680 1052
4 3432 1702 1272 1271
4 3432 1247 1248 1031
4 3432 1698 1697 1484
4 3432 1700 1701 1249
4 1710 214 213 64
4 1710 212 214 83
4 1710 212 217 64
4 1710 217 216 64
4 1710 213 212 64
4 1710 213 214 212
4 1775 1721 1722 77
4 2269 2262 1945 1933
4 1712 43 241 42
4 1712 241 1705 42
4 3508 1841 1879 1825
4 1762 1709 1710 241
4 3491 747 748 76
4 2216 2214 2213 2192
4 1723 104 133 98
4 1723 253 254 252
4 1722 98 97 25
4 1722 104 98 24
4 1723 136 230 133
4 1723 252 254 245
4 1761 1703 1756 241
4 1723 133 104 24
4 1722 97 94 25
4 1723 104 1722 24
4 1723 357 136 133
4 1724 253 1723 252
4 1723 251 252 245
4 1723 227 230 136
4 1725 254 1724 253
4 3605 105 98 97
4 1723 229 230 227
4 1723 228 229 227
4 1724 252 1723 251
4 1723 133 24 23
4 1723 357 133 23
4 1723 225 227 136
4 1724 251 1723 245
4 1723 226 227 225
4 1727 255 1726 254
4 1809 1728 349 255
4 1724 230 1723 229
4 1725 253 1724 252
4 1724 229 1723 228
4 1724 245 1723 230
4 1724 357 351 136
4 1724 1723 357 136
4 1724 228 1723 227
4 1724 227 1723 226
4 1724 351 225 136
4 1724 225 1723 136
4 1724 351 226 225
4 1724 226 1723 225
4 1725 252 1724 251
4 1726 254 1725 253
4 1725 251 1724 245
4 1725 351 346 227
4 1725 230 1724 229
4 1725 346 229 228
4 1725 229 1724 228
4 1725 245 1724 230
4 1725 346 228 227
4 1725 228 1724 227
4 1725 351 227 226
4 1725 227 1724 226
4 1725 1724 351 226
4 1726 253 1725 252
4 1726 346 345 229
4 1726 1725 346 229
4 3635 3582 3573 2926
4 1726 252 1725 251
4 1726 345 251 245
4 1726 251 1725 245
4 1726 345 230 229
4 1726 230 1725 229
4 1726 345 245 230
4 1726 245 1725 230
4 1727 344 254 253
4 1727 254 1726 253
4 1727 345 344 251
4 1727 1726 345 251
4 1727 344 253 252
4 1727 253 1726 252
4 1727 344 252 251
4 1727 252 1726 251
4 3510 1732 1786 1731
4 1728 349 255 254
4 1728 255 1727 254
4 1728 344 349 254
4 1728 1727 344 254
4 3510 2128 1915 221
4 1981 1978 1979 1915
4 3510 1706 221 35
4 1984 1968 1982 1746
4 3507 241 294 221
4 2147 2134 2135 1969
4 3428 2130 2183 2129
4 3635 2930 2882 2880
4 3510 2128 1735 1734
4 3510 241 3507 221
4 2216 2186 2185 1915
4 1781 1727 1728 255
4 1953 1949 1951 1946
4 3498 456 460 159
4 3510 1730 1783 1706
4 3723 2085 2032 2031
4 1772 1719 1716 75
4 3626 1801 1800 1747
4 3502 2559 1834 1833
4 3461 2633 2618 2565
4 1981 1973 1978 1915
4 3428 2184 2144 2140
4 2004 1965 1964 1946
4 1915 667 504 0
4 1984 1916 1917 1799
4 1984 1983 1917 1747
4 1989 1955 1956 1951
4 3498 167 178 166
4 3661 3530 3565 2307
4 1945 1924 1920 1919
4 3510 1707 241 221
4 3498 515 516 455
4 3428 2189 2188 2132
4 1961 1949 1956 1948
4 3657 1961 1956 1938
4 1862 1781 1728 255
4 2129 1969 1968 1915
4 3575 3309 3406 3287
4 3612 2932 2931 2930
4 1955 1947 1954 1940
4 3498 479 506 453
4 3769 1905 1904 1851
4 1862 1728 1809 255
4 3657 1945 1751 1750
4 1989 1956 1961 1951
4 2145 1968 1743 1742
4 2439 2387 2438 2372
4 3898 1840 3509 1839
4 1954 1949 1953 1948
4 2143 1968 1742 1741
4 1954 1939 1946 1938
4 3629 759 555 554
4 1984 1799 1798 1746
4 2393 2365 2366 2358
4 1985 1984 1944 1917
4 2256 2253 1945 1939
4 3769 1906 1905 1852
4 1756 1703 1704 241
4 1968 1915 1741 1740
4 1968 1798 1797 1745
4 1968 1740 1794 1739
4 3723 2084 2085 2031
4 1961 1948 1956 1947
4 1990 1954 1989 1953
4 1968 1915 1743 1742
4 2252 2044 2073 2043
4 3659 3608 3627 763
4 3519 453 663 78
4 3428 2184 2197 2144
4 2303 1947 2257 1940
4 2172 2171 2170 1925
4 3510 1760 1708 1707
4 3510 1915 2128 1734
4 1758 1756 1704 241
4 1772 1764 1719 75
4 3819 3703 3769 3626
4 1758 1704 1705 241
4 3508 1847 1846 1819
4 3510 1784 1759 1706
4 1780 1779 1726 255
4 3510 1708 1760 1703
4 3498 813 179 178
4 1766 1712 1713 241
4 1766 1765 1712 241
4 1763 1710 1711 75
4 1763 1762 1710 75
4 3491 746 747 76
4 1771 1717 1718 77
4 1764 1757 1719 75
4 1764 1711 1757 75
4 1764 1763 1711 75
4 1765 1705 1712 241
4 1765 1758 1705 241
4 1772 1716 1769 75
4 1767 1713 1714 241
4 1767 1766 1713 241
4 1768 1714 1715 241
4 1768 1767 1714 241
4 2142 1768 1709 241
4 1780 1726 1727 255
4 3986 3926 3938 3851
4 1770 1717 77 75
4 1770 1716 1717 75
4 1770 1769 1716 75
4 1771 1770 1717 77
4 3510 1703 1761 241
4 1779 1725 1726 255
4 1775 1774 1721 77
4 3898 3819 3509 3506
4 1774 1720 1721 77
4 1773 1718 1720 77
4 1773 1771 1718 77
4 1774 1773 1720 77
4 1776 1722 1723 77
4 1776 1775 1722 77
4 1985 1944 1748 1747
4 1777 1723 1724 255
4 1777 1776 1723 255
4 1779 1778 1725 255
4 1778 1724 1725 255
4 1778 1777 1724 255
4 1968 1915 1744 1743
4 3628 3543 3600 833
4 3510 1786 1785 1731
4 3510 1787 1786 1732
4 3510 1759 1707 1706
4 3673 576 758 554
4 1968 1745 1797 1744
4 3657 3530 3565 1936
4 2131 1969 2130 1915
4 3510 1915 1731 1729
4 3769 1842 3508 1841
4 3294 3286 3298 3287
4 1945 1936 1924 1918
4 2252 2251 2044 2043
4 1809 349 348 255
4 3502 1831 1886 1824
4 1982 1968 1915 1744
4 1984 1944 1917 1916
4 3819 1808 1755 1749
4 3657 1956 1961 1945
4 2353 2352 2331 2330
4 1945 1933 1929 1928
4 1956 1939 1955 1938
4 2019 2018 2005 1965
4 3518 2344 3429 1987
4 3769 2022 2023 1850
4 3508 1895 1879 1841
4 2232 2224 2223 2216
4 3926 3798 2583 2582
4 3644 3555 3536 1592
4 3683 2391 2390 2382
4 3997 3900 3911 3695
4 2004 1992 1993 1962
4 1944 1753 1936 1752
4 1810 348 347 255
4 3553 879 884 855
4 2367 2317 2316 2261
4 2474 2473 2119 2070
4 2127 2113 2112 2058
4 3657 3565 1938 1935
4 1984 1800 1983 1747
4 2260 1945 1932 1931
4 2358 2252 2094 2041
4 1987 1986 1945 1918
4 2216 2211 2210 1915
4 3518 2162 1987 1918
4 2255 2238 2237 1930
4 2128 1915 1737 1736
4 1945 1933 1931 1921
4 1982 1944 1745 1744
4 1973 1969 1970 1915
4 1968 1915 1740 1739
4 2358 2127 2072 2067
4 1961 1949 1948 1947
4 3726 3170 3171 3129
4 2104 2050 2049 2005
4 2178 2169 2177 1923
4 3898 3824 3628 3504
4 3600 833 3574 315
4 3509 3505 1846 1844
4 3504 1837 1816 1814
4 3600 833 3543 829
4 3574 348 349 255
4 3824 3508 1836 1822
4 3509 1836 1890 1835
4 3819 3509 1892 1838
4 3859 3723 2035 2034
4 3600 3574 1815 347
4 3650 3477 3547 2414
4 3508 1817 1870 1816
4 3509 3505 1847 1846
4 3509 1847 3505 1845
4 3504 1837 1817 1816
4 2416 2415 2402 2346
4 3553 3550 879 855
4 3661 2301 2300 1938
4 3477 3424 2414 2347
4 3509 1814 3505 1813
4 1973 1968 1969 1915
4 2020 2005 1967 1966
4 2147 2131 2132 1969
4 1982 1968 1973 1915
4 3898 3824 3819 3703
4 3993 3920 3838 3791
4 3508 1842 1895 1841
4 2170 1924 2166 1920
4 3723 2082 2029 2028
4 3657 1963 1796 1751
4 3510 1782 1783 1729
4 3509 1846 1899 1844
4 3562 1120 424 417
4 3502 2560 1833 1832
4 3657 2081 2028 2027
4 3638 2556 3604 370
4 4087 3985 3984 3923
4 3859 3769 3723 2028
4 3863 1100 1094 1093
4 3604 3562 1094 1067
4 3461 1834 2559 1828
4 3502 1832 1887 1831
4 3859 2029 1854 1853
4 3502 1882 1881 1833
4 3926 3798 2584 2583
4 1982 1745 1968 1744
4 3508 1844 1836 1821
4 3648 3530 3626 2236
4 3657 2024 1963 1938
4 3774 3461 2558 1828
4 3859 3789 3798 3723
4 3702 3628 3565 3530
4 3626 2236 3530 1936
4 3509 1867 1894 1814
4 3098 3097 3134 2765
4 3508 1845 1847 1818
4 3819 3769 1839 1838
4 3798 3723 3637 2774
4 3160 1698 1702 1484
4 3926 2637 2636 2583
4 2468 2275 2274 2073
4 3508 1844 1821 1820
4 3657 2025 2024 1938
4 3508 1821 1874 1820
4 3509 1898 1900 1845
4 3508 1836 1822 1821
4 3574 296 3506 255
4 3717 904 905 837
4 3509 1890 1889 1835
4 1968 1915 1742 1741
4 3522 2258 2468 2251
4 3638 2555 2556 370
4 3769 1852 1905 1851
4 3600 347 1815 256
4 3508 1845 1818 1817
4 3461 2613 2612 2559
4 3502 1885 1884 1824
4 3211 2921 2920 2912
4 3509 1889 1888 1835
4 3798 3637 2791 2790
4 3510 1735 1789 1734
4 2434 2343 2433 1946
4 3551 1314 1315 1286
4 2198 1974 2151 1973
4 3657 3626 3565 3530
4 3673 3629 556 555
4 3638 2249 2248 1830
4 3769 2023 2030 1851
4 3769 1853 1906 1852
4 2254 1945 2253 1939
4 3628 3600 3543 3504
4 3508 1874 1873 1820
4 3508 1871 1870 1817
4 3592 3431 3572 2224
4 2628 2627 2622 1206
4 1956 1947 1955 1940
4 1982 1973 1981 1915
4 3550 3539 910 859
4 1945 1927 1926 1921
4 1982 1915 1944 1744
4 3661 1937 1938 1934
4 3722 3502 3638 3501
4 3657 1945 3626 1936
4 1968 1746 1798 1745
4 2315 2305 2243 1945
4 3798 2782 2789 2585
4 3492 727 667 504
4 3604 3549 3562 1572
4 3502 1833 1881 1832
4 3502 1909 1908 1855
4 3294 3293 3298 3286
4 2449 2448 2045 2044
4 1863 1809 1810 255
4 1863 1862 1809 255
4 3508 1847 1819 1818
4 1868 1815 347 256
4 3508 3504 1847 1845
4 1868 347 401 256
4 3505 1813 1814 1811
4 3509 1847 1900 1846
4 3657 3626 1945 1750
4 4019 3688 3675 3627
4 3508 3504 1817 1816
4 3508 3504 1837 1817
4 3969 3945 1331 1330
4 3617 3552 3170 3142
4 3969 3447 3884 1334
4 3657 2026 2025 1938
4 3798 2781 2584 2583
4 3628 3543 3505 3504
4 3635 2880 2650 2649
4 3509 3504 3505 1844
4 3657 1751 3626 1750
4 3502 2559 3461 1834
4 3638 409 368 367
4 3798 3789 3746 3723
4 3505 1847 3504 1845
4 3509 1845 3505 1837
4 3657 1963 2024 1796
4 3508 1873 1872 1819
4 3819 3626 1755 1754
4 3581 3193 2821 2820
4 3638 408 367 363
4 3581 3522 3252 3246
4 2451 2450 2069 2046
4 3510 1706 35 34
4 3600 304 3574 256
4 3553 889 884 878
4 3502 1834 1882 1833
4 3798 2781 2782 2584
4 3938 3926 3859 3851
4 3628 3530 3543 3477
4 3926 2564 1827 1826
4 3505 3504 1847 1846
4 3819 1892 1891 1796
4 3546 452 478 451
4 3508 1875 1874 1821
4 3509 1898 1845 1837
4 3509 1897 1890 1836
4 3579 1306 1307 1289
4 3505 1845 3504 1837
4 3508 1825 1878 1823
4 3650 2253 2294 2242
4 3509 1844 1897 1836
4 3508 1837 1845 1817
4 3508 1872 1871 1818
4 3508 1818 1871 1817
4 3626 1945 1755 1754
4 1991 1989 1990 1961
4 1945 1936 1930 1924
4 3626 1984 1985 1747
4 3428 2194 2189 2133
4 1973 1971 1972 1915
4 3428 2190 2216 2181
4 3508 1822 1875 1821
4 3508 3504 1816 1811
4 3546 505 452 451
4 3509 1899 1897 1844
4 2128 1737 1968 1736
4 3769 2025 1848 1843
4 3510 1788 1787 1733
4 3769 2021 1850 1849
4 1945 1935 1938 1934
4 1968 1744 1795 1743
4 1975 1973 1974 1915
4 1989 1951 1961 1949
4 1989 1947 1961 1940
4 3510 1706 1707 221
4 1978 1973 1977 1915
4 2170 1945 1924 1920
4 3751 3679 3723 3522
4 3657 1963 1962 1938
4 1968 1794 1793 1739
4 1955 1940 1954 1939
4 3859 1857 3502 1856
4 3574 315 303 302
4 1981 1979 1980 1915
4 3238 2796 2852 2073
4 1953 1947 1946 1940
4 3165 1698 3160 1484
4 1961 1947 1956 1940
4 2146 2129 2130 1968
4 2130 2129 1969 1968
4 2448 2447 2045 2044
4 1961 1940 1939 1938
4 2003 1950 1999 1942
4 1973 1970 1971 1915
4 3546 509 505 451
4 3576 2391 2357 2354
4 3769 3702 3657 3626
4 3863 2556 2609 1093
4 3518 1987 3429 1918
4 3859 2034 2035 1860
4 1956 1946 1945 1938
4 3726 3170 3129 2951
4 3863 2608 2609 2555
4 2445 2393 2392 2119
4 1985 1917 1944 1747
4 3638 3562 3611 417
4 3859 2032 1859 1858
4 3859 3723 2029 2028
4 2018 2017 2005 1964
4 3769 2027 2028 1853
4 3638 3562 417 369
4 3574 833 829 303
4 2358 2098 2099 2045
4 3752 2303 2311 2257
4 2181 1915 667 504
4 3618 1494 1495 765
4 2445 2392 2443 1946
4 3938 1827 3502 1826
4 3547 2298 2297 2240
4 3657 2083 2030 2023
4 3723 3679 3637 3522
4 3859 1858 1911 1854
4 3798 2783 3723 2774
4 3986 3461 3502 2563
4 2256 2241 2240 1945
4 1982 1944 1746 1745
4 2128 1915 1736 1735
4 1984 1798 1968 1746
4 3508 1847 3504 1846
4 3626 1755 1945 1749
4 3750 2309 3661 2256
4 2449 2448 2043 2042
4 3626 1945 1750 1749
4 2004 1960 1959 1946
4 3509 1840 1888 1839
4 1984 1917 1983 1799
4 3872 3789 3859 3751
4 2438 2437 2427 2369
4 3461 2561 2614 2560
4 2184 2144 2140 1915
4 1945 1923 1922 1921
4 2171 2166 2170 1924
4 3626 1936 1753 1752
4 2231 2222 2230 2216
4 2147 2135 2136 1969
4 3553 3474 3550 3464
4 2221 2220 2216 1915
4 2224 1944 1982 1915
4 2128 1915 1735 1734
4 3491 3516 687 678
4 1956 1949 1955 1948
4 2218 2216 2210 2209
4 2271 1945 2266 1933
4 2318 2239 2267 1945
4 2216 2207 2214 2192
4 3298 3287 3286 2796
4 1986 1944 1945 1936
4 1986 1985 1944 1936
4 2226 2206 2225 1985
4 1990 1955 1989 1954
4 2177 1923 2169 1922
4 2367 2263 2261 1945
4 2177 1945 1922 1921
4 1986 1936 1945 1918
4 3510 3507 2128 221
4 3510 1731 1785 1729
4 2474 2473 2393 2119
4 3491 3516 689 688
4 2216 2186 2193 2185
4 2393 2358 2127 2119
4 3508 1878 1877 1823
4 3508 1846 1844 1820
4 3898 3819 3804 3703
4 1945 1933 1932 1931
4 1968 1915 1739 1738
4 3477 2353 2382 2347
4 3579 3578 1289 1286
4 3798 2782 2585 2584
4 2344 2226 2225 1985
4 3430 2225 3427 2206
4 3508 1846 3504 1844
4 3509 1888 1893 1839
4 3508 1844 3504 1836
4 3575 3302 3309 3287
4 3431 2154 2224 1980
4 3461 2559 2558 1828
4 2101 2020 2005 1967
4 2009 2004 2005 1955
4 1955 1949 1954 1948
4 1991 1954 1990 1953
4 1956 1951 1955 1949
4 3984 3865 3923 3794
4 3723 2085 2086 2032
4 3517 2223 2221 2184
4 1990 1956 1989 1955
4 3626 1800 1984 1747
4 1956 1955 1946 1938
4 3661 2255 2254 1938
4 1945 1936 1935 1930
4 1961 1951 1956 1949
4 1953 1951 1950 1946
4 3637 2834 2781 2780
4 1991 1956 1990 1955
4 1955 1939 1954 1938
4 3518 2162 2161 1986
4 2005 2004 1943 1941
4 2423 2421 2420 2367
4 2047 1967 2005 1946
4 1977 1973 1975 1915
4 3510 1760 1761 1703
4 1961 1940 1956 1939
4 2252 2045 2073 2044
4 2498 2496 2497 2484
4 1989 1949 1961 1947
4 2003 1999 1943 1941
4 3658 2496 2485 2484
4 2358 2061 2127 2060
4 3502 2562 1831 1824
4 1955 1948 1954 1947
4 1946 1939 1945 1938
4 3510 2128 1968 1736
4 1947 1945 1946 1940
4 2451 2119 2450 2073
4 2443 2441 2440 2389
4 1953 1948 1949 1946
4 3592 2158 3431 1980
4 2221 2198 2220 1915
4 1945 1937 1938 1930
4 1990 1961 1989 1956
4 1945 1926 1925 1924
4 3429 2344 2170 1919
4 2468 2275 2282 2274
4 3502 3460 3461 3459
4 2207 2198 2192 1915
4 2260 1923 2177 1922
4 3859 3798 2580 1857
4 1945 1938 1937 1934
4 1945 1930 1933 1921
4 3530 1935 2235 1934
4 1945 1934 1937 1930
4 1989 1954 1955 1951
4 3824 1823 3508 1822
4 3769 3657 2030 2023
4 3774 3722 3460 1828
4 3657 1945 1936 1935
4 3769 1850 1903 1849
4 2448 2447 2073 2067
4 1945 1924 1919 1918
4 3769 1903 1902 1849
4 3657 1962 1963 1751
4 1955 1951 1954 1949
4 3769 3626 3657 1751
4 1954 1948 1953 1947
4 1954 1940 1946 1939
4 3819 3769 1838 1796
4 2172 2170 1926 1925
4 1945 1924 1930 1921
4 3986 3549 3460 3459
4 3986 3938 3580 3549
4 2020 2019 2005 1966
4 1989 1953 1954 1951
4 1946 1940 1945 1939
4 2005 1966 1965 1946
4 1955 1954 1946 1938
4 1945 1926 1924 1921
4 3769 2026 3657 2021
4 2198 1975 1974 1915
4 3702 3565 3626 3530
4 1945 1931 1923 1921
4 1945 1936 1944 1753
4 3658 2496 2484 2483
4 2278 2276 2046 2045
4 2017 2005 1964 1960
4 1945 1935 1934 1930
4 3669 2198 2197 2184
4 2394 2225 2233 2224
4 3430 3427 2225 2224
4 2219 2216 2211 2210
4 2257 1947 2256 1940
4 1984 1944 1916 1746
4 2367 2261 2260 1945
4 3584 2328 2334 2326
4 1977 1975 1976 1915
4 1953 1947 1948 1946
4 2239 1933 1945 1928
4 1968 1915 1738 1737
4 2171 2170 1925 1924
4 2303 2257 1945 1940
4 2177 2168 2167 1921
4 1988 1945 1933 1929
4 1988 1933 1945 1930
4 1991 1955 1990 1954
4 1991 1961 1990 1956
4 2005 1967 1966 1946
4 1989 1953 1951 1950
4 2216 2207 2192 1915
4 1989 1950 1951 1946
4 2241 2240 1945 1928
4 1990 1953 1989 1950
4 1994 1956 1991 1955
4 1990 1950 1989 1946
4 2005 1942 2004 1941
4 3723 3522 3637 2252
4 1991 1953 1990 1950
4 1991 1950 1946 1942
4 1991 1950 1990 1946
4 1994 1961 1991 1956
4 2170 2166 2165 1920
4 3592 3572 3430 2224
4 2177 2169 2168 1922
4 2009 1955 2005 1954
4 2219 2218 2216 2210
4 1995 1961 1994 1956
4 2078 2077 2024 1938
4 2127 2065 2120 2064
4 2127 2119 2052 2005
4 3422 2357 2391 1946
4 2267 1933 2239 1928
4 3859 3723 2036 2035
4 3461 2612 2611 2558
4 2437 2376 2397 2369
4 2358 2062 2127 2061
4 3558 2344 2367 1945
4 1994 1955 1991 1954
4 1996 1994 1995 1961
4 1996 1961 1995 1956
4 1995 1956 1994 1955
4 1994 1954 1991 1953
4 2003 1956 1999 1955
4 1994 1991 1946 1942
4 2354 2343 1991 1990
4 1994 1953 1991 1950
4 2005 2000 2001 1941
4 1994 1950 1991 1942
4 1995 1955 1994 1954
4 1997 1961 1996 1956
4 1996 1956 1995 1955
4 1995 1954 1994 1953
4 1996 1955 1995 1954
4 3425 2315 2305 2243
4 1995 1953 1994 1950
4 1995 1994 1946 1942
4 1996 1954 1995 1953
4 1997 1994 1996 1961
4 1995 1950 1994 1942
4 1997 1956 1996 1955
4 2003 1955 1999 1954
4 2004 1958 1957 1946
4 1996 1953 1995 1950
4 1997 1989 1991 1961
4 1997 1991 1994 1961
4 2004 1950 2003 1942
4 1996 1950 1995 1942
4 1996 1942 1946 1941
4 1996 1995 1946 1942
4 1997 1955 1996 1954
4 1998 1961 1997 1956
4 2005 2004 1964 1960
4 1997 1954 1996 1953
4 1998 1956 1997 1955
4 2003 1953 1999 1950
4 1997 1953 1996 1950
4 1997 1996 1946 1941
4 2004 2003 1952 1943
4 1998 1955 1997 1954
4 1997 1950 1996 1942
4 1997 1942 1996 1941
4 2228 2227 2216 2212
4 2004 1959 1958 1946
4 1998 1954 1997 1953
4 2004 1942 2003 1941
4 1999 1961 1998 1956
4 1998 1953 1997 1950
4 1998 1946 1943 1941
4 1998 1997 1946 1941
4 2005 2004 1960 1959
4 1998 1950 1997 1942
4 1999 1956 1998 1955
4 1998 1942 1997 1941
4 1999 1955 1998 1954
4 1999 1946 1952 1943
4 1999 1998 1946 1943
4 1999 1954 1998 1953
4 3547 2246 2297 2245
4 1999 1998 1943 1941
4 1999 1953 1998 1950
4 1999 1942 1998 1941
4 2003 1999 1952 1943
4 1999 1950 1998 1942
4 2003 1942 1999 1941
4 2018 2005 1965 1964
4 2005 1965 2004 1946
4 2392 2048 2049 2005
4 2015 2005 1960 1959
4 3373 3324 3374 3170
4 2004 2003 1943 1941
4 2004 1964 1960 1946
4 2016 1992 2004 1961
4 2008 1954 2005 1953
4 2004 1957 2003 1946
4 2003 1961 1999 1956
4 2003 1954 1999 1953
4 2003 1957 1952 1946
4 2003 1952 1999 1946
4 2484 2285 2461 2276
4 2004 1956 2003 1955
4 2005 2001 1942 1941
4 2004 1955 2003 1954
4 2005 2001 2002 1942
4 2004 1953 2003 1950
4 2003 1998 1999 1961
4 2004 2003 1957 1952
4 2015 2013 2005 1959
4 2004 1961 2003 1956
4 2004 1954 2003 1953
4 2004 1963 1993 1938
4 2004 1993 1963 1962
4 2004 1992 1962 1961
4 3425 2347 2267 2266
4 2004 1962 1963 1938
4 2004 1961 1962 1938
4 2004 1989 1997 1961
4 2004 1997 1998 1961
4 2004 1998 2003 1961
4 2004 1940 1961 1938
4 2004 1989 1961 1940
4 2005 2004 1959 1958
4 2388 2372 2371 1946
4 2005 2002 1950 1942
4 2005 1950 2004 1942
4 2006 2000 2005 1941
4 2005 2004 1952 1943
4 2013 2005 1959 1958
4 2005 2004 1958 1957
4 2344 1945 1919 1918
4 2005 1955 2004 1954
4 2005 1953 2004 1950
4 2005 2004 1957 1952
4 2354 1994 2284 1991
4 2005 1954 2004 1953
4 2006 2005 1943 1941
4 2007 1953 2005 1950
4 2007 2005 2002 1950
4 2008 2005 2007 1953
4 2016 2004 2014 1956
4 2009 2005 2008 1954
4 2423 1945 2344 1944
4 3231 3230 2529 2073
4 2423 2368 2367 1945
4 2010 2005 1952 1943
4 2010 2006 2005 1943
4 2011 2005 1957 1952
4 2011 2010 2005 1952
4 2012 2005 1958 1957
4 2012 2011 2005 1957
4 2013 2012 2005 1958
4 3626 1748 1801 1747
4 2354 1991 2343 1946
4 2014 1956 2004 1955
4 2014 2004 2009 1955
4 2016 1961 2004 1956
4 2017 2015 2005 1960
4 3585 3347 3416 3324
4 3859 1911 1907 1854
4 2425 2424 2373 1946
4 2354 1996 1995 1946
4 3424 2382 2332 2331
4 3424 2335 2334 2328
4 3425 2347 2271 2270
4 2358 2127 2119 2065
4 2077 1993 1963 1938
4 3657 2080 2081 2027
4 3769 2027 1853 1852
4 2423 2395 2394 2344
4 3819 1839 3509 1838
4 3798 3723 3746 3637
4 3769 1851 1904 1850
4 3613 3550 3553 851
4 3687 3657 3565 2300
4 3819 1802 1808 1749
4 3824 1836 1835 1822
4 3640 3601 3557 2392
4 3819 3648 3703 3626
4 2077 1963 2024 1938
4 3658 2496 3588 2485
4 3424 2330 2336 2329
4 3547 3425 2245 2244
4 3769 1901 1896 1843
4 3640 3422 2391 1946
4 3769 3657 2028 2027
4 2483 2449 2453 2448
4 3658 3588 2496 2483
4 2177 1926 2170 1925
4 3769 2025 2026 1848
4 2078 2024 2025 1938
4 2394 1944 2224 1915
4 2252 2090 2037 2036
4 3746 3679 3580 3252
4 2252 2090 2091 2037
4 2849 2796 2794 2073
4 2198 2184 2185 1915
4 2821 2767 2820 2073
4 2252 2043 2073 2042
4 3736 3040 3039 2996
4 2482 2480 2475 2450
4 3552 3413 3170 3142
4 2278 2276 2069 2046
4 2358 2072 2127 2071
4 2127 2054 2108 2053
4 3193 2824 2823 2073
4 3671 3425 2304 2303
4 2468 2258 2282 2251
4 3798 2580 1857 1856
4 2392 2047 2005 1946
4 2127 2119 2056 2052
4 2127 2055 2109 2054
4 2451 2068 2450 2067
4 2079 2026 2021 1938
4 2127 2119 2054 2053
4 3723 3657 2081 2028
4 2252 2251 2045 2044
4 3589 3462 1684 1630
4 3637 2769 2776 2073
4 2127 2112 2111 2057
4 3211 2898 3207 2889
4 2127 2108 2107 2053
4 2468 2282 2281 2274
4 2127 2051 2105 2005
4 2434 2433 2432 2378
4 3425 2243 2288 2239
4 2127 2114 2120 2065
4 2452 2119 2451 2073
4 2132 1969 2131 1915
4 2127 2068 2123 2067
4 3671 3477 3584 3425
4 2130 1969 2129 1915
4 2198 2197 1974 1973
4 2252 2093 2094 2040
4 2127 2109 2108 2054
4 2275 2073 2251 2045
4 2127 2107 2113 2053
4 2346 2265 2345 2262
4 2127 2111 2110 2056
4 3723 2252 2037 2036
4 2826 2770 2825 2073
4 2218 2217 2216 2209
4 2252 2094 2041 2040
4 3237 2849 2848 2073
4 2454 2449 2043 2042
4 2252 2091 2038 2037
4 2260 1932 2177 1931
4 3643 2599 3455 2598
4 2476 2358 2119 2062
4 2377 2376 1946 1945
4 2417 2383 2416 2345
4 2274 2046 2073 2045
4 2553 2538 2537 2527
4 2467 2279 2466 2073
4 3637 2843 2844 2790
4 3723 2087 2088 2034
4 2252 2251 2073 2045
4 2431 2403 2396 2373
4 3798 2780 2781 2583
4 2079 2021 2074 1938
4 2079 2025 2026 1938
4 2079 2078 2025 1938
4 3926 2580 3461 2565
4 3926 2583 2636 2582
4 2347 2321 2320 2262
4 3824 3769 3772 3508
4 3769 1849 1902 1848
4 3657 2083 2080 2027
4 3769 2024 2025 1843
4 3769 1841 3508 1825
4 3601 2392 3423 2364
4 3683 2391 3576 2354
4 3401 3405 3373 3324
4 2392 2127 2364 2005
4 3938 3859 1827 1826
4 3769 1843 1842 1796
4 3657 2074 2075 2021
4 3769 2023 1851 1850
4 3769 2021 2022 1850
4 3769 3657 2022 2021
4 3769 2024 1843 1796
4 2252 2092 2039 2038
4 3551 1315 1312 1286
4 2468 2281 2280 2274
4 2434 2378 2377 1946
4 2482 2475 2474 2119
4 2358 2069 2127 2068
4 2127 2123 2122 2067
4 2344 1945 1986 1944
4 2305 2244 2243 1945
4 2275 2274 2073 2045
4 2423 2370 2422 2368
4 3502 2561 3461 2560
4 2454 2448 2449 2042
4 2127 2110 2106 2052
4 2381 2380 1946 1945
4 2216 2191 2190 2184
4 2358 2099 2100 2046
4 2119 2049 2050 2005
4 3863 2556 3638 2555
4 2127 2113 2059 2053
4 3723 2087 2034 2033
4 2252 2093 2040 2039
4 2127 2119 2065 2064
4 3938 3851 3789 3580
4 3551 1314 1289 1288
4 2127 2116 2115 2060
4 2127 2069 2100 2068
4 2484 2454 2483 2449
4 2127 2119 2064 2063
4 2127 2052 2051 2005
4 2127 2071 2126 2070
4 3424 2331 2337 2330
4 2127 2126 2125 2070
4 2127 2100 2123 2068
4 2252 2092 2093 2039
4 2358 2071 2127 2070
4 2101 2005 2047 1967
4 2102 2048 2047 2005
4 2102 2047 2101 2005
4 2103 2049 2048 2005
4 2103 2048 2102 2005
4 2104 2049 2103 2005
4 2412 2343 2411 1946
4 2468 2279 2467 2073
4 2127 2056 2110 2052
4 2105 2051 2050 2005
4 2105 2050 2104 2005
4 2384 2333 2383 1946
4 2127 2059 2113 2058
4 2127 2119 2058 2057
4 3510 1759 1760 1707
4 2216 2193 2191 2185
4 2133 1969 2132 1915
4 2231 2223 2222 2216
4 2127 2119 2057 2056
4 2127 2057 2111 2056
4 2127 2058 2112 2057
4 3774 3580 3549 3460
4 2127 2118 2117 2063
4 2129 1968 2128 1915
4 3657 1956 1945 1938
4 2260 2177 1945 1922
4 2127 2066 2114 2065
4 3683 2434 2385 2343
4 2127 2061 2116 2060
4 2127 2114 2066 2060
4 2127 2063 2117 2055
4 2392 2005 2364 2004
4 2127 2124 2116 2061
4 2127 2052 2106 2051
4 2392 2048 2047 1946
4 2127 2119 2059 2058
4 2127 2117 2109 2055
4 2225 1985 2206 1984
4 2390 2389 2370 1946
4 2127 2115 2114 2060
4 2127 2106 2105 2051
4 2476 2393 2473 2119
4 2127 2122 2121 2067
4 2127 2121 2072 2067
4 3683 2385 2425 2382
4 2252 2091 2092 2038
4 2127 2072 2121 2071
4 2127 2119 2055 2054
4 2127 2120 2118 2064
4 2127 2119 2063 2055
4 2127 2064 2118 2063
4 2344 1985 2225 1944
4 2127 2121 2126 2071
4 2358 2070 2127 2062
4 2358 2100 2069 2046
4 2358 2119 2062 2061
4 2127 2125 2124 2062
4 2127 2062 2124 2061
4 2127 2070 2125 2062
4 2147 2146 2131 1968
4 2134 1969 2133 1915
4 2147 2136 2137 1969
4 2134 1970 1969 1915
4 3851 3746 3580 3549
4 2147 2140 2144 1969
4 2135 2134 1970 1969
4 3626 1945 1754 1753
4 2135 1970 2134 1915
4 2136 2135 1970 1969
4 2181 1915 2128 221
4 2137 2136 1970 1969
4 2181 667 1915 221
4 2136 1970 2135 1915
4 2147 2139 2140 1969
4 2138 2137 1970 1969
4 2137 1970 2136 1915
4 2139 2138 1970 1969
4 3425 2267 2318 2239
4 3431 2154 1980 1979
4 2138 1971 1970 1915
4 2138 1970 2137 1915
4 2216 2215 2214 2207
4 2139 2138 1971 1970
4 2140 2139 1970 1969
4 2198 1977 2154 1976
4 2140 2139 1971 1970
4 2147 2138 2139 1969
4 2139 1971 2138 1915
4 2216 2185 2184 1915
4 3428 2188 2187 2131
4 2144 2140 1970 1969
4 2140 1971 2139 1915
4 3510 1736 1790 1735
4 2147 2131 1969 1968
4 2144 2140 1971 1970
4 3510 1729 1730 0
4 2145 1968 1795 1743
4 2141 1794 1968 1740
4 2141 1968 1741 1740
4 3819 3626 1753 1752
4 3498 183 184 168
4 2145 2143 1968 1742
4 2146 2128 2129 1968
4 2147 2137 2138 1969
4 2198 2197 2184 1915
4 3592 1981 2159 1980
4 2144 1972 1971 1915
4 2144 1971 2140 1915
4 3428 2184 2139 2138
4 3510 1790 1789 1735
4 2146 2130 2131 1968
4 2198 2185 2186 1915
4 3510 1915 1729 0
4 3510 1915 1734 1733
4 3428 2133 2189 2132
4 2220 2212 2216 1915
4 2147 2132 2133 1969
4 2223 2222 2216 1915
4 2217 2216 2209 2208
4 3510 34 221 0
4 2147 2133 2134 1969
4 3428 2197 2205 2144
4 2148 2144 1970 1969
4 2148 2147 2144 1969
4 3517 2223 2224 2198
4 2198 1978 2154 1977
4 2199 2198 2150 1972
4 2198 2151 2150 1973
4 2197 1973 1972 1915
4 2437 2386 2376 2369
4 3502 1880 1910 1826
4 2198 1977 1976 1915
4 3431 2157 2154 1979
4 2198 1975 2152 1974
4 3428 2203 2202 2139
4 2155 2153 2154 1976
4 2197 2144 2184 1915
4 2198 1976 1975 1915
4 2217 2215 2216 2208
4 2216 2210 2209 1915
4 2228 2216 2220 2212
4 2155 2154 1977 1976
4 2156 2154 1978 1977
4 2156 2155 2154 1977
4 2225 1985 1984 1944
4 2157 2154 1979 1978
4 2157 2156 2154 1978
4 3530 2234 2255 1934
4 3517 2221 2192 2184
4 3553 879 3474 878
4 2170 1945 1925 1924
4 2170 1945 1920 1919
4 3429 1919 2164 1918
4 3429 1987 2344 1918
4 3673 598 3554 556
4 2438 2387 2386 2369
4 2260 1931 2177 1923
4 2443 2389 2388 2371
4 2177 1922 2168 1921
4 2216 2185 2191 2184
4 2257 2256 1945 1940
4 3669 2205 3517 2184
4 2267 2266 1933 1928
4 2177 1945 1927 1926
4 2198 2186 2192 1915
4 2452 2451 2119 2072
4 2224 1980 2154 1979
4 2177 2170 1945 1925
4 2260 1945 1931 1923
4 2178 2177 1931 1923
4 2177 1945 1926 1925
4 2177 1927 1945 1921
4 2260 1945 1923 1922
4 2232 2223 2231 2216
4 2254 1945 1939 1938
4 3661 2255 1937 1934
4 2347 2327 2318 2267
4 3428 2137 2200 2136
4 3661 1939 2301 1938
4 3510 2128 1736 1735
4 3510 1789 1788 1734
4 3428 2140 2203 2139
4 3428 2133 2132 1915
4 2182 2129 2128 1915
4 2182 2128 2181 1915
4 2184 2140 2139 1915
4 2394 2344 2225 1944
4 3428 2144 2204 2140
4 3517 2224 3427 2154
4 2198 2153 2152 1975
4 2216 2212 2211 1915
4 2184 2139 2138 1915
4 3604 1094 3562 1093
4 3626 1985 1748 1747
4 2210 2198 2209 1915
4 3428 2200 2196 2136
4 2197 1974 1973 1915
4 3428 2134 2133 1915
4 3428 2132 2188 2131
4 3428 2132 2131 1915
4 3626 1944 1985 1936
4 3740 3430 2224 2160
4 2224 2223 2216 1915
4 3579 1289 3533 1286
4 2222 2221 2216 1915
4 3517 2221 2222 2198
4 2198 1978 1977 1915
4 2460 2073 2276 2069
4 2198 2152 2151 1974
4 3428 2201 2200 2137
4 2198 1976 2153 1975
4 3428 2196 2195 2135
4 3428 2205 2204 2144
4 3428 2195 2194 2134
4 3517 3427 2224 2184
4 2197 1972 2144 1915
4 3428 2135 2134 1915
4 3428 2134 2194 2133
4 3428 2136 2135 1915
4 3428 2135 2195 2134
4 2198 2154 2153 1976
4 2198 1974 2197 1915
4 2216 2213 2193 2186
4 2230 2222 2221 2216
4 2347 2323 2265 2262
4 2216 2192 2186 1915
4 2216 2192 2213 2186
4 2216 2208 2215 2207
4 3428 2204 2203 2140
4 3428 2137 2136 1915
4 3428 2136 2196 2135
4 3428 2138 2137 1915
4 3428 2184 2138 1915
4 3428 2202 2201 2138
4 3428 2138 2201 2137
4 2198 2197 1973 1972
4 2198 1973 2150 1972
4 3428 2184 2140 2139
4 3517 2224 2223 2184
4 2197 2144 1972 1971
4 2197 2148 2144 1970
4 2197 2149 2148 1970
4 2197 2144 1971 1970
4 2197 1971 2149 1970
4 3428 2139 2202 2138
4 3669 3517 2198 2184
4 3431 2224 1981 1980
4 3429 2344 1919 1918
4 3429 2164 2163 1918
4 3661 2254 1939 1938
4 2344 1986 2226 1985
4 2443 2442 2441 2390
4 3428 2183 2182 2129
4 3740 2224 2225 2160
4 3474 3467 3464 1524
4 3428 2216 2190 2184
4 3428 2216 2184 1915
4 2209 2198 2208 1915
4 2230 2221 2229 2216
4 2211 2198 2210 1915
4 2223 2198 2222 1915
4 2212 2198 2211 1915
4 2344 1986 1985 1944
4 2216 2208 2207 1915
4 3669 2205 3428 2197
4 3584 3424 2328 2327
4 2224 1982 1981 1915
4 3431 2158 2157 1979
4 2220 2198 2212 1915
4 2345 1946 2331 1945
4 3431 1980 2158 1979
4 2436 2435 2398 2377
4 2393 2366 2392 2127
4 2229 2221 2220 2216
4 3819 1805 1801 1748
4 2227 2216 2212 2211
4 2227 2219 2216 2211
4 2443 2390 2389 2370
4 2449 2073 2068 2067
4 2216 1915 2181 504
4 3428 2131 2130 1915
4 3550 3474 3467 3464
4 3428 2187 2183 2130
4 3428 2131 2187 2130
4 3683 2391 2354 2343
4 3517 2223 2222 2221
4 3517 2192 2185 2184
4 3428 2182 2181 1915
4 3517 2198 2224 2154
4 2222 2198 2221 1915
4 2224 1981 1980 1915
4 2224 2154 2198 1978
4 2229 2220 2228 2216
4 2224 1979 2154 1978
4 2224 1980 1979 1915
4 2224 1978 2198 1915
4 2224 2198 2223 1915
4 2224 1979 1978 1915
4 2416 2383 2346 2345
4 2225 1984 1982 1944
4 3740 3430 2225 2224
4 3740 3534 3631 2225
4 2225 1982 2224 1944
4 2225 2160 2224 1982
4 3723 2082 2084 2029
4 2454 2449 2073 2068
4 3626 1985 1944 1748
4 2380 2375 1946 1945
4 2304 1946 1947 1945
4 2394 2225 2224 1944
4 3425 2291 2290 2266
4 3769 2030 1852 1851
4 2432 2425 2431 2379
4 2347 2323 2319 2264
4 3422 1999 2361 1998
4 2370 2368 1946 1945
4 2392 2047 2048 2005
4 3683 2391 2382 2349
4 2256 2242 2241 1945
4 3723 2252 2039 2038
4 2255 2234 2238 1934
4 2255 1945 2254 1938
4 3530 2235 2234 1934
4 2242 1945 1929 1928
4 3661 1938 3565 1935
4 2242 2241 1945 1928
4 2253 2242 1945 1929
4 3547 2303 2246 2245
4 2255 1988 1945 1930
4 2254 2253 1945 1929
4 2257 2240 2246 1945
4 2242 2240 2241 1928
4 3898 3628 3824 3543
4 2357 1998 1997 1946
4 3661 2256 2301 1939
4 2256 2253 2242 1945
4 2244 2239 2243 1928
4 3657 2021 2026 1938
4 2243 2239 1945 1928
4 2255 2238 1937 1934
4 2344 2161 2226 1986
4 3774 3722 3580 3460
4 2244 2243 1945 1928
4 3547 2246 2257 2240
4 2256 1945 1940 1939
4 2256 2254 2253 1939
4 3661 1938 1937 1930
4 2245 2244 1945 1928
4 2392 2364 2363 2004
4 2246 2240 2242 1928
4 2387 2386 2369 1946
4 3584 2315 2324 2305
4 2395 2233 2394 2225
4 2327 1948 2318 1946
4 2253 2242 1929 1928
4 2246 2244 2245 1928
4 2246 1945 2240 1928
4 2246 2245 1945 1928
4 2302 2256 1940 1939
4 2257 2256 2240 1945
4 2384 2341 2333 1946
4 3461 2560 2613 2559
4 3638 2248 2250 1828
4 3774 2558 2557 1828
4 3926 3859 3851 3789
4 3723 2774 2783 2039
4 3798 3637 2783 2774
4 3798 2038 2784 1856
4 3859 2038 3723 1856
4 3502 1827 1884 1826
4 3723 2259 3522 2252
4 2252 2089 2090 2036
4 3926 2584 2637 2583
4 2252 2089 2036 2035
4 3723 2252 2036 2035
4 3859 1912 1911 1858
4 3926 3798 3859 3789
4 3798 2785 2582 2581
4 3723 2088 2035 2034
4 2252 2088 2089 2035
4 3723 2086 2033 2032
4 3986 3938 3502 3460
4 3769 1841 1839 1838
4 2255 2254 1945 1929
4 2255 1937 2238 1930
4 2255 2237 2176 1930
4 2260 2180 1933 1928
4 2429 2422 2423 2370
4 2267 2261 2262 1928
4 2253 2246 2242 1928
4 2439 2426 2429 2371
4 2255 1945 1988 1929
4 2254 2253 1929 1928
4 2255 2176 2175 1929
4 2255 2175 2174 1928
4 2255 2176 1988 1930
4 3491 3516 685 684
4 2255 1929 2175 1928
4 2255 2254 1929 1928
4 2255 1988 2176 1929
4 3556 3491 3516 685
4 2260 2174 2180 1928
4 2255 2253 2254 1928
4 2260 2255 2174 1928
4 2270 2269 1945 1933
4 2261 2260 1933 1928
4 2261 1933 2260 1932
4 2261 2260 1945 1932
4 2267 2239 2244 1928
4 2261 2253 2255 1928
4 2261 2255 2260 1928
4 2367 2319 2317 2263
4 2267 1945 2239 1933
4 2327 1946 2318 1945
4 3558 2367 2177 1945
4 2263 2261 1945 1932
4 2263 1933 2261 1932
4 2428 2419 2405 2375
4 2263 2261 1933 1928
4 2264 2263 1945 1932
4 2315 1947 2305 1946
4 2264 2262 2261 1928
4 2264 2261 2263 1928
4 2264 1933 2263 1932
4 2265 2264 1945 1932
4 2264 2263 1933 1928
4 2265 1945 1933 1932
4 2265 1945 2262 1933
4 2265 1933 2264 1932
4 2265 1933 2262 1928
4 2265 2262 2264 1928
4 2265 2264 1933 1928
4 2329 2328 2271 1945
4 2328 1946 2327 1945
4 3518 1987 2162 1986
4 2267 2266 1945 1933
4 2271 1933 2266 1928
4 2267 2253 2261 1928
4 2318 1946 2315 1945
4 2267 2244 2246 1928
4 2267 2246 2253 1928
4 2431 2425 2424 2373
4 3584 3425 2305 2304
4 2383 2332 2382 2331
4 2359 2356 2357 1996
4 3969 3578 3579 1330
4 3769 3657 3723 2028
4 2345 2332 2331 1946
4 2302 2301 2256 1939
4 3640 3557 3422 2392
4 3824 3769 3819 3703
4 3661 3530 2255 1934
4 2367 2264 2263 1945
4 3584 3424 2334 2328
4 2271 2270 1933 1928
4 2269 2262 1933 1928
4 3661 1937 2255 1930
4 3565 1936 3530 1935
4 2331 1946 2330 1945
4 2271 2270 1945 1933
4 2270 2269 1933 1928
4 2271 2269 2270 1928
4 2271 2266 2267 1928
4 2271 2267 2262 1928
4 2271 2262 2269 1928
4 2306 2303 2304 1947
4 2359 2357 1997 1996
4 3650 3547 2309 2256
4 2367 2263 2317 2261
4 2303 1945 1947 1940
4 2447 2072 2073 2067
4 2395 2394 2344 2225
4 2358 2119 2061 2060
4 2358 2097 2098 2044
4 2278 2276 2073 2069
4 2275 2045 2251 2044
4 2275 2274 2045 2044
4 2275 2044 2251 2043
4 2275 2274 2044 2043
4 2275 2043 2251 2042
4 2275 2251 2274 2042
4 2275 2274 2043 2042
4 2358 2127 2066 2060
4 2358 2068 2127 2067
4 2445 2119 2392 1946
4 2358 2097 2044 2043
4 2278 2069 2073 2046
4 2452 2119 2447 2072
4 2443 2390 2368 1946
4 3474 1303 1524 857
4 2347 2327 2267 2266
4 3425 2414 3424 2347
4 3650 2256 2253 2242
4 2424 2343 2412 1946
4 2468 2280 2286 2278
4 2279 2073 2274 2046
4 2278 2276 2045 2044
4 2358 2096 2043 2042
4 2358 2119 2066 2065
4 2279 2278 2073 2046
4 2278 2276 2044 2043
4 2279 2046 2274 2045
4 2278 2276 2043 2042
4 2279 2278 2046 2045
4 2279 2045 2274 2044
4 2279 2278 2045 2044
4 2279 2044 2274 2043
4 2279 2278 2044 2043
4 2279 2043 2274 2042
4 2279 2274 2278 2042
4 2279 2278 2043 2042
4 2358 2096 2097 2043
4 2451 2119 2072 2071
4 2358 2099 2046 2045
4 3520 2366 2393 2365
4 2358 2095 2042 2041
4 2358 2042 2252 2041
4 2454 2276 2278 2042
4 2468 2274 2279 2073
4 2454 2069 2449 2068
4 3926 2582 2635 2581
4 3723 2086 2087 2033
4 3287 3211 2854 2796
4 3522 2821 2820 2251
4 3657 1936 3565 1935
4 2346 2331 2330 1945
4 3530 1936 2236 1935
4 3424 2382 2341 2333
4 2553 2533 2539 2499
4 3425 2318 2315 2239
4 2358 2066 2119 2060
4 2358 2098 2045 2044
4 2358 2066 2127 2065
4 2358 2095 2096 2042
4 2358 2094 2095 2041
4 2452 2447 2119 2073
4 3425 2305 2304 2244
4 2305 1946 2304 1945
4 2383 2343 2382 2342
4 3769 1904 1903 1850
4 2384 2341 2383 2333
4 3491 3516 688 687
4 3425 2305 2244 2243
4 2417 2381 2384 2345
4 2305 1947 2304 1946
4 2315 1948 1947 1946
4 2304 1947 2303 1945
4 2419 2406 2405 2375
4 3601 2392 2364 2363
4 2330 1946 2329 1945
4 3530 2236 2235 1935
4 2344 1987 1945 1918
4 3750 3477 3650 2414
4 2347 2320 2323 2262
4 2410 2342 2384 1946
4 3657 2030 2083 2027
4 2443 2391 2442 2390
4 2346 2262 2345 1945
4 2344 1987 1986 1945
4 2329 2271 2270 1945
4 3491 3516 690 689
4 3424 2347 2329 2328
4 2382 2350 2346 2331
4 2315 1946 2305 1945
4 3584 3425 2315 2305
4 2383 2346 2345 2331
4 3477 2414 2413 2347
4 2328 2266 2271 1945
4 3518 2344 1987 1986
4 3547 2257 2256 2240
4 3425 2347 3424 2327
4 2315 2306 2305 1947
4 2390 2370 2368 1946
4 2318 2315 2239 1945
4 2305 2304 2244 1945
4 2315 2243 2239 1945
4 2327 2267 2266 1945
4 2306 2304 2305 1947
4 3661 3530 2307 2255
4 2354 2284 2283 1991
4 3518 2161 2344 1986
4 3650 3547 3477 2309
4 3601 3557 2392 2363
4 3425 2290 2322 2270
4 3750 3650 3477 2309
4 3547 2296 2289 2244
4 3650 2242 2293 2241
4 2357 1999 1998 1946
4 3425 2271 2347 2266
4 2306 2302 2256 1940
4 3671 2304 2312 2303
4 2392 2366 2364 2127
4 3671 2312 2311 2303
4 2303 2246 2245 1945
4 2303 2257 2246 1945
4 2306 2256 1947 1940
4 3752 3671 3547 3477
4 2304 2245 2244 1945
4 2304 2303 2245 1945
4 3661 1938 1935 1934
4 2428 2411 2419 2375
4 3425 2304 2245 2244
4 3425 2304 2303 2245
4 3661 2254 2256 1939
4 3746 3678 3637 3581
4 3425 2290 2271 2266
4 3650 2294 2293 2242
4 3425 2271 2290 2270
4 2306 2257 2303 1947
4 2306 2256 2257 1947
4 3547 2245 2296 2244
4 3650 3547 2242 2241
4 2484 2447 2483 2073
4 2367 2316 2314 2260
4 3547 2256 2241 2240
4 2329 1946 2328 1945
4 3502 2563 2562 1824
4 3477 2413 2353 2347
4 3819 3626 1752 1748
4 2443 2371 2423 2370
4 3671 3547 3477 3425
4 2318 1948 2315 1946
4 3671 3547 3425 2303
4 2327 2318 2267 1945
4 3424 2338 2337 2331
4 2318 2315 1948 1947
4 2318 2306 2315 1947
4 2346 2345 2265 2264
4 3425 2267 2292 2266
4 2328 2327 2266 1945
4 2383 2333 2332 1946
4 2350 2346 2331 2330
4 2389 2371 2370 1946
4 2347 2269 2321 2262
4 3230 2543 2553 2529
4 3425 2292 2267 2239
4 3425 2289 2288 2243
4 3425 2292 2291 2266
4 3425 2244 2289 2243
4 3424 2347 2382 2331
4 2353 2352 2265 2264
4 3429 2165 2164 1919
4 3584 2327 2328 2326
4 3752 2309 3547 2256
4 3752 2310 2309 2256
4 2347 2328 2327 2266
4 2347 2322 2321 2269
4 2328 1948 2327 1946
4 2327 2318 1948 1947
4 2327 2306 2318 1947
4 2329 1949 1948 1946
4 2347 2270 2322 2269
4 3477 3424 3425 2414
4 2329 1948 2328 1946
4 2328 2327 1948 1947
4 3424 2340 2339 2333
4 2328 2306 2327 1947
4 2354 1995 1994 1946
4 2383 2333 2382 2332
4 2329 2328 1948 1947
4 2330 1949 2329 1946
4 2329 2306 2328 1947
4 2341 1951 2333 1946
4 2354 1994 1991 1946
4 2330 2329 1949 1948
4 2330 2329 1948 1947
4 2331 1949 2330 1946
4 2330 2306 2329 1947
4 3373 3170 3374 3175
4 2343 1990 1989 1946
4 3424 2347 2328 2327
4 2332 1951 1949 1946
4 2331 2330 1949 1948
4 2332 1949 2331 1946
4 2331 2330 1948 1947
4 2343 1991 1990 1946
4 2331 2306 2330 1947
4 2333 1951 2332 1946
4 2332 2331 1949 1948
4 2332 1948 2308 1947
4 2332 2331 1948 1947
4 2332 2308 2306 1947
4 2332 2306 2331 1947
4 2416 2383 2382 2346
4 2393 2127 2392 2119
4 2342 1989 1951 1946
4 2342 1951 2341 1946
4 2333 2332 1951 1949
4 2333 2308 2332 1948
4 2341 2333 1951 1949
4 2333 2332 1949 1948
4 3638 2247 1829 370
4 3537 2478 2477 2473
4 3657 1961 1962 1945
4 2368 2264 2367 1945
4 2449 2448 2069 2046
4 2354 1991 2283 1990
4 2343 1989 2342 1946
4 2354 1990 2277 1989
4 2354 2283 2277 1990
4 2341 2333 1949 1948
4 2341 2308 2333 1948
4 2343 2342 1989 1951
4 2342 2341 1951 1949
4 2384 2343 2383 2342
4 2342 2308 2341 1948
4 3558 2177 2344 1945
4 2342 2341 1949 1948
4 2343 2342 1951 1949
4 2343 2268 2308 1948
4 2343 2308 2342 1948
4 2343 1949 2268 1948
4 2343 2342 1949 1948
4 2344 1945 2170 1919
4 2370 2264 2368 1945
4 2367 2261 2316 2260
4 2385 2377 2376 1946
4 2424 2412 2374 1946
4 2393 2358 2366 2127
4 2347 2271 2328 2266
4 2383 2345 2332 2331
4 2384 2342 2341 1946
4 2387 2369 2372 1946
4 2383 2382 2346 2331
4 2415 2382 2351 2350
4 3425 2322 2347 2270
4 2449 2448 2073 2067
4 2443 2388 2439 2371
4 2436 2398 2397 2376
4 2353 2352 2330 2329
4 2347 2265 2323 2264
4 2381 2345 2262 1945
4 2382 2347 2353 2331
4 2382 2351 2350 2331
4 2367 2353 2347 2264
4 2376 2264 2369 1945
4 2376 2369 1946 1945
4 3424 2341 2340 2333
4 2382 2353 2352 2331
4 2374 2373 1946 1945
4 2448 2447 2069 2046
4 2350 2330 2329 1945
4 2350 2346 2330 1945
4 3424 2333 2339 2332
4 3600 3508 3504 3503
4 2351 2350 2265 2264
4 2351 2346 2350 2264
4 2350 2269 2262 1945
4 2350 2262 2346 1945
4 2350 2265 2346 2262
4 2382 2343 2349 2342
4 2350 2346 2265 2264
4 2351 2350 2331 2330
4 2382 2349 2348 2342
4 2351 2265 2350 2262
4 3424 2341 2382 2340
4 2351 2350 2330 2329
4 2382 2342 2348 2340
4 2351 2350 2269 2262
4 2382 2352 2351 2331
4 2382 2341 2342 2340
4 2351 2329 2270 1945
4 2351 2350 2329 1945
4 2351 2270 2269 1945
4 2351 2269 2350 1945
4 2352 2351 2331 2330
4 2353 2331 2347 2330
4 2352 2351 2330 2329
4 2353 2330 2347 2329
4 2352 2351 2329 2270
4 2381 2380 2265 2264
4 2352 2351 2270 2269
4 2353 2265 2347 2264
4 2352 2351 2269 2262
4 2367 2264 2319 2263
4 2352 2265 2351 2262
4 2353 2351 2352 2264
4 2352 2351 2265 2264
4 2353 2352 2329 2270
4 2378 2377 1946 1945
4 2367 2347 2319 2264
4 2353 2347 2265 2262
4 2353 2265 2352 2262
4 2353 2329 2271 2270
4 2353 2271 2347 2270
4 2353 2270 2347 2269
4 2353 2352 2270 2269
4 2353 2269 2347 2262
4 2353 2352 2269 2262
4 2353 2329 2328 2271
4 2353 2328 2347 2271
4 2353 2329 2347 2328
4 2354 2343 1990 1989
4 2354 2277 2273 1989
4 2177 1927 2173 1926
4 2354 2343 1989 1951
4 3683 2390 2385 2382
4 2355 2284 2354 1994
4 2355 2354 1995 1994
4 2433 2425 2432 2379
4 2423 2344 2394 1944
4 2357 2355 2354 1995
4 2357 2356 2355 1995
4 2357 1997 1996 1946
4 2357 1996 2354 1946
4 2360 2357 1998 1997
4 2357 2354 1996 1995
4 2357 1996 2356 1995
4 3739 3644 3621 3536
4 2454 2449 2069 2046
4 2358 2251 2252 2042
4 2358 2274 2251 2042
4 2380 2265 2375 1945
4 2392 2119 2127 2005
4 2443 2429 2423 2371
4 2473 2119 2070 2062
4 3424 2336 2335 2329
4 2375 2374 1946 1945
4 2392 2119 2048 1946
4 2394 2233 2232 2224
4 3640 2392 3422 1946
4 3557 2361 3422 1999
4 2394 2224 2232 2216
4 2370 2353 2367 2264
4 2370 2367 2368 2264
4 2371 2370 1946 1945
4 2383 2342 2382 2341
4 2381 1946 2345 1945
4 2443 2439 2429 2371
4 2371 2264 2370 1945
4 2389 2388 2371 1946
4 2372 1946 2369 1945
4 2372 2371 1946 1945
4 2372 2369 2264 1945
4 2372 2264 2371 1945
4 2372 2369 2371 2264
4 2443 2440 2439 2388
4 2375 2373 2374 2264
4 2378 2264 2377 1945
4 2384 2342 2383 2341
4 2386 2343 2385 1946
4 2392 2049 2119 2005
4 2374 2265 2373 1945
4 2449 2068 2448 2067
4 2375 2265 2374 1945
4 2388 2387 2372 1946
4 2374 2373 2265 2264
4 2383 2341 2382 2333
4 3547 2303 2257 2246
4 2375 2374 2265 2264
4 2381 2265 2380 1945
4 2380 2375 2265 2264
4 2930 2883 2880 2878
4 2376 2371 2369 2264
4 2926 2925 2689 2688
4 2376 2370 2371 2264
4 2379 2378 1946 1945
4 2377 2264 2376 1945
4 2379 1946 2373 1945
4 2448 2447 2044 2043
4 2394 2224 2216 1915
4 2433 2425 2379 1946
4 2378 2376 2377 2264
4 2378 2370 2376 2264
4 2381 2345 2346 2264
4 2378 2353 2370 2264
4 2381 2346 2351 2264
4 2423 2368 2421 2367
4 2379 2264 2378 1945
4 2379 2373 2378 2264
4 2379 2265 2264 1945
4 2379 2373 2265 1945
4 2379 2265 2373 2264
4 2381 2262 2265 1945
4 2381 2345 2265 2262
4 2381 2265 2345 2264
4 2381 2351 2353 2264
4 2431 2379 2425 2373
4 2381 2353 2378 2264
4 2381 2378 2373 2264
4 2381 2373 2375 2264
4 2381 2375 2380 2264
4 2431 2430 2403 2373
4 3657 1962 1961 1938
4 2384 2345 2381 1946
4 2384 2383 2345 1946
4 2424 2374 2373 1946
4 2418 2400 2406 2380
4 2386 2376 2369 1946
4 2410 2343 2384 2342
4 2428 2412 2375 2374
4 2437 2397 2427 2369
4 3547 2299 2298 2240
4 2431 2396 2379 2373
4 2411 2343 2410 2342
4 2386 2385 2376 1946
4 3424 2347 2330 2329
4 2391 2357 2354 1946
4 2392 2005 2004 1946
4 2392 2119 2049 2048
4 2387 2343 2386 1946
4 2260 1933 2180 1932
4 2388 2343 2387 1946
4 2392 2004 2003 1946
4 2443 2390 2370 2368
4 3557 2362 2361 1999
4 3219 2826 3204 2073
4 2389 2343 2388 1946
4 2390 2343 2389 1946
4 2438 2427 2426 2369
4 2423 2367 2344 1945
4 2260 2180 2179 1932
4 2179 2177 1932 1931
4 3683 2385 2386 2343
4 2391 2354 2343 1946
4 2391 2343 2390 1946
4 3683 2390 2391 2343
4 3557 2392 2004 2003
4 3557 2392 2363 2004
4 3422 1999 2357 1946
4 3640 2391 2392 1946
4 3422 2357 1999 1998
4 3422 2392 2003 1946
4 2448 2069 2447 2068
4 3579 3533 1289 1288
4 2449 2448 2044 2043
4 3509 1900 1847 1845
4 2435 2432 2399 2378
4 2430 2412 2428 2374
4 3477 2382 3424 2347
4 3508 1877 1875 1822
4 3657 2075 2022 2021
4 3509 1900 1899 1846
4 3628 3565 3530 3477
4 2419 2411 2410 2380
4 2417 2384 2383 2345
4 2443 1946 2368 1945
4 3584 2324 2313 2305
4 2447 2119 2073 2072
4 2443 2390 2441 2389
4 3502 1834 3460 1828
4 2430 2428 2404 2374
4 2437 2386 2385 2376
4 2553 2535 2534 2529
4 2436 2385 2377 2376
4 2476 2358 2393 2119
4 2448 2068 2447 2067
4 2469 2278 2462 2073
4 2448 2447 2043 2042
4 2428 2405 2404 2374
4 2449 2069 2448 2068
4 2432 2379 2396 2378
4 2435 2434 2432 2378
4 2418 2384 2417 2381
4 2436 2377 2398 2376
4 2437 2385 2436 2376
4 2449 2448 2046 2045
4 2430 2424 2412 2374
4 2435 2385 2434 2377
4 2433 2379 2432 2378
4 2434 2385 2343 1946
4 2476 2119 2473 2062
4 2483 2452 2451 2073
4 3401 3347 3405 3324
4 3425 2347 2318 2267
4 2425 2373 2379 1946
4 3509 1839 1893 1838
4 3509 1888 1840 1835
4 3940 3884 3435 1332
4 3657 2074 2021 1938
4 3940 3884 1332 1331
4 2417 2401 2400 2345
4 3547 3477 3425 2414
4 3477 2415 2382 2353
4 3657 1938 1945 1935
4 3683 2434 2425 2385
4 3859 3723 2033 2032
4 3508 1820 1873 1819
4 2438 2386 2437 2369
4 3723 2081 2082 2028
4 2179 2178 2177 1931
4 2418 2410 2381 2380
4 2429 2423 2371 2370
4 3425 2287 2292 2239
4 2415 2382 2350 2346
4 3650 3547 2256 2242
4 2415 2413 2409 2352
4 3424 2329 2335 2328
4 2451 2072 2450 2071
4 2418 2410 2384 2381
4 3522 3246 3193 2468
4 2434 2377 2385 1946
4 2412 2375 2374 1946
4 2448 2447 2046 2045
4 2483 2455 2453 2449
4 2439 2388 2387 2372
4 2518 2491 2517 2073
4 2433 2343 2425 1946
4 2484 2448 2447 2073
4 2435 2378 2399 2377
4 2438 2426 2372 2369
4 2412 2411 2375 1946
4 2425 2343 2424 1946
4 2435 2434 2378 2377
4 2411 2343 2342 1946
4 2411 2410 2380 1946
4 3502 1857 1910 1856
4 2496 2119 2445 2073
4 2433 2379 2378 1946
4 3819 1796 1891 1751
4 2443 2391 2390 1946
4 3638 1883 370 369
4 2411 2342 2410 1946
4 2435 2399 2398 2377
4 2434 2433 2378 1946
4 2443 2392 2391 1946
4 3452 3107 3450 1272
4 3422 2003 1999 1946
4 2439 2438 2426 2372
4 2436 2385 2435 2377
4 2428 2375 2405 2374
4 3683 2425 2411 2382
4 3683 2386 2387 2343
4 2410 2381 2380 1946
4 2410 2384 2381 1946
4 2430 2374 2404 2373
4 3474 3467 1524 1303
4 3683 2387 2386 2385
4 3683 2390 2387 2385
4 2437 2436 2397 2376
4 3683 2387 2388 2343
4 2416 2382 2415 2346
4 2415 2407 2402 2346
4 3477 2413 2415 2353
4 2415 2351 2408 2350
4 2415 2382 2352 2351
4 2443 2389 2371 2370
4 2432 2396 2399 2378
4 3424 2332 2338 2331
4 2443 2368 2423 1945
4 2415 2408 2407 2350
4 3425 2315 2243 2239
4 2432 2431 2396 2379
4 2445 2444 2443 2392
4 3425 2347 2327 2318
4 3424 2337 2336 2330
4 3752 2311 2310 2257
4 2415 2350 2407 2346
4 2417 2416 2401 2345
4 2431 2424 2430 2373
4 3424 2339 2338 2332
4 2415 2409 2408 2351
4 2411 2380 2375 1946
4 2430 2424 2374 2373
4 3926 2635 2634 2581
4 2419 2411 2380 2375
4 3651 3646 3629 3619
4 2419 2418 2406 2380
4 2430 2404 2403 2373
4 3732 2467 2515 2466
4 3750 3661 2255 2254
4 2428 2412 2411 2375
4 2416 2402 2401 2345
4 2419 2410 2418 2380
4 2416 2346 2402 2345
4 2417 2400 2381 2345
4 3692 2496 2482 2393
4 2415 2353 2413 2352
4 2415 2382 2353 2352
4 2415 2352 2409 2351
4 3769 2026 1849 1848
4 2419 2380 2406 2375
4 2423 2422 2421 2368
4 2438 2372 2387 2369
4 3425 2327 3424 2318
4 3425 2288 2287 2239
4 3424 2347 2331 2330
4 2443 2370 2423 2368
4 3424 2382 2333 2332
4 2439 2372 2426 2371
4 2443 2389 2440 2388
4 2418 2381 2400 2380
4 2418 2417 2400 2381
4 2451 2450 2072 2067
4 3537 3520 2393 2365
4 2451 2450 2119 2071
4 2474 2071 2473 2070
4 2452 2072 2447 2067
4 3537 2365 2393 2358
4 2451 2069 2450 2068
4 2482 2475 2480 2474
4 2521 2486 2492 2073
4 2482 2474 2393 2119
4 2452 2451 2072 2067
4 2483 2450 2475 2119
4 2177 2172 2170 1926
4 2452 2447 2068 2067
4 2451 2450 2043 2042
4 2452 2068 2451 2067
4 2451 2450 2046 2045
4 2451 2278 2274 2042
4 2451 2274 2358 2042
4 2451 2450 2044 2043
4 2452 2447 2069 2068
4 2451 2450 2045 2044
4 2452 2069 2451 2068
4 2452 2278 2451 2042
4 2452 2069 2447 2046
4 2452 2451 2069 2046
4 2452 2447 2448 2042
4 2460 2073 2069 2068
4 2452 2043 2447 2042
4 2452 2451 2043 2042
4 2452 2046 2447 2045
4 2452 2451 2046 2045
4 2452 2044 2447 2043
4 2452 2451 2044 2043
4 2452 2045 2447 2044
4 2452 2451 2045 2044
4 2454 2449 2046 2045
4 2454 2278 2452 2042
4 2454 2452 2448 2042
4 2460 2454 2069 2046
4 2454 2449 2044 2043
4 2460 2069 2276 2046
4 2454 2449 2045 2044
4 2471 2278 2470 2073
4 3525 3200 3198 2469
4 2465 2462 2278 2073
4 2460 2069 2454 2068
4 2460 2454 2073 2068
4 2460 2046 2276 2045
4 2460 2454 2046 2045
4 2460 2045 2276 2044
4 2460 2454 2045 2044
4 2460 2044 2276 2043
4 2460 2454 2044 2043
4 2460 2043 2276 2042
4 2460 2276 2454 2042
4 2460 2454 2043 2042
4 2850 2849 2796 2794
4 2496 2483 2119 2073
4 2464 2276 2463 2073
4 3798 2839 2840 2786
4 2484 2454 2449 2073
4 2483 2453 2459 2448
4 2483 2459 2458 2447
4 2496 2483 2482 2119
4 2483 2448 2459 2447
4 2483 2451 2450 2073
4 2496 2484 2483 2073
4 2482 2451 2456 2450
4 2489 2454 2484 2073
4 2482 2456 2481 2450
4 2483 2450 2119 2073
4 2496 2393 2445 2119
4 2482 2481 2480 2450
4 2483 2447 2452 2073
4 2483 2475 2482 2119
4 3692 2496 3588 2483
4 2354 2272 2343 1951
4 2354 1989 2273 1951
4 3545 3455 2619 2595
4 2464 2278 2463 2276
4 2464 2286 2463 2278
4 2465 2278 2276 2073
4 2465 2276 2464 2073
4 2465 2278 2464 2276
4 2465 2462 2286 2278
4 2465 2286 2464 2278
4 2468 2280 2279 2274
4 2519 2491 2518 2073
4 2468 2286 2467 2278
4 2467 2466 2279 2278
4 2467 2286 2466 2278
4 2823 2771 2767 2073
4 3194 3193 2467 2073
4 2468 2279 2280 2278
4 2468 2467 2279 2278
4 2496 2482 2393 2119
4 2469 2286 2462 2278
4 3859 3723 2032 2031
4 2470 2278 2469 2073
4 2530 2445 2496 2393
4 2926 2924 2925 2688
4 2470 2286 2469 2278
4 2498 2489 2484 2073
4 2472 2466 2279 2073
4 2854 2813 2805 2802
4 2531 2489 2498 2073
4 2471 2286 2470 2278
4 2472 2279 2278 2073
4 2472 2278 2471 2073
4 2472 2279 2466 2278
4 2472 2466 2286 2278
4 2472 2286 2471 2278
4 3692 3420 3588 2496
4 2473 2451 2358 2042
4 2476 2070 2358 2062
4 2475 2119 2071 2070
4 2476 2358 2072 2067
4 2476 2473 2070 2062
4 2474 2072 2473 2071
4 2476 2473 2072 2071
4 2475 2119 2450 2071
4 2476 2071 2358 2070
4 2475 2474 2119 2070
4 2476 2072 2358 2071
4 2475 2072 2474 2071
4 2476 2473 2071 2070
4 2475 2450 2072 2071
4 2474 2473 2072 2067
4 2474 2473 2043 2042
4 2475 2071 2474 2070
4 2474 2068 2473 2067
4 2475 2474 2072 2067
4 2474 2473 2044 2043
4 2475 2072 2450 2067
4 2474 2069 2473 2068
4 2474 2473 2045 2044
4 2475 2450 2451 2042
4 2474 2473 2069 2046
4 2474 2473 2046 2045
4 2475 2450 2068 2067
4 2475 2068 2474 2067
4 2475 2451 2473 2042
4 2475 2473 2474 2042
4 2475 2043 2450 2042
4 2475 2474 2043 2042
4 2475 2450 2069 2068
4 2475 2069 2474 2068
4 2475 2044 2450 2043
4 2475 2474 2044 2043
4 2475 2069 2450 2046
4 2475 2474 2069 2046
4 2475 2045 2450 2044
4 2475 2474 2045 2044
4 2475 2046 2450 2045
4 2475 2474 2046 2045
4 2476 2072 2473 2067
4 2476 2068 2358 2067
4 2476 2473 2068 2067
4 2476 2069 2358 2068
4 2476 2473 2069 2068
4 2476 2358 2069 2046
4 2476 2069 2473 2046
4 2476 2358 2046 2045
4 2476 2046 2473 2045
4 2476 2358 2045 2044
4 2476 2045 2473 2044
4 2476 2358 2044 2043
4 2476 2044 2473 2043
4 2476 2358 2043 2042
4 2476 2043 2473 2042
4 2476 2473 2358 2042
4 3520 3420 2393 2366
4 3537 2477 2365 2358
4 2484 2449 2448 2073
4 2482 2480 2479 2474
4 3537 3421 2478 2473
4 2483 2482 2475 2450
4 2482 2474 2473 2393
4 3421 2474 2479 2473
4 3421 2473 2476 2393
4 2519 2492 2491 2073
4 2483 2454 2455 2449
4 2484 2449 2483 2448
4 2484 2448 2483 2447
4 2343 2272 2268 1949
4 2484 2461 2460 2276
4 3211 2904 2959 2903
4 2343 1951 2272 1949
4 3421 2482 2473 2393
4 3692 2482 3420 2393
4 2260 2179 2177 1932
4 3419 2501 2500 2487
4 3278 3228 3224 2540
4 2521 2487 2486 2073
4 3635 2927 3582 2926
4 2487 2276 2460 2073
4 2489 2460 2484 2454
4 2489 2484 2460 2276
4 2487 2460 2486 2073
4 2487 2486 2460 2276
4 2488 2276 2487 2073
4 2487 2278 2486 2276
4 2494 2463 2276 2073
4 2487 2286 2486 2278
4 2494 2276 2488 2073
4 2488 2278 2487 2276
4 3198 2825 3197 2073
4 2488 2286 2487 2278
4 2490 2460 2454 2073
4 2490 2454 2489 2073
4 2489 2286 2285 2276
4 2489 2285 2484 2276
4 2489 2278 2286 2276
4 2490 2460 2489 2454
4 2491 2460 2490 2073
4 2490 2489 2460 2276
4 2492 2486 2460 2073
4 2490 2286 2489 2278
4 2490 2278 2489 2276
4 2492 2460 2491 2073
4 2491 2490 2460 2276
4 2491 2286 2490 2278
4 3419 2488 2501 2487
4 2491 2278 2490 2276
4 2492 2460 2486 2276
4 2492 2491 2460 2276
4 2492 2486 2286 2278
4 2492 2286 2491 2278
4 2492 2486 2278 2276
4 2492 2278 2491 2276
4 3692 2496 2483 2482
4 3196 2825 2824 2073
4 2494 2463 2278 2276
4 2494 2278 2488 2276
4 2494 2463 2286 2278
4 2494 2286 2488 2278
4 3419 2510 2509 2463
4 2498 2484 2497 2073
4 2531 2498 2489 2484
4 2517 2516 2491 2490
4 2497 2484 2496 2073
4 2521 2492 2519 2073
4 3734 3091 3090 2648
4 3938 3851 3580 3549
4 3525 3203 3260 3200
4 3419 2521 2494 2488
4 3525 3409 3205 3202
4 3311 3015 3306 2966
4 2825 2770 2771 2073
4 3409 3221 3227 3220
4 3231 2529 2499 2073
4 3238 2852 2851 2073
4 3204 2826 3202 2073
4 2521 2494 2488 2073
4 2521 2488 2487 2073
4 3419 2521 2488 2487
4 3409 3201 3200 2462
4 3409 3219 3204 2463
4 3409 3220 3226 3219
4 3219 3204 2463 2073
4 2516 2491 2490 2073
4 2517 2491 2516 2073
4 3409 3226 3225 3219
4 3419 2522 3409 2521
4 2553 2497 2496 2073
4 3502 1856 1909 1855
4 3197 2825 3196 2073
4 3195 2825 3194 2824
4 3612 2931 2996 2928
4 3419 2494 2502 2488
4 3859 1907 1906 1853
4 2543 2489 2529 2073
4 2519 2518 2490 2489
4 2521 2519 2491 2490
4 2517 2516 2490 2489
4 2519 2518 2489 2484
4 2521 2504 2492 2486
4 2518 2517 2491 2490
4 2521 2505 2504 2486
4 2517 2516 2489 2484
4 2518 2517 2490 2489
4 2521 2504 2503 2491
4 2519 2518 2491 2490
4 2521 2492 2504 2491
4 2518 2517 2489 2484
4 2521 2519 2492 2491
4 2521 2503 2495 2490
4 3219 3204 2826 2825
4 2521 2491 2503 2490
4 3832 3822 3790 3784
4 3200 3011 3198 2825
4 2553 2552 2551 2545
4 2519 2496 2498 2484
4 2519 2516 2517 2484
4 2519 2517 2518 2484
4 2519 2498 2499 2484
4 3461 2614 2613 2560
4 3673 599 3554 598
4 2521 2495 2493 2489
4 2521 2490 2495 2489
4 2521 2519 2490 2489
4 2521 2493 2485 2484
4 2521 2489 2493 2484
4 2521 2519 2489 2484
4 2521 2485 2496 2484
4 2521 2496 2519 2484
4 2553 2497 2532 2496
4 3637 3522 3581 2252
4 2530 2446 2445 2393
4 2553 2496 2530 2445
4 2553 2531 2537 2498
4 3581 3522 3246 3193
4 3192 3182 3173 2893
4 2553 2532 2530 2496
4 3263 3235 3262 2073
4 3342 2924 3341 2918
4 3171 3138 2948 2893
4 2553 2496 2445 2073
4 3309 3287 3302 2962
4 3454 2647 3089 2606
4 3276 2553 2528 2499
4 2719 2666 2667 1020
4 3635 2953 2873 2792
4 3638 2249 1876 1829
4 2531 2527 2489 2073
4 3242 2852 3239 2851
4 2528 2499 2489 2073
4 2528 2489 2527 2073
4 2528 2489 2499 2484
4 2531 2489 2527 2484
4 2528 2527 2489 2484
4 2529 2489 2499 2073
4 2529 2499 2489 2484
4 2541 2490 2540 2073
4 3851 3798 3789 3746
4 3421 2479 2478 2473
4 2531 2499 2498 2484
4 2553 2498 2536 2497
4 2531 2527 2528 2484
4 2531 2528 2499 2484
4 3270 3268 3249 3235
4 3522 2520 3246 2468
4 2553 2498 2497 2073
4 2553 2536 2532 2497
4 2553 2528 2539 2527
4 3262 3255 2516 2073
4 3635 3545 2597 2593
4 3604 1093 3562 369
4 2553 2545 2551 2544
4 2553 2546 2552 2545
4 3288 2531 2553 2498
4 3637 2833 2834 2780
4 3551 3533 1289 1286
4 2553 2543 2544 2535
4 3288 2531 2498 2073
4 2553 2539 2538 2527
4 2553 2551 2550 2544
4 2540 2519 2499 2484
4 2553 2543 2535 2529
4 2541 2540 2490 2489
4 2542 2516 2490 2073
4 2541 2540 2489 2484
4 2541 2516 2519 2484
4 2541 2519 2540 2484
4 2542 2490 2541 2073
4 2542 2490 2516 2489
4 2542 2541 2490 2489
4 2542 2489 2516 2484
4 2542 2516 2541 2484
4 2542 2541 2489 2484
4 3722 3611 3638 3562
4 3679 3581 3522 2522
4 2543 2529 2489 2484
4 2543 2499 2529 2484
4 2543 2540 2499 2484
4 2544 2489 2543 2073
4 2545 2489 2544 2073
4 2545 2490 2489 2073
4 2544 2543 2489 2484
4 2545 2540 2543 2484
4 2545 2543 2544 2484
4 3562 1093 1094 368
4 2545 2544 2489 2484
4 2546 2540 2490 2073
4 2546 2490 2545 2073
4 2546 2490 2540 2489
4 2546 2545 2490 2489
4 2546 2489 2540 2484
4 2546 2540 2545 2484
4 2546 2545 2489 2484
4 2553 2534 2533 2499
4 2553 2537 2536 2498
4 3374 3176 3175 3170
4 2553 2539 2528 2499
4 3289 2498 2553 2073
4 2553 2537 2531 2527
4 3229 2545 2553 2544
4 2854 2816 2814 2796
4 3382 3294 3298 3287
4 3273 3229 2544 2073
4 3455 2989 2982 2567
4 3597 581 580 554
4 2723 2671 1222 1020
4 3679 3252 3581 2522
4 2950 2696 2750 2695
4 2553 2544 2550 2535
4 3635 2955 2875 2874
4 3289 3288 2553 2498
4 3663 3252 3525 2522
4 2553 2529 2534 2499
4 3592 2159 2158 1980
4 3551 1289 3533 1288
4 3612 3042 3582 3039
4 3863 2610 2607 2554
4 3461 2615 2614 2561
4 3276 3237 3275 3236
4 3275 3231 2553 2499
4 3297 3291 3290 2553
4 2996 2933 2932 2924
4 3454 2656 2654 2600
4 3555 1115 3542 1113
4 2664 1107 896 895
4 2679 2671 2672 1222
4 3661 3565 2309 2307
4 2821 2776 2820 2769
4 3637 3581 3006 2820
4 3635 2877 2597 2596
4 3409 3261 3227 3221
4 3859 3723 2037 2036
4 2622 2621 1210 1209
4 3461 2616 2615 2562
4 3545 2570 3455 2566
4 2680 1029 1222 1028
4 3461 2634 2633 2580
4 3652 3088 2625 2624
4 3502 2562 2561 1831
4 3635 2597 3545 2596
4 3859 2037 2038 1856
4 3454 2653 2599 2598
4 2669 1020 2668 990
4 3586 3554 599 598
4 3859 2032 2033 1859
4 3455 2981 2629 2570
4 3542 1206 1204 1203
4 3597 3586 554 553
4 3275 3231 3237 3230
4 3192 3167 3166 2893
4 3938 3851 3859 3789
4 3638 1830 2248 1828
4 2987 2986 2569 1205
4 3581 3007 3006 2820
4 3452 2739 2738 2685
4 3211 2962 2906 2905
4 3198 3197 2470 2073
4 3635 2954 2874 2873
4 2930 2928 2927 2924
4 3657 2076 2023 2022
4 3851 3777 3798 3746
4 3763 3652 3454 3453
4 3455 2629 2623 2566
4 3452 2893 2708 2707
4 3739 3536 3621 3456
4 3635 2930 2877 2876
4 3455 2598 2568 2567
4 3635 2875 2876 2588
4 3652 2579 3542 2569
4 3584 3425 3477 3424
4 3555 2573 2569 1205
4 3643 2599 2601 2576
4 3643 3455 2576 2574
4 3454 2600 2654 2598
4 3545 2985 2597 2593
4 3452 2893 2707 2706
4 3094 2621 2627 1206
4 2850 2796 2849 2073
4 3455 2598 2599 2568
4 3635 2841 2845 2788
4 3798 2784 2785 2581
4 3553 3550 855 851
4 3604 1573 3549 1572
4 3461 2559 2612 2558
4 3657 2075 2076 2022
4 3863 3858 3774 3604
4 3461 2581 2634 2580
4 3502 1884 1827 1824
4 3637 2843 2790 2789
4 3461 3459 3460 1834
4 3502 2562 3461 2561
4 3637 2820 2784 2783
4 3551 1287 3533 1286
4 3461 2617 2616 2563
4 3461 2565 2618 2564
4 3461 2564 2617 2563
4 3581 3522 2820 2252
4 3637 2835 2782 2781
4 3817 3635 3745 3582
4 3502 1910 1909 1856
4 3859 3723 2034 2033
4 2665 2660 1037 961
4 2665 962 892 891
4 2621 1210 1110 1109
4 2622 1186 1210 1109
4 2663 2622 1187 1186
4 2622 1210 2621 1109
4 2665 2664 1037 1019
4 2665 1037 2664 869
4 2663 1108 1107 895
4 2664 1186 1184 896
4 2622 1183 1187 1108
4 2622 1187 1109 1108
4 2665 1037 2660 1019
4 2665 961 1037 869
4 3817 3739 3792 3644
4 3452 2684 1031 997
4 3586 3554 556 555
4 3537 2477 2476 2473
4 2714 2713 2661 1019
4 3409 3219 3225 3204
4 2625 1207 1113 1111
4 2625 2620 1207 1111
4 2714 2661 2662 1019
4 3763 3643 3454 2598
4 2986 1205 1116 1115
4 2986 2569 1205 1115
4 3211 2905 2911 2901
4 2718 2660 2713 1019
4 3652 2602 2577 2575
4 3638 369 417 368
4 3211 2901 2910 2900
4 3452 2684 2685 1031
4 3621 3457 3545 3456
4 3859 2036 2037 1855
4 3635 2845 2953 2792
4 3652 3542 3555 2569
4 3652 2655 2630 2601
4 3769 3657 2024 1796
4 3637 2842 2789 2782
4 3310 3308 2970 2969
4 3461 2618 2617 2564
4 4265 3493 832 823
4 3859 3502 1857 1826
4 3723 2084 2031 2029
4 3637 2042 2776 2041
4 3638 3604 3562 370
4 3460 1834 3459 1828
4 3502 3461 3460 1834
4 3502 2561 1832 1831
4 3193 3010 3009 2823
4 3502 1886 1885 1824
4 2854 2809 2808 2796
4 3502 1887 1886 1831
4 2821 2820 2251 2073
4 3926 3859 2580 1857
4 3278 3274 2547 2540
4 3582 2927 3573 2926
4 3211 2918 2905 2901
4 3798 3746 3678 3637
4 3538 3429 3518 2344
4 3597 3586 555 554
4 3734 2744 2743 2689
4 3859 1914 1861 1855
4 3764 1235 3636 1181
4 3566 3035 3045 3034
4 3455 2568 2990 2567
4 3634 3347 3585 3032
4 3545 2588 2983 2587
4 3545 3455 3457 3451
4 3636 1182 3630 1181
4 3538 2344 3426 2170
4 3538 3429 2344 2170
4 3585 3032 3347 2924
4 3573 2928 2994 2927
4 3635 2592 3545 2591
4 2996 2934 2933 2924
4 3652 2575 2577 2573
4 3763 2599 3643 2598
4 3635 2930 2927 2924
4 3452 2893 1272 1031
4 3736 3433 3680 3042
4 3545 2641 2980 2593
4 3542 1206 1205 1113
4 3537 3520 3421 2393
4 3455 2576 2991 2568
4 2854 2808 2807 2796
4 2722 2669 2670 1020
4 2666 987 1020 986
4 2715 2666 1020 1019
4 3455 2575 2626 2574
4 3455 2982 2572 2567
4 3817 3635 3582 3573
4 3455 2991 2990 2568
4 3545 2647 2595 2594
4 3734 2926 2687 2686
4 3555 1205 2569 1115
4 3454 2604 2657 2603
4 2671 1040 1039 994
4 3455 2619 2595 2566
4 3452 2683 2684 997
4 3455 2572 2982 2571
4 3635 2878 2880 2649
4 3545 2980 2985 2593
4 3455 2982 2981 2571
4 3452 2685 2893 1031
4 3652 3086 3087 2579
4 3587 3069 3068 3020
4 3643 3456 3454 2598
4 3454 2659 2658 2605
4 2665 892 961 869
4 2664 1037 896 892
4 2664 957 962 896
4 2664 896 962 891
4 2664 892 896 891
4 2671 1039 1038 994
4 2717 2716 2664 1019
4 2671 1221 1222 1220
4 2670 1020 2669 991
4 2663 1187 2622 1183
4 2664 1212 1214 1206
4 2663 1210 2622 1186
4 2663 2622 1210 1209
4 2663 1215 2622 1209
4 2663 2622 1215 1214
4 2664 2628 2663 1206
4 2663 2622 1207 1206
4 2663 2622 1212 1207
4 2664 1186 1187 1184
4 2663 2622 1213 1212
4 2663 2622 1214 1213
4 2664 1209 1210 1186
4 2664 1210 2663 1186
4 2664 2663 1210 1209
4 2664 1214 1215 1209
4 2664 1215 2663 1209
4 2664 2663 1215 1214
4 2664 1207 1212 1206
4 2664 2663 1207 1206
4 2664 2663 1212 1207
4 2664 1213 1214 1212
4 2664 2663 1213 1212
4 2664 2663 1214 1213
4 2664 1184 1187 1183
4 2664 1187 2663 1183
4 2664 2663 1184 1183
4 2665 2664 962 891
4 2713 2660 2661 1019
4 2668 989 1020 988
4 2671 1041 1040 994
4 2671 1194 1218 1053
4 2671 1053 1218 1038
4 2671 1217 1218 1216
4 2671 1216 1218 1194
4 2671 1042 1041 994
4 2668 990 1020 989
4 2671 1219 1220 1218
4 2671 1219 1218 994
4 2672 999 1222 995
4 2669 991 1020 990
4 2668 1020 2667 988
4 2671 1218 1217 994
4 2667 988 1020 987
4 2667 1020 2666 987
4 2671 1042 1053 1041
4 2671 1185 1188 1053
4 2671 1194 1188 994
4 2671 1195 1216 1194
4 2671 1053 1042 994
4 2671 1185 1053 994
4 2671 1188 1185 994
4 2671 1195 1194 994
4 2671 1211 1216 1195
4 2671 1217 1216 994
4 3211 2957 2956 2902
4 2671 1211 1195 994
4 2671 1216 1211 994
4 2724 2672 2673 1222
4 2672 995 1222 994
4 2672 1222 1221 994
4 2672 1222 2671 1221
4 2672 1221 1220 994
4 2672 1221 2671 1220
4 2672 1220 1219 994
4 2672 1219 2671 994
4 2672 1220 2671 1219
4 2673 1000 1222 999
4 2673 1222 2672 999
4 3308 3299 2965 2961
4 2674 1002 1222 1001
4 2674 1001 1222 1000
4 2674 1222 2673 1000
4 2680 1222 2678 1027
4 2675 1013 1222 1002
4 2675 1222 2674 1002
4 2676 1021 1222 1014
4 2676 1014 1222 1013
4 2676 1222 2675 1013
4 2677 1026 1222 1021
4 2677 1222 2676 1021
4 2680 1028 1222 1027
4 2678 1027 1222 1026
4 2678 1222 2677 1026
4 2682 1272 1222 1036
4 3551 1312 1287 1286
4 2681 1034 1222 1029
4 2681 1222 2680 1029
4 3452 3107 2711 2701
4 2682 1036 1222 1034
4 2682 1222 2681 1034
4 2683 1272 1036 996
4 2683 1272 2682 1036
4 3211 3208 3210 2897
4 3445 3444 1478 1450
4 3538 3426 2344 2226
4 3352 3073 3080 3072
4 2949 2926 2925 2690
4 3654 3291 3242 3238
4 3238 2849 3237 2073
4 3637 2820 2837 2784
4 3138 3135 2948 2757
4 2893 2693 2762 2692
4 3734 2687 2741 2686
4 3161 3140 3139 2893
4 2950 2925 2697 2696
4 3545 2592 2645 2591
4 3789 3746 3679 3580
4 2930 2879 2877 2876
4 2926 2924 2687 2686
4 3211 2918 2962 2905
4 3452 2708 2893 2685
4 3452 2762 3107 2701
4 3452 2683 997 996
4 2949 2691 2745 2690
4 2820 2768 2769 2073
4 2930 2929 2886 2884
4 3545 2597 2985 2596
4 2950 2697 2751 2696
4 3452 2735 2684 2683
4 3452 997 1272 996
4 3135 3127 3126 2757
4 3692 3420 2496 2393
4 3411 3104 3147 3103
4 3134 2893 2765 2764
4 3452 2712 2732 2711
4 3211 2919 2923 2916
4 3452 2730 2680 1222
4 2962 2918 2906 2905
4 3452 2755 2754 2701
4 3452 2730 2731 2680
4 3452 2707 2737 2706
4 3211 2915 2922 2906
4 3452 2731 2681 2680
4 3211 2956 2868 2815
4 3537 2393 2476 2358
4 3211 2911 2910 2901
4 3734 2649 3091 2648
4 3763 3652 2601 2599
4 3160 3107 2893 1272
4 2730 2678 2680 1222
4 4043 3996 3991 3947
4 2723 2670 2671 1020
4 2719 2715 2666 1020
4 3597 599 602 583
4 2717 2664 2665 1019
4 2716 1206 2664 1019
4 2716 2628 2664 1206
4 3452 2701 2754 2700
4 2720 2719 2667 1020
4 2721 2668 2669 1020
4 2721 2720 2668 1020
4 2723 2671 2679 1222
4 2725 2673 2674 1222
4 2725 2724 2673 1222
4 2726 2674 2675 1222
4 2726 2725 2674 1222
4 2727 2675 2676 1222
4 2727 2726 2675 1222
4 2728 2676 2677 1222
4 2728 2727 2676 1222
4 3598 3171 3138 3135
4 2730 2729 2678 1222
4 2729 2677 2678 1222
4 2729 2728 2677 1222
4 3452 3450 3107 3101
4 3452 2733 2682 2681
4 3452 2700 2753 2699
4 3452 2748 2705 2699
4 3452 2734 2735 2683
4 3452 2762 2701 2700
4 3452 2731 2733 2681
4 3452 2711 2755 2701
4 3584 3424 2327 2318
4 3452 2732 2712 2706
4 3289 3288 2498 2073
4 3452 2734 2683 2682
4 3726 3413 3171 3170
4 3734 3090 3454 2648
4 3452 2682 1272 1222
4 3452 3107 2712 2711
4 3286 3267 2858 2854
4 3652 3542 2579 1206
4 3414 3125 3131 2946
4 3001 3000 2996 2934
4 3311 3017 3016 2967
4 3635 2924 2926 2651
4 3211 2959 2957 2903
4 3452 2737 2736 2706
4 2951 2925 2698 2697
4 2823 2767 2822 2073
4 3138 2948 2893 2757
4 3211 2918 2901 2900
4 2962 2918 2916 2915
4 3649 3138 3161 3134
4 3452 2736 2732 2706
4 3170 2951 2950 2925
4 3537 2476 2477 2358
4 2858 2831 2827 2767
4 2951 2698 2925 2692
4 3745 3582 3635 2992
4 2950 2750 2749 2695
4 3104 3100 3103 2761
4 3542 1205 1206 1203
4 2893 2704 2762 2703
4 2893 1484 1702 1031
4 3135 2948 3126 2947
4 3324 3128 3116 2924
4 3211 2854 2819 2815
4 3073 2936 3072 2924
4 3107 3101 3106 2762
4 3411 3151 3141 3102
4 2762 2752 2751 2697
4 3141 3140 2893 2766
4 2950 2751 2750 2696
4 3382 3287 3298 2796
4 2893 1702 1272 1031
4 3211 2906 2907 2905
4 2951 2762 2950 2697
4 3452 3101 3107 2762
4 3452 2748 2762 2705
4 2893 2703 2762 2702
4 3192 3168 3172 3167
4 3138 3132 3137 2759
4 2762 2746 2752 2692
4 3160 2893 1702 1272
4 3211 2918 2900 2899
4 2762 2698 2752 2697
4 3211 2920 2919 2912
4 3649 3411 3144 3134
4 2762 2694 2746 2692
4 2762 2752 2698 2692
4 3171 2947 3135 2946
4 2762 2709 2694 2693
4 2893 2765 2764 2759
4 2893 2762 2705 2699
4 2762 2693 2694 2692
4 2893 2759 2758 2757
4 3452 2753 2756 2699
4 3382 3329 3328 2918
4 2762 2710 2709 2702
4 2762 2702 2709 2693
4 3597 554 580 553
4 2762 2748 2747 2704
4 2762 2747 2710 2703
4 2762 2703 2710 2702
4 3636 1587 1182 1181
4 2762 2704 2747 2703
4 2893 2705 2762 2704
4 2762 2705 2748 2704
4 3047 2935 3046 2924
4 3411 3145 3151 3102
4 3211 2908 2959 2899
4 2951 2893 2762 2692
4 3138 3137 3136 2758
4 3252 3249 2521 2519
4 3370 3076 3368 3075
4 2928 2926 2927 2924
4 3211 2815 2819 2796
4 3211 2902 2956 2815
4 3032 2942 2941 2924
4 3211 2819 2854 2796
4 2951 2698 2762 2697
4 3211 2960 3208 2891
4 3411 3108 3104 2893
4 2951 2950 2925 2697
4 3211 2900 2909 2899
4 3292 3288 3277 2553
4 2972 2891 2918 2890
4 2893 2766 2765 2760
4 2893 2762 2761 2760
4 3751 3522 3723 2259
4 3859 1861 1914 1860
4 2822 2767 2821 2073
4 3193 2275 2822 2251
4 2820 2252 2251 2073
4 3637 2820 2769 2073
4 3411 3110 3152 3109
4 3817 3621 3591 3545
4 3276 3236 3275 2073
4 3572 3427 3430 2224
4 3522 3193 2821 2251
4 3926 2636 2635 2582
4 3637 2820 2776 2769
4 3193 2823 2822 2073
4 2963 2914 2962 2913
4 3461 2580 2633 2565
4 2822 2768 2821 2767
4 3419 2494 2521 2463
4 3635 2930 2884 2882
4 3638 2250 3502 1828
4 3502 2250 1882 1828
4 3419 2500 2505 2486
4 3235 3224 3228 2073
4 3863 3774 3722 3604
4 3722 3638 3502 1828
4 3863 3604 1093 1067
4 2820 2779 2775 2773
4 3194 2825 3193 2824
4 3637 2252 2820 2073
4 2820 2767 2768 2073
4 3679 3581 3637 3522
4 3193 3011 3010 2824
4 3926 2580 2565 1826
4 3202 3201 2462 2073
4 3545 2595 2619 2594
4 3859 2033 2034 1859
4 3454 2658 2657 2604
4 3851 3746 3789 3580
4 3722 3502 3460 1828
4 2821 2768 2820 2767
4 2820 2775 2774 2773
4 2846 2772 2829 2073
4 3545 2594 2641 2593
4 2859 2854 2799 2793
4 3502 1881 1887 1832
4 3308 2969 2961 2918
4 3454 2606 2659 2605
4 3901 3798 3851 3777
4 2837 2784 2820 2783
4 3774 3460 3459 1828
4 3635 2878 2649 2597
4 3193 2824 3010 2823
4 3195 3194 2466 2073
4 3666 3324 3121 2924
4 3553 884 862 855
4 3798 3637 2790 2789
4 3581 3193 3007 2821
4 3461 2562 2615 2561
4 3798 3637 2782 2781
4 3798 3637 2781 2780
4 2825 2824 2771 2767
4 2821 2769 2820 2768
4 3637 2073 2776 2042
4 2823 2768 2822 2767
4 3238 2851 2850 2073
4 2829 2770 2826 2073
4 3637 2776 2773 2041
4 2824 2771 2823 2073
4 2930 2881 2878 2877
4 2829 2772 2770 2073
4 3211 2922 2907 2906
4 3274 3224 3222 2540
4 3286 2858 2857 2796
4 2849 2794 2793 2073
4 3290 3237 3289 2073
4 3255 3251 2517 2073
4 2852 2796 2851 2073
4 2851 2796 2850 2073
4 3197 3196 2471 2073
4 3249 3220 2494 2073
4 2824 2823 2771 2767
4 2849 2793 2848 2073
4 3748 3194 3247 3193
4 3196 3011 3195 2825
4 3637 2776 2820 2773
4 3798 2790 2791 2586
4 2825 2771 2824 2073
4 2847 2793 2772 2073
4 2822 2776 2821 2769
4 3194 2467 2466 2073
4 2847 2772 2846 2073
4 3220 3219 2463 2073
4 3525 3199 3259 3197
4 3236 3224 3235 3222
4 3249 2494 2521 2073
4 3229 2545 2544 2073
4 3211 2903 2902 2796
4 3242 3238 2853 2852
4 3635 2954 2955 2874
4 2872 2854 2819 2818
4 3287 2962 3211 2918
4 2854 2811 2810 2796
4 3255 3234 3251 2073
4 2860 2854 2806 2804
4 2867 2866 2854 2812
4 2893 2700 2762 2699
4 3288 2553 2531 2527
4 3242 2853 3238 2796
4 3410 3243 3241 2855
4 2872 2819 2854 2815
4 2854 2801 2800 2795
4 2854 2795 2800 2794
4 3211 2917 2919 2916
4 3635 2955 2930 2875
4 2822 2769 2821 2768
4 2822 2251 2275 2073
4 2822 2821 2251 2073
4 3276 2528 2527 2073
4 3732 2515 2514 2466
4 3193 2825 3011 2824
4 3202 2465 2464 2073
4 2823 2776 2822 2769
4 2824 2768 2823 2767
4 2823 2769 2822 2768
4 3859 1861 2036 1855
4 3194 3011 3193 2825
4 3194 2824 3193 2073
4 2851 2796 2795 2794
4 2823 2821 2822 2776
4 3522 2820 2252 2251
4 2824 2769 2823 2768
4 2825 2768 2824 2767
4 3732 2514 3632 2466
4 3663 3197 3259 3196
4 3263 3262 2516 2073
4 2824 2776 2823 2769
4 3200 3198 2469 2073
4 3559 3303 3302 2962
4 3452 1031 1272 997
4 2825 2769 2824 2768
4 2826 2771 2825 2770
4 3748 3248 3247 3194
4 2825 2776 2824 2769
4 3748 3663 3195 2466
4 3200 2825 3198 2073
4 2848 2847 2793 2772
4 2826 2825 2771 2767
4 3193 2468 2275 2251
4 2825 2823 2824 2776
4 2846 2829 2772 2770
4 2826 2768 2825 2767
4 2829 2826 2771 2767
4 3276 3275 2553 2499
4 2826 2776 2825 2769
4 2829 2771 2826 2770
4 2826 2769 2825 2768
4 2859 2832 2854 2772
4 3195 2824 3194 2073
4 2829 2768 2826 2767
4 2847 2846 2772 2770
4 3250 3234 3249 3233
4 3238 2850 2849 2073
4 2846 2771 2829 2770
4 2860 2813 2854 2804
4 3197 3011 3196 2825
4 3196 2824 3195 2073
4 2829 2769 2826 2768
4 2846 2829 2771 2767
4 3234 2829 3233 2073
4 3663 3525 3523 2522
4 2829 2776 2826 2769
4 2846 2768 2829 2767
4 3242 2853 3240 2852
4 2848 2847 2772 2770
4 2849 2848 2772 2770
4 2846 2769 2829 2768
4 2847 2771 2846 2770
4 3195 3011 3194 2825
4 3196 2825 3195 2824
4 3419 2505 2521 2486
4 3523 2511 3419 2465
4 3228 2546 2545 2073
4 2859 2854 2793 2772
4 3635 2840 2841 2787
4 2837 2820 2836 2783
4 3290 3289 2553 2073
4 3502 1882 1834 1828
4 3723 2042 3637 2041
4 3637 2842 2843 2789
4 3635 2651 2926 2650
4 3798 2791 2844 2786
4 3938 3502 1827 1824
4 3723 2252 2040 2039
4 2836 2783 2820 2774
4 2836 2820 2775 2774
4 3926 1827 3859 1826
4 3722 3638 3611 3501
4 3635 2877 2878 2597
4 3859 2035 2036 1861
4 3545 2645 2592 2587
4 3643 2599 2576 2568
4 3637 2834 2835 2781
4 3637 2838 2833 2780
4 3635 2882 2924 2650
4 3637 2820 2783 2774
4 3635 2880 2882 2650
4 3637 2837 2838 2784
4 3635 2649 2648 2593
4 2972 2971 2918 2891
4 3587 3029 3065 3021
4 3250 3249 2519 2073
4 2847 2846 2771 2767
4 3263 2541 3222 2073
4 2846 2776 2829 2769
4 2854 2802 2805 2798
4 2849 2848 2793 2772
4 2848 2771 2847 2770
4 3986 3926 2565 2564
4 3193 3008 3007 2821
4 2847 2768 2846 2767
4 3236 3230 3231 2073
4 2854 2805 2803 2798
4 2846 2825 2826 2776
4 2846 2826 2829 2776
4 2848 2847 2771 2767
4 2847 2769 2846 2768
4 2849 2771 2848 2770
4 2850 2849 2794 2793
4 2854 2810 2809 2796
4 2847 2776 2846 2769
4 2849 2848 2771 2767
4 2848 2768 2847 2767
4 2851 2850 2796 2794
4 3382 2918 3287 2796
4 2848 2776 2847 2769
4 2850 2849 2793 2772
4 2848 2769 2847 2768
4 2850 2849 2772 2770
4 2849 2768 2848 2767
4 2851 2850 2794 2793
4 3242 2855 2853 2796
4 2849 2769 2848 2768
4 2850 2771 2849 2770
4 2852 2851 2796 2795
4 2851 2850 2793 2772
4 3193 2823 3009 2822
4 2849 2776 2848 2769
4 2854 2804 2813 2802
4 2848 2846 2847 2776
4 2850 2849 2771 2767
4 2851 2850 2772 2770
4 2850 2768 2849 2767
4 2852 2851 2795 2794
4 2851 2771 2850 2770
4 2850 2769 2849 2768
4 2852 2851 2794 2793
4 2850 2776 2849 2769
4 2851 2850 2771 2767
4 2854 2803 2801 2797
4 2854 2798 2803 2797
4 2852 2851 2793 2772
4 2851 2768 2850 2767
4 2853 2852 2795 2794
4 2853 2796 2797 2795
4 3502 1884 1880 1826
4 2853 2852 2796 2795
4 3196 2472 2471 2073
4 3748 3194 3193 2467
4 2850 2825 2846 2776
4 2850 2846 2848 2776
4 2850 2848 2849 2776
4 2851 2769 2850 2768
4 2852 2851 2772 2770
4 2854 2812 2811 2796
4 2851 2776 2850 2769
4 2858 2807 2854 2806
4 3291 3290 2553 2073
4 2852 2771 2851 2770
4 2855 2771 2853 2770
4 2857 2856 2772 2770
4 2853 2852 2794 2793
4 3522 3252 3246 2520
4 2853 2768 2852 2767
4 2851 2823 2825 2776
4 2851 2825 2850 2776
4 2854 2797 2801 2795
4 3288 2527 2531 2073
4 2852 2851 2771 2767
4 2854 2814 2812 2796
4 2853 2852 2793 2772
4 3222 2541 2540 2073
4 2852 2768 2851 2767
4 2854 2800 2799 2794
4 2853 2852 2772 2770
4 2852 2769 2851 2768
4 2853 2771 2852 2770
4 2855 2797 2853 2796
4 2852 2776 2851 2769
4 2858 2804 2854 2802
4 2858 2807 2806 2796
4 2855 2853 2771 2767
4 2853 2852 2771 2767
4 2858 2857 2772 2770
4 2856 2855 2771 2767
4 2856 2771 2855 2770
4 2853 2769 2852 2768
4 2858 2806 2804 2796
4 2855 2853 2797 2795
4 2856 2797 2855 2796
4 2853 2776 2852 2769
4 2858 2804 2802 2796
4 2858 2772 2854 2770
4 2857 2856 2771 2767
4 2853 2851 2852 2776
4 2856 2855 2772 2770
4 2856 2855 2794 2793
4 2856 2855 2795 2794
4 2858 2771 2857 2770
4 2858 2802 2798 2796
4 2857 2856 2794 2793
4 2854 2794 2799 2793
4 2855 2853 2772 2770
4 2854 2817 2816 2796
4 2858 2854 2807 2796
4 3249 2521 2519 2073
4 2854 2832 2830 2770
4 2858 2806 2854 2804
4 2854 2818 2817 2796
4 2858 2854 2830 2770
4 2854 2772 2832 2770
4 2858 2830 2831 2770
4 2854 2819 2818 2796
4 3242 3240 3239 2852
4 3545 2645 2644 2591
4 3287 2903 3211 2796
4 2931 2926 2928 2924
4 2855 2768 2853 2767
4 2855 2853 2793 2772
4 2856 2798 2797 2796
4 2855 2853 2795 2794
4 2856 2768 2855 2767
4 2858 2831 2771 2770
4 2857 2856 2793 2772
4 2858 2798 2857 2796
4 2855 2769 2853 2768
4 2855 2853 2794 2793
4 2857 2856 2798 2797
4 2857 2798 2856 2796
4 2856 2855 2797 2795
4 2856 2855 2793 2772
4 2855 2776 2853 2769
4 2858 2793 2854 2772
4 2858 2857 2793 2772
4 2857 2771 2856 2770
4 2856 2769 2855 2768
4 2858 2857 2771 2767
4 2856 2776 2855 2769
4 2857 2856 2797 2795
4 2858 2802 2854 2798
4 2858 2857 2795 2794
4 2856 2853 2855 2776
4 3409 3249 3223 3221
4 3220 2463 2494 2073
4 2858 2777 2778 2769
4 2858 2777 2769 2768
4 2858 2769 2857 2768
4 2856 2851 2853 2776
4 2858 2827 2828 2767
4 2857 2768 2856 2767
4 2858 2771 2831 2767
4 2857 2856 2795 2794
4 2858 2794 2854 2793
4 2858 2857 2794 2793
4 2858 2798 2854 2797
4 2857 2769 2856 2768
4 2858 2857 2798 2797
4 2858 2828 2768 2767
4 2858 2828 2777 2768
4 2857 2776 2856 2769
4 2858 2768 2857 2767
4 2858 2795 2854 2794
4 2858 2857 2797 2795
4 2858 2797 2854 2795
4 2858 2778 2779 2773
4 2858 2778 2776 2769
4 2858 2776 2857 2769
4 3859 1859 1912 1858
4 2858 2779 2820 2773
4 2858 2776 2778 2773
4 2858 2856 2857 2776
4 2858 2820 2776 2773
4 2858 2820 2821 2776
4 3263 3236 3262 3235
4 2858 2821 2823 2776
4 2858 2823 2851 2776
4 2858 2851 2856 2776
4 2861 2854 2807 2806
4 2861 2860 2854 2806
4 2862 2854 2808 2807
4 2862 2861 2854 2807
4 2863 2854 2809 2808
4 2863 2862 2854 2808
4 3637 2252 2073 2042
4 2865 2854 2811 2810
4 3798 2786 2590 2589
4 2864 2854 2810 2809
4 2864 2863 2854 2809
4 2865 2864 2854 2810
4 2867 2854 2814 2812
4 2866 2854 2812 2811
4 2866 2865 2854 2811
4 2872 2854 2868 2815
4 2870 2869 2854 2816
4 2870 2854 2817 2816
4 2926 2925 2690 2689
4 2869 2854 2816 2814
4 2869 2867 2854 2814
4 2871 2854 2818 2817
4 2871 2870 2854 2817
4 2872 2871 2854 2818
4 3573 2927 2993 2926
4 3455 2988 2991 2574
4 3635 2930 2886 2884
4 3763 3682 3652 3453
4 3612 2930 2928 2927
4 3418 3058 3057 3050
4 3798 3637 2789 2782
4 3734 2647 3454 2606
4 3545 2605 3456 2604
4 2958 2879 2930 2876
4 3211 2959 2904 2899
4 3352 3082 3080 3073
4 3028 2929 3027 2924
4 3635 2597 2649 2593
4 3926 3798 2585 2584
4 2932 2926 2931 2924
4 2930 2881 2883 2878
4 3734 2926 2651 2650
4 3817 3734 3545 2647
4 3455 2600 2598 2567
4 3734 2689 2743 2688
4 3612 2996 2932 2924
4 3288 3275 3276 3237
4 3612 2930 2996 2924
4 3817 3591 3635 3545
4 3000 2996 2934 2933
4 3734 3096 3095 2651
4 3734 2742 2741 2687
4 2932 2931 2930 2924
4 2926 2924 2688 2687
4 3452 2756 2748 2699
4 2926 2924 2686 2652
4 3734 2648 3454 2647
4 2997 2996 2930 2924
4 2893 2702 2762 2693
4 3411 3105 3111 2893
4 3211 2919 2917 2912
4 3211 2910 2909 2900
4 3138 3136 3135 2758
4 3621 3545 2606 2605
4 3455 2991 2576 2574
4 3734 3635 2650 2649
4 3032 2943 2942 2924
4 3211 2962 2915 2906
4 3211 2917 2962 2912
4 3635 2592 2873 2587
4 3211 2962 2916 2915
4 3211 2909 2908 2899
4 2962 2918 2917 2916
4 3211 2913 2921 2912
4 3211 2916 2923 2915
4 2962 2917 2918 2912
4 3211 2923 2922 2915
4 3192 3166 3171 2893
4 3252 2521 2522 2519
4 3635 2930 3582 2927
4 3666 3032 3324 2924
4 3341 3076 3340 3075
4 3143 3134 2893 2765
4 3881 3875 3839 3469
4 3211 3207 2960 2890
4 3545 2596 2984 2588
4 2930 2879 2881 2877
4 3637 2835 2842 2782
4 3545 2984 2983 2588
4 3032 3005 3004 2938
4 3211 2962 2917 2916
4 3635 2927 2926 2924
4 3121 3117 3115 2943
4 3211 2914 3210 2913
4 3211 3210 2921 2913
4 2977 2929 2968 2884
4 2963 2962 2914 2897
4 3211 2962 2914 2913
4 3211 2960 2891 2890
4 2965 2964 2918 2914
4 2972 2886 2966 2884
4 2930 2929 2924 2918
4 3635 2886 2924 2884
4 2930 2918 2924 2886
4 3734 3093 3091 2649
4 3561 3171 3414 2952
4 3734 3635 2926 2650
4 3545 2985 2984 2596
4 3734 3095 3093 2650
4 3635 2930 2924 2886
4 3764 1262 1258 1204
4 3635 2873 2874 2587
4 3573 2996 2994 2928
4 3792 3742 3734 2926
4 3635 2788 2792 2591
4 2930 2887 2918 2886
4 2930 2929 2887 2886
4 2930 2888 2918 2887
4 2930 2929 2888 2887
4 2930 2929 2918 2888
4 3637 2785 2838 2780
4 2934 2932 2933 2924
4 4093 3801 3747 3716
4 3074 2940 3032 2939
4 3597 556 582 555
4 3612 3019 3027 2929
4 3734 2926 2688 2687
4 2936 2934 2935 2924
4 2936 2926 2932 2924
4 2936 2932 2934 2924
4 3211 2907 2911 2905
4 3524 3324 3169 3120
4 2938 2936 2937 2924
4 3644 3643 3457 3456
4 2962 2918 2915 2906
4 3308 2965 2964 2918
4 3543 3477 3530 2414
4 2940 2938 2939 2924
4 2945 2943 2944 2924
4 3307 3018 3017 2968
4 3287 2918 2904 2796
4 2941 2938 2940 2924
4 3128 2949 2926 2925
4 3211 2868 2854 2815
4 2943 2936 2938 2924
4 2996 2995 2994 2928
4 2949 2925 2695 2691
4 2943 2941 2942 2924
4 3192 3178 3177 3166
4 2950 2949 2925 2695
4 2943 2938 2941 2924
4 3726 3171 3413 3129
4 2997 2930 2929 2924
4 2949 2925 2691 2690
4 2950 2762 2751 2697
4 2945 2926 2936 2924
4 3418 3049 3048 3029
4 2951 2925 2893 2692
4 2948 2765 2893 2759
4 2948 2759 2893 2757
4 2951 2762 2893 2760
4 2948 2893 2765 2760
4 2950 2925 2696 2695
4 2949 2745 2744 2690
4 3564 3119 3124 2975
4 2950 2695 2749 2691
4 2950 2949 2695 2691
4 2950 2749 2745 2691
4 2950 2745 2949 2691
4 3411 3104 3103 2893
4 2951 2893 2948 2760
4 2951 2947 2948 2893
4 2952 2946 2947 2893
4 2952 2947 2951 2893
4 3382 3351 3350 3329
4 3817 2594 3545 2593
4 3637 2820 2774 2773
4 3723 2041 2773 2040
4 3211 2902 2815 2796
4 3211 2903 2957 2902
4 2958 2876 2930 2875
4 2958 2930 2955 2875
4 3308 3301 3300 2961
4 2963 2918 2913 2912
4 2962 2894 2895 2886
4 2962 2895 2887 2886
4 3211 3210 2914 2897
4 2963 2962 2897 2891
4 2962 2894 2886 2884
4 2962 2892 2884 2882
4 2962 2892 2894 2884
4 2962 2885 2892 2882
4 3612 2930 2931 2928
4 2962 2883 2885 2880
4 2962 2885 2882 2880
4 2962 2884 2930 2882
4 2972 2969 2971 2884
4 2962 2930 2883 2880
4 2962 2882 2930 2880
4 2962 2929 2930 2884
4 2963 2913 2962 2912
4 2963 2962 2918 2912
4 2964 2918 2914 2913
4 2963 2962 2891 2890
4 2964 2963 2918 2913
4 2963 2962 2890 2889
4 3763 2601 3643 2599
4 2963 2962 2889 2888
4 2965 2918 2961 2897
4 2963 2962 2888 2887
4 2964 2914 2963 2913
4 2963 2962 2887 2886
4 2964 2963 2914 2897
4 2965 2914 2918 2897
4 2963 2962 2886 2884
4 2965 2964 2914 2897
4 2964 2963 2897 2891
4 3211 2891 2962 2890
4 2964 2963 2886 2884
4 2965 2961 2962 2884
4 2964 2963 2891 2890
4 2965 2897 2961 2891
4 2964 2963 2887 2886
4 2965 2964 2897 2891
4 2964 2963 2890 2889
4 2965 2962 2963 2884
4 2964 2963 2888 2887
4 2965 2963 2964 2884
4 2964 2963 2889 2888
4 2965 2886 2961 2884
4 2965 2964 2886 2884
4 2965 2891 2961 2890
4 2965 2964 2891 2890
4 2965 2887 2961 2886
4 2965 2964 2887 2886
4 2965 2890 2961 2889
4 2965 2964 2890 2889
4 2965 2888 2961 2887
4 2965 2964 2888 2887
4 2965 2889 2961 2888
4 2965 2964 2889 2888
4 2967 2966 2886 2884
4 2969 2897 2918 2891
4 2969 2961 2897 2891
4 3027 3019 3014 2929
4 2969 2961 2918 2897
4 3074 2938 2937 2924
4 2972 2971 2890 2889
4 2969 2961 2891 2890
4 2967 2966 2887 2886
4 2968 2967 2886 2884
4 2967 2966 2889 2888
4 3798 2790 2586 2585
4 2967 2966 2890 2889
4 2967 2966 2918 2890
4 3060 3024 3023 2924
4 3368 3073 3366 2924
4 2967 2966 2888 2887
4 3028 2997 3027 2929
4 3000 2999 2996 2933
4 2968 2967 2887 2886
4 3612 2992 3019 2929
4 2968 2967 2889 2888
4 2968 2890 2918 2889
4 2968 2967 2890 2889
4 2968 2967 2918 2890
4 3663 3196 3195 2466
4 2968 2967 2888 2887
4 2969 2961 2890 2889
4 2969 2961 2889 2888
4 3370 3314 3356 3313
4 2969 2961 2888 2887
4 3211 2914 2962 2897
4 2969 2961 2887 2886
4 2970 2969 2918 2891
4 2969 2961 2886 2884
4 2971 2969 2970 2884
4 3559 3407 2964 2963
4 2970 2969 2891 2890
4 3192 3167 3178 3166
4 2970 2969 2890 2889
4 2970 2969 2889 2888
4 2972 2918 2966 2890
4 2970 2969 2888 2887
4 2971 2970 2918 2891
4 2970 2969 2887 2886
4 3311 2971 2970 2918
4 3291 2796 3238 2073
4 2970 2969 2886 2884
4 2971 2970 2886 2884
4 2972 2961 2969 2884
4 3382 3350 3330 3329
4 2971 2970 2891 2890
4 2972 2971 2886 2884
4 2971 2970 2887 2886
4 2972 2966 2967 2884
4 2971 2970 2890 2889
4 2972 2971 2891 2890
4 2971 2970 2888 2887
4 2972 2890 2966 2889
4 2971 2970 2889 2888
4 2997 2934 2996 2924
4 2972 2967 2968 2884
4 2972 2887 2966 2886
4 2972 2971 2887 2886
4 2972 2889 2966 2888
4 2972 2971 2889 2888
4 2972 2962 2961 2884
4 2972 2888 2966 2887
4 2972 2971 2888 2887
4 2972 2929 2962 2884
4 2972 2968 2929 2884
4 3047 3031 3030 2924
4 3192 3160 2893 1484
4 2974 2945 2973 2924
4 3121 2974 2973 2924
4 3311 2972 3307 2966
4 2975 2945 2974 2924
4 2354 2273 2272 1951
4 2975 2926 2945 2924
4 2976 2968 2918 2889
4 2976 2968 2889 2888
4 3612 2932 2930 2924
4 2976 2968 2888 2887
4 2976 2968 2887 2886
4 2977 2968 2976 2884
4 2976 2968 2886 2884
4 2979 2978 2924 2918
4 2977 2976 2886 2884
4 3192 3173 3174 3168
4 2977 2976 2918 2889
4 2978 2977 2918 2889
4 2977 2976 2887 2886
4 3050 2935 3049 2924
4 2977 2976 2889 2888
4 3308 3300 3299 2961
4 2977 2976 2888 2887
4 2979 2929 2977 2884
4 2978 2977 2889 2888
4 2979 2924 2929 2918
4 2978 2977 2888 2887
4 2979 2977 2978 2884
4 2978 2977 2887 2886
4 3059 3025 3024 2924
4 2997 2935 2996 2934
4 2978 2977 2886 2884
4 2979 2886 2929 2884
4 2979 2978 2886 2884
4 2979 2918 2929 2888
4 2979 2887 2929 2886
4 2979 2978 2887 2886
4 2979 2888 2929 2887
4 2979 2978 2888 2887
4 2979 2889 2918 2888
4 2979 2978 2889 2888
4 2979 2978 2918 2889
4 3635 2992 3582 2930
4 3452 2708 2738 2707
4 3792 3644 3739 3536
4 3635 2792 2592 2591
4 3792 3053 3742 2926
4 3635 2788 2591 2590
4 3454 2654 2646 2598
4 3644 3536 3582 3433
4 3734 2926 2690 2689
4 3454 2605 2658 2604
4 3454 2657 2656 2603
4 3652 2632 3086 2578
4 3643 3455 2599 2568
4 3789 3723 3751 3679
4 3046 2935 3035 2924
4 3308 2961 2965 2918
4 3654 3291 3286 3242
4 3407 3308 3299 2965
4 3192 3164 3162 3161
4 3859 1856 3502 1855
4 3722 3580 3562 3549
4 3635 3545 2592 2587
4 3542 1206 1208 1204
4 3311 3306 2972 2966
4 3611 3562 424 417
4 3001 2996 2935 2934
4 3287 2854 3286 2796
4 3405 2924 3351 2918
4 3635 2596 3545 2588
4 3635 2648 2594 2593
4 3051 2936 3050 2924
4 3734 2686 2740 2652
4 3635 2884 2924 2882
4 2996 2931 2995 2928
4 3612 2997 2930 2929
4 3635 2588 3545 2587
4 2998 2995 2996 2931
4 2998 2996 2932 2931
4 2999 2996 2933 2932
4 2999 2998 2996 2932
4 3028 2997 2929 2924
4 3072 3061 2936 2935
4 3734 3621 3545 2606
4 3582 3433 3573 3039
4 3048 2935 3047 2924
4 3573 2994 2993 2927
4 3417 3357 3313 3312
4 3418 3417 3025 3020
4 3584 3425 3424 2318
4 3736 3612 2997 2996
4 3138 2893 2763 2759
4 3726 3617 3552 3170
4 3287 2963 2962 2918
4 3059 2936 3051 2924
4 3251 3234 3250 2073
4 3352 3079 3071 3061
4 3525 3409 3201 3200
4 3409 2522 3252 2521
4 3523 2512 2511 2462
4 3193 2822 3008 2821
4 3193 2275 2468 2073
4 3193 3009 3008 2822
4 3235 3222 3224 2073
4 3193 2822 2821 2251
4 3200 2469 2462 2073
4 3409 3202 3201 2462
4 3229 3228 2545 2073
4 3635 2874 2875 2587
4 3193 2468 2467 2073
4 3255 2517 2516 2073
4 3723 2252 2038 2037
4 3433 3358 3417 3352
4 3288 3276 3277 3237
4 3326 3307 3325 2918
4 3307 2966 2972 2918
4 3433 3357 3353 3352
4 3311 2972 2971 2918
4 3342 3337 3336 2918
4 3032 2941 2940 2924
4 3311 3016 3015 2966
4 3311 2972 3306 2971
4 3612 3582 2930 2927
4 3612 2932 2996 2931
4 3415 3124 3123 2974
4 3287 2904 2903 2796
4 3021 3013 3020 2978
4 3411 3111 3153 3110
4 3021 3020 2924 2918
4 3021 2978 2977 2918
4 3021 2977 3020 2918
4 3021 2978 3020 2977
4 3750 2307 3477 2414
4 3317 3312 2968 2918
4 3307 2967 2966 2918
4 3407 3308 2964 2918
4 3339 3076 3323 3075
4 3314 3022 2977 2976
4 3357 3353 3352 3314
4 3032 2944 2943 2924
4 3023 3022 2924 2918
4 3644 3555 1592 1588
4 3023 3013 3022 2978
4 3048 3047 3030 2924
4 3023 2978 3022 2977
4 3023 2977 2976 2918
4 3023 2976 3022 2918
4 3023 2977 3022 2976
4 3024 3023 2924 2918
4 3347 3084 3083 3076
4 3024 3013 3023 2978
4 3566 3035 3034 3027
4 3024 2977 3023 2918
4 3024 2978 3023 2977
4 3025 2924 3020 2918
4 3025 3024 2924 2918
4 3025 3020 3013 2978
4 3025 3013 3024 2978
4 3025 3020 2977 2918
4 3025 2977 3024 2918
4 3025 3020 2978 2977
4 3025 2978 3024 2977
4 3027 3014 3013 2978
4 3035 2935 3034 2924
4 3027 3013 3026 2978
4 3027 3014 2979 2929
4 3027 2929 2979 2924
4 3027 2979 3026 2924
4 3027 2979 3014 2978
4 3027 3026 2979 2978
4 3455 2623 2619 2566
4 3407 2964 2963 2918
4 3060 2936 3059 2924
4 3034 2935 3033 2924
4 3028 2934 2997 2924
4 3028 2935 2997 2934
4 3029 3013 3021 2978
4 3817 3745 3635 3591
4 3417 3313 3319 3312
4 3029 2978 3021 2918
4 3029 3021 2924 2918
4 3030 3013 3029 2978
4 3418 3352 3071 3061
4 3030 2924 2978 2918
4 3030 2978 3029 2918
4 3030 3029 2924 2918
4 3031 3026 3013 2978
4 3031 3013 3030 2978
4 3031 2978 3030 2924
4 3031 2979 2978 2924
4 3031 3026 2979 2924
4 3031 2979 3026 2978
4 3032 2939 3005 2938
4 3074 2940 2939 2924
4 3060 3059 3024 2924
4 3417 3314 3352 3022
4 3049 2935 3048 2924
4 3418 3059 3066 3051
4 3314 2976 3313 2918
4 3050 2936 2935 2924
4 3033 2935 2934 2924
4 3033 2934 3028 2924
4 3033 2935 3028 2934
4 3050 3049 3021 2924
4 3033 3028 3027 2924
4 3035 3033 3034 2935
4 3034 3033 3027 2924
4 3035 3027 3026 2924
4 3035 3034 3027 2924
4 3418 3051 3050 3020
4 3680 3042 3566 3027
4 3663 3523 3525 2472
4 3635 2924 2651 2650
4 3418 3071 3067 3060
4 3566 3035 3027 3026
4 3311 2970 2969 2918
4 3051 3020 3025 2924
4 3598 3161 3412 3144
4 3374 3171 3170 2925
4 3392 3375 3338 3323
4 3418 3066 3058 3051
4 3636 1235 1587 1181
4 3587 3417 3025 3024
4 3417 3319 3318 3312
4 3311 2968 3017 2967
4 3612 2930 2992 2929
4 3061 3060 3023 2924
4 3048 3030 3029 2924
4 3612 2997 2996 2930
4 3612 3573 3582 2927
4 3566 3047 3046 3031
4 3736 2997 3040 2996
4 3612 2928 3573 2927
4 3287 3267 3286 2854
4 3585 3416 3347 3081
4 3311 3310 3308 2970
4 3351 3076 3350 2924
4 3736 3612 3042 3027
4 3660 3418 3031 3030
4 3452 2738 2737 2707
4 3680 3433 3566 3042
4 3417 3062 3320 3022
4 3566 3418 3047 3031
4 3566 3418 3048 3047
4 3566 3048 3055 3047
4 3047 3028 3033 2935
4 3046 3026 3031 2924
4 3047 3046 3031 2924
4 3046 3035 3026 2924
4 3418 3061 3071 3060
4 3074 3032 2940 2924
4 3418 3047 3031 3030
4 3047 3033 3035 2935
4 3047 3035 3046 2935
4 3059 3051 3025 2924
4 3192 3162 3158 2893
4 3048 2997 3028 2935
4 3048 3028 3047 2935
4 3418 3417 3352 3025
4 3049 3029 3021 2924
4 3049 3048 3029 2924
4 3059 3051 2936 2935
4 3050 3021 3020 2924
4 3652 2579 2624 1206
4 3817 3573 3582 3536
4 3418 3417 3358 3352
4 3051 3050 2936 2935
4 3582 3536 3573 3433
4 3050 3048 3049 2935
4 3417 3320 3314 3022
4 3051 3048 3050 2935
4 3078 3073 3076 2935
4 3051 2997 3048 2935
4 3078 3074 2996 2935
4 3418 3048 3030 3029
4 3566 3034 3033 3027
4 3660 3031 3037 3030
4 3566 3046 3052 3035
4 3566 3031 3046 3026
4 3418 3352 3060 3059
4 3418 3048 3047 3030
4 3352 3060 3059 3024
4 3587 3064 3417 3024
4 3374 3192 3171 2893
4 3587 3418 3030 3029
4 3587 3021 3070 3020
4 3680 3033 3028 3027
4 3418 3051 3058 3050
4 3078 3076 3077 2935
4 3370 3368 3356 3314
4 3061 2936 3060 2924
4 3307 2976 3018 2968
4 3060 3059 2936 2935
4 3411 3111 3110 2893
4 3192 3184 3189 3182
4 3598 3412 3171 3135
4 3382 3328 3287 2918
4 3417 3063 3062 3022
4 3060 3051 3059 2935
4 3074 2939 3032 2938
4 3347 3078 3077 2924
4 3061 3060 2936 2935
4 3585 3324 3032 2924
4 3072 2936 3061 2924
4 3357 3356 3314 3313
4 3726 3552 3413 3170
4 3072 3060 3061 2935
4 3660 3037 3036 3030
4 3074 2939 2938 2924
4 3418 3352 3061 3060
4 3352 3059 3051 3025
4 3352 3059 3025 3024
4 3680 3566 3033 3027
4 3418 3050 3021 3020
4 3587 3025 3068 3024
4 3418 3025 3352 3020
4 3417 3023 3063 3022
4 3074 3002 3001 2935
4 3311 3307 3017 2968
4 3073 3072 2936 2935
4 3074 2936 3002 2935
4 3075 2937 2936 2924
4 3405 3400 3351 3347
4 3073 3051 3060 2935
4 3073 3060 3072 2935
4 3078 2937 3074 2936
4 3074 3001 2996 2935
4 3078 3051 3073 2935
4 3341 3075 3340 2924
4 3078 2936 3074 2935
4 3341 2924 3340 2918
4 3078 3077 2936 2935
4 3075 2936 3073 2924
4 3076 2937 3075 2924
4 3075 3073 2936 2935
4 3077 2937 3076 2924
4 3076 3075 2937 2936
4 3078 3074 2937 2924
4 3076 3073 3075 2935
4 3078 3077 2937 2936
4 3076 3075 2936 2935
4 3078 2937 3077 2924
4 3077 3076 2937 2936
4 3452 2733 2734 2682
4 3077 3076 2936 2935
4 3078 2996 2997 2935
4 3078 2997 3051 2935
4 3347 3085 3084 3077
4 3565 3477 2309 2307
4 3597 598 583 556
4 3284 3275 3283 2553
4 3405 3374 3373 3324
4 3411 3161 3192 2893
4 3347 3078 3085 3077
4 3338 3333 3323 2918
4 3417 3064 3063 3023
4 3370 3075 3368 3073
4 3433 3353 3359 3352
4 3356 3312 3355 2918
4 3537 3421 2476 2393
4 3652 2624 2625 1206
4 3652 2630 2602 2601
4 3764 1258 1235 1181
4 3652 3088 3092 2620
4 3652 3454 2655 2601
4 3634 3081 3347 3074
4 3597 3586 556 555
4 3734 2690 2744 2689
4 3555 3542 1592 1588
4 3621 3456 3545 2605
4 3454 2648 3090 2647
4 3734 2652 3096 2651
4 3734 2740 3096 2652
4 3734 2926 2652 2651
4 3584 2326 2325 2318
4 3411 3147 3146 3103
4 3138 2763 3132 2759
4 3597 3586 599 598
4 3111 2893 3105 2761
4 3452 2735 2739 2684
4 3452 2762 2700 2699
4 3161 3139 3143 2893
4 3411 3109 3156 3108
4 3128 2925 2926 2924
4 3452 3107 2893 2712
4 3372 3370 3368 3356
4 3452 2681 2682 1222
4 3411 3106 3105 2893
4 3160 3107 3106 2893
4 3452 2738 2708 2685
4 3411 3159 3154 3105
4 3160 3106 3159 2893
4 3103 3100 3102 2761
4 3734 3545 2647 2606
4 3411 3109 3108 2893
4 3106 3101 3105 2762
4 3103 2761 3102 2760
4 3103 3102 2893 2760
4 3104 2761 3103 2760
4 3104 3103 2893 2760
4 3452 2682 2683 1272
4 3107 2893 2712 2711
4 3106 2893 2762 2761
4 3106 2762 3105 2761
4 3106 3105 2893 2761
4 3107 2893 2711 2701
4 3107 3106 2893 2762
4 3107 2701 2762 2700
4 3107 2762 2893 2700
4 3107 2893 2701 2700
4 3108 3100 3104 2761
4 3411 3153 3152 3110
4 3108 2893 2761 2760
4 3108 2761 3104 2760
4 3108 3104 2893 2760
4 3109 3108 2893 2761
4 3110 3109 2893 2761
4 3109 3100 3108 2761
4 3110 3100 3109 2761
4 3111 3105 3101 2762
4 3111 3110 2893 2761
4 3111 3105 2762 2761
4 3111 3101 3100 2761
4 3111 3100 3110 2761
4 3111 2762 3101 2761
4 3112 3005 3032 2939
4 3112 3032 2940 2939
4 3113 3032 2941 2940
4 3113 3112 3032 2940
4 3562 1121 1120 417
4 3340 2924 3339 2918
4 3411 3141 3161 2893
4 3564 3128 3324 3120
4 3121 3118 3117 2944
4 3415 3121 2974 2973
4 3121 2973 2945 2924
4 3171 2946 2952 2893
4 3637 3581 2820 2252
4 3324 3128 3169 3120
4 3598 3171 3412 3161
4 3538 2344 3518 2161
4 3666 3121 3032 2924
4 3121 2944 3117 2943
4 3121 2945 3118 2944
4 3121 2945 2944 2924
4 3121 2944 3032 2924
4 3415 3121 3324 2974
4 3122 3118 3121 2945
4 3122 3121 2973 2945
4 3411 3108 3155 3104
4 3135 3126 3125 2947
4 3136 3127 3135 2757
4 3414 2947 3125 2946
4 3192 3176 3171 3166
4 3135 3126 2948 2757
4 3128 2926 2975 2924
4 3128 2975 3116 2924
4 3411 3106 3159 3105
4 3382 3351 3329 2918
4 3138 2759 3137 2758
4 3138 2893 2759 2758
4 3134 2893 2764 2763
4 3138 2758 3135 2757
4 3134 3099 3098 2760
4 3143 3134 2766 2760
4 3134 3098 2766 2760
4 3324 3170 2949 2925
4 3411 3103 3146 3102
4 3192 3158 3163 3157
4 3192 3184 3182 2893
4 3171 3138 3135 2948
4 3143 2766 3134 2765
4 3138 2893 2758 2757
4 3411 3141 3151 3140
4 3136 3135 2758 2757
4 3138 2893 3134 2763
4 3411 3150 3149 3139
4 3138 3133 3132 2763
4 3138 3097 3133 2764
4 3138 2764 3133 2763
4 3138 3134 2764 2763
4 3138 2765 3097 2764
4 3138 3134 2765 2764
4 3589 3541 3462 1625
4 3143 3139 3100 2761
4 3143 2893 2766 2765
4 3140 3139 2893 2766
4 3143 2893 3139 2766
4 3411 3102 3141 2893
4 3649 3161 3598 3144
4 3141 3102 3100 2761
4 3140 3139 2766 2760
4 3140 3100 3139 2761
4 3141 3100 3140 2761
4 3140 2761 3139 2760
4 3141 2766 2893 2760
4 3141 2893 3102 2760
4 3141 3140 2766 2760
4 3141 3102 2761 2760
4 3141 2761 3140 2760
4 3171 2952 2951 2893
4 3585 3347 3324 2924
4 3598 3171 3166 3138
4 3551 1312 1313 1287
4 3411 3165 3192 3161
4 3405 3351 3400 3350
4 3171 3129 3170 2951
4 3143 2766 3139 2760
4 3143 2761 3100 2760
4 3143 3139 2761 2760
4 3143 3100 3099 2760
4 3143 3099 3134 2760
4 3450 1272 1276 1222
4 3192 3173 3168 2893
4 3411 3155 3147 3104
4 3192 3186 3191 3179
4 3452 1272 3450 1222
4 3298 3297 3291 3286
4 3160 1702 2893 1484
4 3192 3187 3181 3157
4 3384 3383 3382 3328
4 3411 3151 3150 3140
4 3736 3358 3433 3039
4 3411 3103 3102 2893
4 3411 3152 3156 3109
4 3411 3159 3106 2893
4 3582 3433 3039 3042
4 3171 2951 2925 2893
4 3161 3141 3140 2893
4 3411 3161 3141 3140
4 3411 3156 3155 3108
4 3597 555 581 554
4 3411 3146 3145 3102
4 3411 3110 3109 2893
4 3411 3160 3159 2893
4 3414 3135 2947 2946
4 3663 3525 3259 3197
4 3452 2705 2762 2699
4 3409 3249 3221 3220
4 3454 3090 3089 2647
4 3411 3153 3111 3105
4 3411 3154 3153 3105
4 3161 3143 3134 2893
4 3561 3130 2952 2946
4 3171 2948 2947 2893
4 3309 3211 3287 2962
4 3170 2950 2949 2925
4 3414 3135 3125 2947
4 3171 2947 2946 2893
4 3414 3171 3135 2946
4 3649 3411 3161 3144
4 3158 3138 3157 2893
4 3161 3134 3138 2893
4 3411 3161 3140 3139
4 3192 3182 3183 3173
4 3171 2948 3135 2947
4 3171 3166 3138 2893
4 3162 3138 3158 2893
4 3162 3161 3138 2893
4 3746 3581 3679 3252
4 3192 3165 3164 3161
4 3411 3192 3160 2893
4 3597 582 581 555
4 3365 3364 3357 3354
4 3635 2875 2588 2587
4 3666 3585 3324 3032
4 3413 3412 3170 3142
4 3792 3573 3053 2926
4 3411 3140 3150 3139
4 3573 3433 3358 3039
4 3192 3168 3167 2893
4 3351 3350 3329 2918
4 3374 2925 3324 2924
4 3192 3180 3179 2893
4 3598 3166 3171 3161
4 3298 2796 3291 2073
4 3324 3170 3169 2949
4 3324 2925 3128 2924
4 3171 2951 3170 2925
4 3413 3412 3171 3170
4 3285 3277 3276 2553
4 3324 2949 3128 2925
4 3564 3324 3128 3116
4 3324 3169 3128 2949
4 3170 2950 3142 2949
4 3415 2975 3124 2974
4 4133 3677 3781 3489
4 3170 3142 3169 2949
4 3418 3049 3029 3021
4 3363 3354 3314 3022
4 3167 3138 3166 2893
4 3168 3138 3167 2893
4 3192 3172 3178 3167
4 3598 3180 3166 3161
4 3835 3711 1339 1338
4 3309 3267 3287 2854
4 3173 3138 3168 2893
4 3192 3181 3180 2893
4 3736 3680 3433 3358
4 3192 3161 3162 2893
4 3182 3138 3173 2893
4 3409 3204 2464 2463
4 3180 3138 3179 2893
4 3666 3324 3416 3121
4 3652 3555 2573 2569
4 3417 3314 3320 3313
4 3418 3049 3056 3048
4 3726 3617 3170 2951
4 3561 2952 3414 2946
4 3192 3183 3174 3173
4 3374 3171 2925 2893
4 3192 3177 3176 3166
4 3192 3188 3187 3157
4 3192 3174 3172 3168
4 3649 3598 3161 3138
4 3181 3157 3138 2893
4 3181 3138 3180 2893
4 3598 3180 3168 3166
4 3197 2471 2470 2073
4 3184 3138 3182 2893
4 3192 3185 3184 2893
4 3192 3158 3157 2893
4 3192 3163 3188 3157
4 3185 3179 3138 2893
4 3192 3162 3164 3158
4 3185 3138 3184 2893
4 3598 3162 3180 3161
4 3270 3249 3236 3235
4 3598 3162 3161 3138
4 3204 3202 2464 2073
4 3192 3189 3183 3182
4 3192 3180 3186 3179
4 3192 3157 3181 2893
4 3192 3164 3163 3158
4 3192 3181 3187 3180
4 3192 3190 3189 3184
4 3192 3190 3185 3179
4 3192 3185 3190 3184
4 3192 3187 3186 3180
4 3192 3179 3185 2893
4 3192 3191 3190 3179
4 3288 3237 3277 3236
4 3196 2466 2472 2073
4 3196 3195 2466 2073
4 3525 3201 3203 3200
4 3522 2821 3193 2820
4 3632 2514 2513 2466
4 3525 3523 3409 2469
4 3663 2472 3196 2466
4 3198 3011 3197 2825
4 3632 2513 2472 2466
4 3204 2464 2463 2073
4 3202 2825 3201 2073
4 3523 2508 2507 2470
4 3525 3200 3260 3198
4 3249 3223 3221 2073
4 3250 3236 3249 3235
4 3525 3409 3200 2469
4 3201 3200 2462 2073
4 3663 3525 3197 3196
4 3409 3223 3261 3221
4 3409 3202 2465 2464
4 3201 2825 3200 2073
4 3202 2826 2825 2073
4 3419 2521 3409 2463
4 3419 2502 2501 2488
4 3409 2465 3202 2462
4 3249 3220 3219 2463
4 3202 2462 2465 2073
4 3201 3011 3200 2825
4 3419 2502 2494 2463
4 3251 2518 2517 2073
4 3202 3011 3201 2825
4 3409 3249 3264 3232
4 3409 3264 3261 3223
4 3419 2509 2502 2463
4 3224 3222 2540 2073
4 3204 3011 3202 2825
4 3204 3202 2826 2825
4 3419 2464 2510 2463
4 3419 2511 2510 2464
4 3249 3233 3232 2073
4 3220 2826 3219 2073
4 3263 2542 2541 2073
4 3522 2259 2258 2251
4 3221 2826 3220 2073
4 3250 3234 3233 2073
4 3211 3208 2897 2891
4 3211 2897 2962 2891
4 3211 2962 2913 2912
4 3257 3256 2524 2517
4 3211 2890 2962 2889
4 3211 3207 2890 2889
4 3282 3230 3281 2553
4 3211 2898 2889 2888
4 3211 2889 2962 2888
4 3433 3364 3359 3353
4 3211 2896 2898 2888
4 3211 2896 2888 2887
4 3211 2888 2962 2887
4 3211 2895 2896 2887
4 3211 2962 2895 2887
4 3231 2529 2553 2499
4 3571 3286 2858 2857
4 3286 3267 3245 2858
4 3236 3235 3229 2073
4 3291 3289 3290 3237
4 3242 3241 3240 2853
4 3223 2826 3221 2073
4 3219 3011 3204 2825
4 3223 2829 2826 2073
4 3232 2829 3223 2073
4 3220 3219 2826 2825
4 3221 3220 2826 2825
4 3236 3229 3235 3228
4 3220 3011 3219 2825
4 3237 3231 3236 3230
4 3221 3011 3220 2825
4 3268 3266 3249 3234
4 3249 3232 3223 2073
4 3409 3249 3220 3219
4 3228 2546 2553 2545
4 3249 3221 3220 2073
4 3236 3228 3235 3224
4 3223 3221 2826 2825
4 3223 3011 3221 2825
4 3268 3249 3235 3234
4 3276 3275 2499 2073
4 3229 3228 2553 2545
4 2483 2452 2482 2451
4 3231 3230 2553 2529
4 3228 2540 2546 2073
4 3278 2546 3228 2540
4 3292 3277 3285 2553
4 3525 3205 3203 3201
4 3523 2465 3419 2462
4 3233 2829 3232 2073
4 3251 3235 3250 3234
4 3228 3224 2540 2073
4 3278 2547 2552 2540
4 3278 2553 3228 2546
4 3273 2553 3230 2543
4 3272 2548 2547 2540
4 3278 2552 2553 2546
4 3274 3272 2547 2540
4 3273 2544 2553 2543
4 3273 3229 2553 2544
4 3275 3236 3237 3231
4 3283 3275 3231 2553
4 3258 3257 2523 2516
4 3237 3224 3236 3222
4 3278 2552 2546 2540
4 3409 2521 3249 2463
4 3242 2855 3241 2853
4 3250 3233 3249 2073
4 3409 3227 3226 3220
4 3285 3276 3284 2553
4 3342 3076 3075 2924
4 3250 3237 3249 3236
4 3238 2853 2852 2796
4 3276 2528 2553 2527
4 3275 3236 3231 2073
4 3523 3419 3409 2469
4 3235 3228 3229 2073
4 3232 3223 2829 2826
4 3235 2829 3234 2073
4 3235 2846 2829 2073
4 3277 3276 2553 2527
4 3232 3223 2826 2825
4 3237 2848 2847 2073
4 3232 3011 3223 2825
4 3236 2846 3235 2073
4 3233 3232 2829 2826
4 3237 3230 3229 3224
4 3233 3011 3232 2825
4 3271 3270 3249 3236
4 3233 3232 2826 2825
4 3238 3215 3214 2848
4 3234 3233 2829 2826
4 3234 3011 3233 2825
4 3234 3233 2826 2825
4 3277 3236 3276 2073
4 3235 3234 2829 2826
4 3237 3229 3228 3224
4 3235 3011 3234 2825
4 3237 3228 3236 3224
4 3235 3234 2826 2825
4 3237 3229 3236 3228
4 3236 3235 2846 2829
4 3237 2847 2846 2073
4 3237 2846 3236 2073
4 3236 3235 2829 2826
4 3236 3206 3011 2825
4 3236 3011 3235 2825
4 3236 2826 3206 2825
4 3236 3235 2826 2825
4 2483 2457 2482 2452
4 3238 2849 3215 2848
4 3238 3237 2849 2848
4 3410 3286 2857 2856
4 2482 2457 2456 2451
4 3237 3236 2846 2829
4 3237 3209 3206 2826
4 3237 3206 3236 2826
4 3237 2829 3209 2826
4 3237 3236 2829 2826
4 2484 2460 2461 2454
4 3238 3214 3213 2847
4 3238 2848 3214 2847
4 3238 3237 2848 2847
4 3238 3213 3212 2846
4 3238 2847 3213 2846
4 3238 3237 2847 2846
4 3328 3311 3308 2918
4 3242 3239 3218 2851
4 3418 3067 3066 3059
4 2484 2455 2483 2454
4 2483 2457 2452 2447
4 3654 3286 3408 3242
4 3417 3357 3352 3314
4 3291 3286 3242 2796
4 3409 3252 3249 2521
4 3342 3076 3341 3075
4 3284 3276 3275 2553
4 3271 3249 3237 3236
4 3559 3407 3304 2964
4 3732 2520 2515 2467
4 3748 3195 3248 3194
4 3748 3252 3663 2522
4 3748 3195 3194 2466
4 3748 2520 3732 2468
4 3257 3255 2517 2516
4 3409 3225 3216 3204
4 3409 3204 3216 3202
4 3419 2521 2487 2486
4 3249 2521 2494 2463
4 3249 2494 3220 2463
4 3250 3235 3249 3234
4 3251 3250 2518 2073
4 3250 2519 2518 2073
4 3409 3249 3219 2463
4 3419 3409 2464 2463
4 3251 3236 3250 3235
4 3250 3224 3237 3222
4 3276 2499 2528 2073
4 3275 3231 2499 2073
4 3277 3237 3276 3236
4 3263 2516 2542 2073
4 3255 3235 3251 3234
4 3251 3237 3250 3236
4 3748 2468 3732 2467
4 3663 3196 3253 3195
4 3748 3663 3248 3195
4 3254 2526 2525 2518
4 3286 2854 2858 2796
4 3254 3250 3249 2519
4 3254 3249 3252 2519
4 3254 2522 2526 2519
4 3254 3252 2522 2519
4 3256 2525 2524 2517
4 3254 2519 2526 2518
4 3254 3250 2519 2518
4 3255 3236 3251 3235
4 3295 3288 3292 2553
4 3262 3235 3255 3234
4 3255 3250 3251 3237
4 3262 3234 3255 2073
4 3255 3237 3251 3236
4 3257 2524 2523 2516
4 3257 2517 2524 2516
4 3256 3254 2525 2518
4 3257 3251 3256 2517
4 3257 3255 3251 2517
4 3256 2518 2525 2517
4 3256 3251 2518 2517
4 3256 3251 3250 2518
4 3256 3250 3254 2518
4 3262 3255 3258 2516
4 3269 2549 2548 2541
4 3263 3222 3235 2073
4 3258 3255 3257 2516
4 3262 3235 3234 2073
4 3525 3198 3199 3197
4 3409 3200 2469 2462
4 3523 3419 2469 2462
4 3523 2470 2507 2469
4 3523 2506 2512 2462
4 3266 3249 3234 3233
4 3266 3265 3249 3233
4 3265 3249 3233 3232
4 3525 3252 3409 2522
4 3409 3249 3232 3223
4 3262 3236 3255 3235
4 3263 3236 3235 3222
4 3262 3237 3255 3236
4 3262 3250 3237 3222
4 3262 3250 3255 3237
4 3263 3262 3258 2516
4 3263 3237 3236 3222
4 3263 3262 3237 3222
4 3263 3237 3262 3236
4 3269 2523 2549 2516
4 3265 3264 3249 3232
4 3523 2507 2506 2469
4 3409 3232 3264 3223
4 3926 1857 2580 1826
4 3417 3352 3025 3024
4 3597 579 578 552
4 2484 2461 2455 2454
4 2483 2458 2457 2447
4 3269 3258 2523 2516
4 3269 3222 3263 2541
4 3269 3263 3258 2516
4 3269 2542 2549 2541
4 3269 3263 2542 2541
4 3269 2549 2542 2516
4 3269 2542 3263 2516
4 3272 3222 3269 2541
4 3272 3269 2548 2541
4 3272 2541 2548 2540
4 3272 3222 2541 2540
4 3273 2544 2543 2073
4 3273 2543 3230 2073
4 3273 3230 3236 2073
4 3273 3236 3229 2073
4 3273 3236 3237 3229
4 3273 3237 3230 3229
4 3273 3237 3236 3230
4 3274 3222 3272 2540
4 3288 3236 3277 2073
4 3275 3230 3237 3224
4 3275 3237 3250 3224
4 3278 3224 3274 2540
4 3654 3291 3408 3286
4 3288 3277 2527 2073
4 3298 3291 3297 2553
4 3298 3286 3291 2796
4 3282 3231 3230 2553
4 3288 3277 2553 2527
4 3279 3229 3228 2553
4 3289 3237 3288 3236
4 3291 3242 3238 2796
4 3289 3237 3236 2073
4 3291 3238 3237 2073
4 3291 3237 3290 2073
4 3348 3346 3326 2918
4 3281 3230 3280 2553
4 3296 3289 3295 2553
4 3279 3228 3278 2553
4 3280 3230 3273 2553
4 3280 3273 3229 2553
4 3280 3229 3279 2553
4 3283 3231 3282 2553
4 3660 3587 3418 3030
4 3555 2569 3542 1115
4 3351 3347 3076 2924
4 3287 2904 3211 2903
4 3847 3480 3469 3466
4 3289 3236 3288 2073
4 3452 2739 2685 2684
4 3357 3354 3353 3314
4 3564 3124 3415 2975
4 3734 2688 2742 2687
4 3571 3244 3243 2856
4 3571 3286 3245 2858
4 3286 2857 2856 2796
4 3286 2856 2855 2796
4 3286 2855 3242 2796
4 3286 2856 3242 2855
4 3287 2904 2918 2899
4 3287 2918 3211 2899
4 3287 3211 2904 2899
4 3311 2969 3308 2918
4 3289 3275 3288 3237
4 3296 3290 3289 2553
4 3289 3250 3275 3237
4 3409 3204 3202 2464
4 3418 3050 3049 3021
4 3291 3250 3289 3237
4 3291 3249 3250 3237
4 3297 3290 3296 2553
4 3596 3408 3291 3271
4 3654 3596 3408 3291
4 3291 3271 3249 3237
4 3295 3289 3288 2553
4 3654 3596 3291 3238
4 3679 3580 3252 2522
4 3986 3461 3926 3458
4 3652 2602 2630 2577
4 3418 3060 3067 3059
4 3734 2926 2689 2688
4 3756 3042 3038 3026
4 3407 2965 3299 2964
4 3309 3287 3211 2854
4 3454 3089 2659 2606
4 3584 3425 2318 2315
4 3739 3456 3454 3453
4 3433 3417 3357 3352
4 2444 2391 2443 2392
4 3405 3401 3400 3347
4 3298 3293 3297 3286
4 3383 3294 3382 3287
4 3383 3382 3328 3287
4 3419 2487 2500 2486
4 3308 2969 3301 2961
4 3610 3407 3328 3308
4 3559 2964 3304 2963
4 3311 3305 3310 2970
4 3691 3311 3328 3307
4 3314 2924 3022 2918
4 3307 3012 3018 2976
4 3307 2977 3012 2976
4 3643 3555 3455 2573
4 3310 3301 3308 2969
4 3311 3307 2972 2918
4 3311 2970 3308 2969
4 3311 2971 3305 2970
4 3372 3369 3362 3356
4 3792 3742 3739 3734
4 3635 2930 2876 2875
4 3311 3306 3305 2971
4 2444 2442 2443 2391
4 3372 3368 3369 3356
4 3588 2496 3420 2485
4 3410 3242 2856 2855
4 3311 2967 3016 2966
4 3311 3307 2967 2966
4 3691 3357 3355 3329
4 3311 3307 2968 2967
4 3691 3595 3328 3311
4 3387 3378 3377 3332
4 3372 3356 3362 3355
4 3356 3317 3355 3312
4 3316 2968 2967 2918
4 3314 3022 2976 2918
4 3316 2967 3307 2918
4 3313 3012 3312 2977
4 3313 2976 2968 2918
4 3313 2968 3312 2918
4 3313 2976 3312 2968
4 3343 3076 3342 2924
4 3313 2977 3312 2976
4 3313 3013 3012 2977
4 3313 2978 3013 2977
4 3314 2977 3313 2976
4 3349 2924 3348 2918
4 3314 3022 2978 2977
4 3314 2978 3313 2977
4 3314 3022 3013 2978
4 3314 3013 3313 2978
4 3349 3076 3348 2924
4 3339 3075 3323 2924
4 3352 3080 3079 3072
4 3340 3076 3339 3075
4 3316 2968 3307 2967
4 3316 2976 3307 2968
4 3317 2968 3316 2918
4 3316 3012 3307 2977
4 3316 2977 3307 2976
4 3317 3312 2976 2968
4 3317 2976 3316 2968
4 3317 3312 3012 2977
4 3317 3012 3316 2977
4 3317 3312 2977 2976
4 3317 2977 3316 2976
4 3418 3352 3059 3051
4 3357 3356 3313 3312
4 3352 3072 3079 3061
4 3328 3307 3311 2918
4 3405 3347 3351 2924
4 3339 2924 3323 2918
4 3352 3025 3051 3020
4 3587 3065 3070 3021
4 3587 3418 3029 3021
4 3680 3027 3028 2997
4 3597 553 579 552
4 3324 3116 2975 2924
4 3415 3324 3116 2975
4 3324 2975 2974 2924
4 3324 2974 3121 2924
4 3415 3324 2975 2974
4 3347 3085 3078 3074
4 3347 3077 3084 3076
4 3347 3081 3085 3074
4 3348 3326 3325 2918
4 3417 3320 3319 3313
4 3352 3075 3082 3073
4 3370 3368 3314 2924
4 3409 3216 3205 3202
4 3327 3307 3326 2918
4 3734 2741 2740 2686
4 3349 3325 3330 2918
4 3371 3338 3323 2918
4 3357 3317 3322 3316
4 3395 3387 3377 3332
4 3691 3357 3315 3307
4 3350 2924 3349 2918
4 3329 3307 3328 2918
4 3332 3307 3331 2918
4 3433 3357 3364 3353
4 3356 3313 3312 2918
4 3355 3312 3317 2918
4 3330 3325 3307 2918
4 3330 3307 3329 2918
4 3691 3355 3356 3307
4 3237 3212 3209 2829
4 3333 3316 3307 2918
4 3333 3307 3332 2918
4 3348 3076 3346 2924
4 3355 3317 3316 2918
4 3355 3316 3338 2918
4 3398 3389 3388 3327
4 3338 3316 3333 2918
4 3357 3317 3356 3312
4 3374 3170 3324 2925
4 3334 3307 3327 2918
4 3371 3370 3355 2918
4 3237 2846 3212 2829
4 3354 3353 3314 3022
4 3363 3354 3357 3314
4 3395 3392 3333 3323
4 3338 3333 3316 3307
4 3238 3217 3215 2849
4 3364 3360 3359 3353
4 3336 3307 3335 2918
4 3238 3212 3237 2846
4 3691 3357 3356 3355
4 3352 3083 3082 3075
4 3351 3347 3350 3076
4 3344 3076 3343 2924
4 3335 3307 3334 2918
4 3410 3242 3286 2856
4 3691 3356 3357 3307
4 3340 3075 3339 2924
4 3337 3331 3307 2918
4 3342 3075 3341 2924
4 3337 3307 3336 2918
4 3621 3591 3545 3457
4 3356 3355 3317 3316
4 3371 3355 3338 2918
4 3355 3338 3316 3307
4 3370 3073 3368 2924
4 3370 3323 3341 3076
4 4126 626 625 597
4 3242 2851 3218 2850
4 3242 3218 3217 2850
4 3347 3074 3078 2924
4 3339 3323 3333 2918
4 3339 3333 3332 2918
4 3370 3313 3356 2918
4 3341 3331 3337 2918
4 3340 3323 3339 3076
4 3340 3332 3331 2918
4 3340 3339 3332 2918
4 3341 3340 3331 2918
4 3342 3341 3337 2918
4 3341 3323 3340 3076
4 3366 3073 3363 3072
4 3345 3334 3327 2918
4 3343 2924 3342 2918
4 3370 2924 3314 2918
4 3345 2924 3344 2918
4 3343 3341 3342 3076
4 3343 3336 3335 2918
4 3343 3342 3336 2918
4 3345 3076 3344 2924
4 3344 2924 3343 2918
4 3344 3335 3334 2918
4 3344 3343 3335 2918
4 3345 3344 3334 2918
4 3345 3343 3344 3076
4 3347 3077 3076 2924
4 3350 3076 3349 2924
4 3345 3341 3343 3076
4 3346 3076 3345 2924
4 3348 2924 3346 2918
4 3346 3327 3326 2918
4 3346 2924 3345 2918
4 3346 3345 3327 2918
4 3350 3345 3349 3076
4 3417 3357 3314 3313
4 3351 2924 3350 2918
4 3350 3349 3330 2918
4 3405 3351 3382 2918
4 3350 3330 3329 2918
4 3349 3348 3325 2918
4 3349 3345 3346 3076
4 3349 3346 3348 3076
4 3350 3341 3345 3076
4 3352 3076 3083 3075
4 3756 3566 3433 3042
4 3353 3023 3352 3022
4 3352 3347 3083 3076
4 3363 3023 3354 3022
4 3417 3024 3064 3023
4 3353 3352 3314 3022
4 3366 3073 3072 2924
4 3352 3341 3350 3076
4 3352 3350 3347 3076
4 3353 3072 3352 3061
4 3354 3023 3353 3022
4 3353 3073 3352 3072
4 3365 3357 3363 3354
4 3364 3357 3354 3353
4 3353 3075 3352 3073
4 3353 3061 3060 3023
4 3353 3061 3352 3060
4 3354 3352 3353 3076
4 3353 3076 3352 3075
4 3410 2856 3243 2855
4 3353 3060 3024 3023
4 3353 3024 3352 3023
4 3353 3060 3352 3024
4 3364 3354 3360 3353
4 3363 3073 3354 3072
4 3354 3072 3353 3061
4 3354 3073 3353 3072
4 3363 3075 3354 3073
4 3354 3061 3353 3023
4 3354 3076 3353 3075
4 3354 3075 3353 3073
4 3691 3355 3334 3329
4 3691 3329 3334 3326
4 3691 3355 3337 3334
4 3357 3356 3317 3316
4 3356 3355 3316 3307
4 3666 3585 3416 3324
4 3357 3321 3315 3307
4 3357 3316 3321 3307
4 3357 3356 3316 3307
4 3357 3322 3321 3316
4 3734 2651 3095 2650
4 3368 3366 3357 3314
4 3691 3328 3329 3307
4 3242 3238 2852 2851
4 3242 3217 3238 2850
4 3238 2850 3217 2849
4 2420 2395 2423 2344
4 3455 2572 2600 2567
4 3366 3363 3357 3314
4 3417 3352 3023 3022
4 3417 3352 3024 3023
4 3433 3359 3358 3352
4 3370 3356 3355 2918
4 3405 3374 3324 2924
4 3369 3357 3364 3356
4 3393 3385 3337 3331
4 3371 2924 3370 2918
4 3382 3350 3349 3330
4 3405 3324 3347 2924
4 3366 3072 3363 2924
4 3378 3339 3377 3332
4 3396 3343 3342 3336
4 3736 3612 3027 2997
4 3367 3366 3363 3357
4 3393 3337 3341 3331
4 3392 3376 3375 3323
4 3367 3365 3364 3357
4 3366 3363 3314 3022
4 3371 3323 2924 2918
4 3372 3370 3356 3355
4 3363 3352 3354 3076
4 3369 3367 3364 3357
4 3363 3072 3061 2924
4 3363 3072 3354 3061
4 3368 3075 3366 3073
4 3363 3076 3354 3075
4 3363 3061 3023 2924
4 3363 3061 3354 3023
4 3372 3362 3361 3355
4 3363 3341 3352 3076
4 3365 3360 3364 3354
4 3367 3363 3365 3357
4 3407 3299 3304 2964
4 3369 3368 3357 3356
4 3366 3075 3363 3073
4 3366 3023 3022 2924
4 3366 3363 3023 2924
4 3366 3023 3363 3022
4 3368 3366 3022 2924
4 3368 3366 3314 3022
4 3366 3076 3363 3075
4 3369 3368 3366 3357
4 3368 3357 3356 3314
4 3407 3308 2965 2964
4 3403 3348 3402 3325
4 3393 3340 3378 3331
4 3405 3382 3351 3350
4 3371 3323 3075 2924
4 3368 3076 3366 3075
4 3370 3314 3313 2918
4 3369 3364 3362 3356
4 3369 3366 3367 3357
4 3370 3341 3363 3076
4 3370 3363 3366 3076
4 3370 3366 3368 3076
4 3403 3402 3380 3325
4 3403 3380 3382 3325
4 3399 3388 3381 3326
4 3394 3342 3337 3336
4 3407 3328 3308 2918
4 3371 3075 3073 2924
4 3371 3073 3370 2924
4 3371 3075 3370 3073
4 3371 3323 3076 3075
4 3371 3076 3370 3075
4 3371 3323 3370 3076
4 3384 3382 3379 3329
4 3538 2226 2344 2161
4 3455 3555 3451 1205
4 3555 3451 1205 1259
4 3374 3171 3176 3170
4 3374 3192 3176 3171
4 3375 3371 3338 3323
4 3375 3372 3361 3355
4 3375 3355 3361 3338
4 3375 3371 3355 3338
4 3375 3371 3370 3355
4 3375 3370 3372 3355
4 3392 3375 3361 3338
4 3378 3340 3332 3331
4 3378 3340 3339 3332
4 3377 3339 3333 3332
4 3393 3378 3386 3331
4 3377 3333 3339 3323
4 3395 3333 3377 3323
4 3407 2963 3287 2918
4 3393 3386 3385 3331
4 3382 3330 3379 3329
4 3393 3341 3340 3331
4 3405 3400 3404 3350
4 3402 3381 3380 3325
4 3382 3330 3349 3325
4 3382 3379 3330 3325
4 3403 3382 3349 3325
4 3382 3380 3379 3325
4 3384 3382 3329 3328
4 3398 3345 3334 3327
4 3395 3377 3376 3323
4 3392 3338 3333 3323
4 3396 3342 3394 3336
4 3398 3344 3397 3334
4 3394 3393 3385 3337
4 3394 3385 3391 3336
4 3387 3378 3332 3331
4 3387 3386 3378 3331
4 2420 2344 2423 2367
4 3398 3397 3389 3334
4 3394 3337 3385 3336
4 3398 3345 3344 3334
4 3397 3390 3389 3334
4 3396 3391 3390 3335
4 3395 3377 3333 3332
4 3395 3376 3392 3323
4 3394 3342 3341 3337
4 3394 3341 3393 3337
4 3396 3394 3391 3336
4 3396 3343 3336 3335
4 3396 3336 3391 3335
4 3397 3396 3390 3335
4 3397 3344 3335 3334
4 3397 3335 3390 3334
4 3397 3344 3343 3335
4 3397 3343 3396 3335
4 3398 3334 3389 3327
4 3399 3398 3388 3327
4 3403 3349 3348 3325
4 3399 3346 3327 3326
4 3399 3327 3388 3326
4 3399 3346 3345 3327
4 3399 3345 3398 3327
4 3402 3399 3381 3326
4 3402 3348 3326 3325
4 3402 3326 3381 3325
4 3402 3348 3346 3326
4 3402 3346 3399 3326
4 3405 3382 3350 3349
4 3405 3350 3404 3349
4 3405 3403 3382 3349
4 3405 3404 3403 3349
4 3411 3149 3148 3139
4 3411 3148 3143 3139
4 3411 3143 3161 3139
4 3411 3148 3144 3134
4 3649 3161 3411 3134
4 3411 3143 3148 3134
4 3411 3161 3143 3134
4 3563 3561 3413 3171
4 3414 2952 3171 2946
4 3561 3131 3130 2946
4 3561 3414 3131 2946
4 3415 2974 3123 2973
4 3415 3122 3121 2973
4 3415 3123 3122 2973
4 3418 3057 3056 3049
4 3417 3318 3322 3312
4 3418 3050 3057 3049
4 3660 3587 3433 3418
4 3587 3025 3417 3020
4 3417 3322 3317 3312
4 3417 3317 3357 3312
4 3417 3322 3357 3317
4 3418 3352 3051 3020
4 3418 3056 3055 3048
4 3660 3418 3566 3031
4 3736 3039 3612 2996
4 3680 3033 3043 3028
4 3566 3047 3054 3046
4 3680 3043 3041 3028
4 3566 3046 3035 3026
4 3566 3055 3054 3047
4 3756 3566 3660 3433
4 3419 2465 2511 2464
4 3419 3409 2465 2464
4 3523 2511 2465 2462
4 3663 3632 3523 2472
4 3525 3202 3205 3201
4 3419 2465 3409 2462
4 3525 3409 3202 3201
4 3663 3632 2472 2466
4 3419 3409 2469 2462
4 3523 2469 2506 2462
4 3421 2482 2474 2473
4 3422 2360 2357 1998
4 3422 2361 2360 1998
4 3640 3423 3601 2392
4 3640 2391 3422 2357
4 3752 2257 2310 2256
4 3547 2289 3425 2244
4 3547 2297 2296 2245
4 3671 3425 3584 2304
4 3547 2256 2242 2241
4 3547 2241 2299 2240
4 3547 3425 2303 2245
4 3429 1920 2165 1919
4 3429 2170 1920 1919
4 3429 2170 2165 1920
4 3592 3431 1981 1980
4 3572 2224 3431 2154
4 3572 3427 2224 2154
4 3432 1060 1697 1059
4 3432 1691 1061 1059
4 3432 1691 1059 1058
4 3432 1059 1697 1058
4 3432 1690 1691 1058
4 3432 1690 1058 1057
4 3432 1058 1697 1057
4 3432 1689 1690 1057
4 3432 1697 1689 1057
4 3660 3030 3036 3029
4 3660 3433 3566 3418
4 3587 3068 3025 3020
4 3433 3418 3417 3358
4 3587 3068 3064 3024
4 3587 3418 3021 3020
4 3566 3054 3052 3046
4 3566 3045 3044 3034
4 3534 2225 3430 2206
4 3955 3629 3646 1330
4 3884 3448 3435 1334
4 3672 3448 3447 1335
4 3643 3457 3456 3455
4 3609 841 842 396
4 3560 3473 3539 910
4 3955 3651 3646 3629
4 3744 3706 3609 3577
4 3591 3545 3457 3451
4 3454 2646 2653 2598
4 3454 2653 2655 2599
4 3454 2655 2601 2599
4 3455 2571 2981 2570
4 3763 3555 3652 3542
4 3652 3454 2601 2599
4 3455 2570 2629 2566
4 3652 3087 3088 2624
4 3542 2569 2579 1206
4 3682 3542 3652 1206
4 3652 2602 2575 2574
4 3652 2632 2578 2577
4 3763 3652 2602 2601
4 3763 3643 3536 3456
4 3652 2573 2578 2569
4 3763 3652 3682 3542
4 3555 1205 1115 1113
4 3722 3638 3604 3562
4 3635 2876 2877 2596
4 3597 3586 598 556
4 3545 2983 2640 2587
4 3587 3417 3418 3020
4 3455 2987 2573 1205
4 3555 3542 1588 1260
4 3573 2993 3053 2926
4 3634 3347 3032 2924
4 3644 3457 3536 3456
4 3587 3433 3418 3417
4 3635 2930 2878 2877
4 3545 2619 2641 2594
4 3739 3454 3734 3453
4 3456 2605 3454 2604
4 3545 2595 2606 2566
4 3635 2876 2596 2588
4 3456 2604 3454 2603
4 3545 2605 2570 2566
4 3545 2606 2605 2566
4 3456 2603 3454 2600
4 3545 2604 2571 2570
4 3545 2571 3455 2570
4 3456 2600 3454 2598
4 3763 3652 3555 2573
4 3545 3456 3457 2604
4 3545 2572 3455 2571
4 3545 3457 3455 2572
4 3545 2604 2603 2571
4 3545 2605 2604 2570
4 3545 2604 3457 2603
4 3545 2603 2572 2571
4 3545 2603 2600 2572
4 3457 2604 3456 2603
4 3545 2600 3457 2572
4 3457 2600 3455 2572
4 3545 2603 3457 2600
4 3457 2603 3456 2600
4 3457 3455 2600 2598
4 3457 2600 3456 2598
4 3457 3456 3455 2598
4 3604 3562 370 369
4 3863 3722 3638 3604
4 3604 370 2556 369
4 3774 3580 3722 3549
4 3774 3459 3461 1828
4 3638 1883 2247 370
4 3798 2791 2786 2589
4 3859 2031 1858 1854
4 3581 2821 3007 2820
4 3863 1093 1094 1067
4 3863 2555 3638 1829
4 3638 368 417 367
4 3604 1094 1093 1067
4 3863 3774 2557 2554
4 3863 2608 2555 2554
4 3774 3460 3549 3459
4 3863 3604 2556 1093
4 3541 1513 1018 983
4 3462 1514 1513 984
4 3541 1040 985 984
4 3541 1040 1041 985
4 3541 1048 1049 1041
4 3541 3462 1538 1515
4 3541 1048 1041 1040
4 3567 3463 1592 1588
4 3527 1176 3465 1172
4 3527 1532 1176 1172
4 3567 3527 1182 1178
4 4061 1354 1381 1350
4 3893 3786 3873 1337
4 4227 3910 3928 3823
4 3612 3582 3573 3039
4 3924 3476 3909 3475
4 3570 395 3569 394
4 3569 1133 3468 393
4 3557 2363 2362 2003
4 3614 114 457 107
4 3744 3670 3609 397
4 3576 3423 2391 2349
4 3724 3705 3689 767
4 3646 3578 1330 1287
4 3999 3995 3908 3803
4 3631 2225 2206 1984
4 4018 3493 3970 1341
4 3832 3776 3822 3765
4 3484 3438 3483 3437
4 3476 3471 3475 3470
4 3608 765 1495 764
4 4061 1375 1368 1348
4 3480 3470 3476 3469
4 3625 3485 3616 3442
4 3472 1230 1236 1183
4 3540 892 899 869
4 3641 1423 1037 1019
4 3472 1187 1183 872
4 3472 1230 1187 872
4 3472 1187 1230 1183
4 3655 910 3539 859
4 3473 1085 1170 870
4 3473 1224 1170 1085
4 3473 1224 1225 1170
4 3655 864 910 853
4 3473 1170 1173 870
4 3473 1173 1225 870
4 3473 1225 1173 1170
4 4025 3879 3950 3854
4 3564 3415 3116 2975
4 3881 3875 3860 3839
4 3859 3751 3789 3723
4 3571 3243 3410 2856
4 3912 3885 3881 3860
4 3780 3577 3670 3528
4 3670 1118 3569 396
4 3571 3286 3568 3245
4 3633 3446 1337 1336
4 3688 3675 3653 762
4 4197 3796 4086 3607
4 3672 1335 3583 1334
4 3672 3447 1336 1335
4 3633 3447 3446 1336
4 3625 3521 3486 3485
4 4030 633 610 607
4 3490 603 3489 600
4 4164 3971 4146 3919
4 4074 3435 3489 597
4 3494 3490 601 600
4 3997 3721 3900 3695
4 3568 3286 3267 3245
4 3570 3569 3468 393
4 3570 394 3569 393
4 3570 795 394 393
4 3571 3410 2857 2856
4 4019 3651 3675 3619
4 3571 3410 3286 2857
4 3571 2857 3244 2856
4 3571 3410 3568 3286
4 3492 641 84 79
4 3492 84 670 79
4 3492 671 672 79
4 3492 81 641 79
4 3492 672 81 79
4 3492 672 680 81
4 3492 88 641 81
4 3492 680 88 81
4 3492 680 641 88
4 3496 633 632 609
4 3496 610 633 609
4 4126 601 629 600
4 3494 603 3490 600
4 3795 596 623 595
4 4074 599 1331 597
4 4126 3496 630 605
4 3563 3414 3561 3171
4 3496 632 628 604
4 3564 3415 3524 3324
4 3564 3128 3120 3116
4 3566 3052 3045 3035
4 3568 3286 3408 3267
4 4226 3967 4202 606
4 4124 4084 4079 3825
4 3496 609 632 604
4 3495 3494 605 601
4 4190 3495 3494 605
4 3496 628 627 604
4 3496 627 630 605
4 3496 627 606 604
4 3495 3494 601 600
4 3642 3590 3603 3548
4 4126 3496 605 601
4 3496 606 627 605
4 3496 3495 605 601
4 4120 4101 3490 603
4 3496 3495 606 605
4 3555 3542 1260 1203
4 3763 3454 3456 3453
4 3559 2963 3303 2962
4 3559 3304 3303 2963
4 3797 3724 3694 3689
4 4161 3815 4114 3749
4 3612 3039 3573 2996
4 4074 1332 3435 597
4 3929 3864 3799 3676
4 3498 815 752 180
4 3498 800 801 165
4 3498 171 182 170
4 3498 824 171 170
4 3498 824 831 171
4 3498 181 182 171
4 3498 808 182 181
4 3498 831 181 171
4 3498 831 808 181
4 3499 701 702 644
4 3499 700 649 504
4 3499 700 701 649
4 3499 650 644 504
4 3499 650 701 644
4 3499 649 650 504
4 3499 701 650 649
4 3722 2554 2555 1829
4 3863 2555 3774 2554
4 3562 1067 417 368
4 3562 417 369 368
4 3562 369 1093 368
4 3769 1840 1825 1823
4 3581 3522 3193 2820
4 3509 1837 3505 1814
4 3574 315 833 303
4 3600 307 304 256
4 3579 3578 1306 1289
4 3574 3509 1810 255
4 3505 1814 1816 1811
4 3505 1816 3504 1811
4 3505 3504 1816 1814
4 3574 3509 1812 1810
4 3600 3574 833 829
4 3600 3504 3508 1811
4 3574 3509 3506 3505
4 3509 1867 1814 1813
4 3509 1894 1898 1837
4 3509 1893 1892 1838
4 3723 2773 2774 2040
4 3898 3506 3509 3505
4 3600 3543 3574 829
4 3509 1894 1837 1814
4 3610 3328 3406 3308
4 3574 3506 3509 255
4 3824 1835 1823 1822
4 3819 1750 1803 1749
4 3824 1835 3769 1823
4 3508 1870 1869 1816
4 3508 1816 1869 1811
4 3574 3509 1813 1812
4 3858 1152 3604 1067
4 3508 1869 1864 1811
4 3508 1868 1815 1811
4 3574 347 348 255
4 3508 1864 1868 1811
4 3508 1815 1868 256
4 3138 3134 3097 2765
4 3600 3508 1815 1811
4 3574 1813 1815 1812
4 3509 1866 1813 1812
4 3509 1866 1867 1813
4 3819 3804 3703 3648
4 3574 349 256 255
4 3509 1865 1866 1812
4 3509 1863 1810 255
4 3509 1865 1812 1810
4 3509 1863 1865 1810
4 3510 1968 1737 1736
4 3510 2128 2146 1968
4 3510 3507 2146 2128
4 3510 1737 1791 1736
4 3510 1968 1738 1737
4 3510 1792 1791 1737
4 3510 1738 1792 1737
4 3510 1968 1739 1738
4 3510 1968 1793 1739
4 3510 1793 1792 1738
4 3510 1739 1793 1738
4 3512 280 285 143
4 3512 272 280 143
4 3599 277 287 276
4 3531 289 290 278
4 3512 279 280 272
4 3512 3511 280 279
4 3512 274 279 272
4 3531 283 288 278
4 3531 288 289 278
4 3531 284 280 279
4 3531 290 279 278
4 3531 290 284 279
4 3517 2185 2198 2184
4 3517 2221 2209 2192
4 3517 2192 2186 2185
4 3517 2186 2198 2185
4 3517 2192 2198 2186
4 3517 2207 2198 2192
4 3517 2209 2207 2192
4 3517 2221 2211 2209
4 3517 2207 2208 2198
4 3517 2208 2209 2198
4 3517 2209 2208 2207
4 3517 2209 2210 2198
4 3517 2210 2211 2198
4 3517 2211 2210 2209
4 3517 2211 2212 2198
4 3517 2221 2212 2211
4 3517 2212 2220 2198
4 3517 2220 2221 2198
4 3517 2221 2220 2212
4 3518 2163 2162 1918
4 3518 3429 2163 1918
4 3525 3198 3197 2470
4 3525 3198 2470 2469
4 3525 2470 3523 2469
4 3663 3259 3253 3196
4 3525 3197 3196 2471
4 3525 3197 2471 2470
4 3525 2471 3523 2470
4 3525 3196 2472 2471
4 3525 2472 3523 2471
4 3526 3514 145 109
4 3526 148 145 134
4 3526 145 3514 134
4 3526 211 148 134
4 3526 3514 211 134
4 3567 1178 1192 1177
4 3567 1190 3463 1189
4 3527 1179 1182 1178
4 3636 3630 1202 1181
4 3668 1495 3608 765
4 3646 3578 1287 1286
4 4002 3784 3888 3528
4 3853 3806 3790 3776
4 3688 3653 1492 762
4 3881 3757 3778 3694
4 4051 1336 3449 1335
4 4001 3953 3930 3842
4 3634 3032 3074 2924
4 3711 1369 1370 1342
4 3922 1372 1373 1345
4 3607 3544 3488 3487
4 4000 3999 3995 3908
4 3639 3625 3521 3486
4 3864 3710 3799 3676
4 3929 3710 3864 3676
4 3421 2482 2479 2474
4 3709 907 908 843
4 3642 3577 3590 3528
4 3715 850 3709 843
4 3913 3470 3480 3469
4 4074 1331 1332 597
4 3598 3166 3167 3138
4 3598 3167 3168 3138
4 3598 3168 3167 3166
4 3598 3180 3182 3168
4 3598 3180 3162 3157
4 3598 3168 3173 3138
4 3598 3173 3182 3138
4 3598 3182 3173 3168
4 3598 3185 3182 3180
4 3598 3157 3158 3138
4 3598 3158 3162 3138
4 3598 3162 3158 3157
4 3598 3180 3181 3138
4 3598 3181 3157 3138
4 3598 3181 3180 3157
4 3598 3182 3184 3138
4 3598 3184 3185 3138
4 3598 3185 3184 3182
4 3598 3179 3180 3138
4 3598 3185 3179 3138
4 3598 3185 3180 3179
4 3760 3728 3681 829
4 3760 312 306 305
4 3599 283 278 276
4 3599 283 3531 278
4 3599 282 283 281
4 3599 3531 283 282
4 3599 293 282 281
4 3760 312 3681 306
4 3600 3505 3543 3504
4 3600 3574 3543 3505
4 3600 348 347 256
4 3600 348 3574 347
4 3600 1815 1813 1811
4 3600 1815 3574 1813
4 3600 3505 3504 1811
4 3600 349 348 256
4 3600 3574 349 256
4 3600 349 3574 348
4 3600 1813 3505 1811
4 3600 3574 3505 1813
4 3640 3423 2391 2357
4 3638 370 3562 369
4 3722 1830 3638 1828
4 3722 3562 3604 3549
4 3605 104 3515 98
4 3605 132 135 104
4 3605 135 133 104
4 3605 133 3515 104
4 3605 135 3515 133
4 3740 3430 3534 2225
4 3740 2160 2225 1982
4 3632 2472 2513 2471
4 3632 3523 2472 2471
4 3663 3253 3248 3195
4 3663 3525 3196 2472
4 3632 2513 2508 2471
4 3632 2508 3523 2471
4 3242 3238 2851 2850
4 3638 407 408 363
4 3638 417 407 363
4 4051 1357 1358 1334
4 4014 3925 3870 3813
4 3924 3476 3475 3470
4 3929 3676 3920 3664
4 3641 1043 1037 869
4 3641 1037 3540 869
4 3641 876 1043 869
4 3641 3540 876 869
4 3720 3689 3618 766
4 3913 3480 3839 3469
4 4008 3829 3895 3770
4 3985 3484 3984 3437
4 3757 3717 3719 3707
4 3992 3881 3885 3778
4 3984 3754 3529 3441
4 4082 4019 4008 3955
4 4008 3754 3441 3440
4 3688 3653 3675 3627
4 3688 1492 3619 762
4 3653 763 1491 762
4 3647 3491 3556 751
4 3647 99 100 92
4 3647 3556 99 92
4 3819 1752 1805 1748
4 3819 3626 1750 1749
4 3824 3772 3769 3702
4 3898 3819 3824 1839
4 3819 1801 3626 1748
4 3819 1804 1803 1750
4 3824 3508 3772 3503
4 3769 1842 1838 1796
4 3769 1843 1896 1842
4 3703 3628 3702 3530
4 3589 3462 1629 1628
4 3589 3462 1628 1627
4 3589 3462 1630 1629
4 3589 3462 1626 1625
4 1684 3462 1631 1630
4 3650 2293 2299 2241
4 3650 2299 3547 2241
4 3750 3661 2307 2255
4 3750 2256 3661 2254
4 3650 2256 2254 2253
4 3960 3707 3860 3693
4 3856 3778 3839 3466
4 3903 3846 3797 3762
4 3652 2625 2620 1206
4 3652 2625 3088 2620
4 3652 3092 3094 2620
4 3652 2620 2621 1206
4 3652 2621 3094 1206
4 3652 3094 2621 2620
4 2483 2451 2482 2450
4 2482 2452 2457 2451
4 3655 866 867 864
4 3655 867 865 864
4 3655 865 3560 864
4 3655 867 3560 865
4 3656 1046 1039 1038
4 3656 1039 3541 1038
4 3656 1046 3541 1039
4 3913 3806 3875 3776
4 3984 3794 3743 3529
4 3757 906 3705 769
4 3720 766 3618 765
4 3903 3483 3484 3438
4 3659 3653 3627 3608
4 3660 3587 3030 3029
4 3660 3036 3065 3029
4 3660 3065 3587 3029
4 3756 3038 3037 3026
4 3660 3031 3566 3026
4 3756 3660 3566 3026
4 3661 1935 3530 1934
4 3661 3565 3530 1935
4 3750 2255 2307 2254
4 3661 1945 1938 1930
4 3661 2255 1945 1930
4 3661 1945 2255 1938
4 3750 2307 2295 2254
4 3750 2309 3477 2307
4 3750 3661 2309 2307
4 3662 122 128 120
4 3662 128 123 120
4 3662 123 3535 120
4 3662 128 3535 123
4 3663 3523 3632 2522
4 3748 3246 2520 2468
4 3748 3247 3246 3193
4 3748 2467 3732 2466
4 3748 3194 2467 2466
4 3922 1349 3685 1346
4 4072 3771 3809 3708
4 4039 3916 3954 3878
4 3689 913 1493 767
4 3689 767 3618 766
4 3757 3719 3717 769
4 3875 3853 3860 3776
4 3705 769 906 768
4 3665 765 3608 764
4 3665 3608 3659 764
4 3913 3839 3875 3469
4 3720 3668 3665 3618
4 3985 3984 3743 3437
4 3410 3241 3242 2855
4 3711 1364 1341 1340
4 3711 1363 1364 1340
4 3711 1364 1369 1341
4 3688 762 3619 761
4 3757 905 906 769
4 4087 3868 3923 3665
4 3705 913 3689 768
4 3688 3675 762 761
4 3432 1702 1698 1484
4 3411 3192 3165 3160
4 3744 1122 1127 1117
4 3670 1123 1119 1118
4 3670 1119 3569 1118
4 3670 1123 3569 1119
4 3744 3706 420 397
4 3744 420 1122 397
4 3671 3547 2303 2257
4 3752 3547 2257 2256
4 3752 3547 3671 2257
4 3671 2313 2312 2304
4 3671 2305 2313 2304
4 3671 3584 2305 2304
4 3671 3584 2313 2305
4 4099 3948 3974 3781
4 4133 4099 3974 3781
4 3929 3924 3920 3476
4 4064 3988 3767 3747
4 3677 3544 3583 3488
4 4217 4024 4030 604
4 4003 3797 3724 3694
4 3992 3881 3778 3694
4 3856 3797 3778 3439
4 3984 3485 3529 3437
4 3719 3705 3694 768
4 3890 3853 3875 3806
4 3769 1895 3508 1842
4 3723 2088 2252 2035
4 3746 3637 3679 3581
4 3798 3637 2784 2783
4 3746 3580 3549 3252
4 3723 2252 2042 2041
4 3723 3637 2773 2041
4 3680 3044 3043 3033
4 3680 3034 3044 3033
4 3680 3566 3034 3033
4 3680 3566 3044 3034
4 3681 288 3531 283
4 3728 3681 3686 300
4 3760 305 3681 300
4 3681 305 306 300
4 3760 306 3681 305
4 3683 2390 2388 2387
4 2177 2173 1927 1921
4 2177 2167 2173 1921
4 2177 2173 2172 1926
4 3683 2410 2411 2343
4 3683 2411 2410 2382
4 3683 2411 2412 2343
4 3683 2425 2412 2411
4 3683 2425 2433 2343
4 3683 2433 2434 2343
4 3683 2434 2433 2425
4 3683 2388 2389 2343
4 3683 2389 2390 2343
4 3683 2390 2389 2388
4 3683 2382 2383 2343
4 3683 2410 2383 2382
4 3683 2412 2424 2343
4 3683 2424 2425 2343
4 3683 2425 2424 2412
4 3683 2383 2384 2343
4 3683 2384 2410 2343
4 3683 2410 2384 2383
4 3684 101 103 94
4 3684 103 97 94
4 3684 97 3605 94
4 3684 103 3605 97
4 3769 3657 2023 2022
4 3769 3657 2025 2024
4 3769 2026 2021 1849
4 3769 2030 2027 1852
4 3769 1840 1839 1825
4 3769 3657 2026 2025
4 3772 3769 3702 3687
4 3824 3702 3703 3628
4 3769 1902 1901 1848
4 3898 3628 3543 3505
4 3824 3628 3703 3543
4 3688 3619 3651 761
4 3688 3651 3675 761
4 3688 3675 3651 3619
4 3731 904 3717 838
4 3913 3860 3875 3839
4 3903 3743 3762 3438
4 3705 3694 768 767
4 3985 3794 3868 3743
4 3705 906 913 768
4 3705 768 3689 767
4 4217 4030 609 604
4 3990 1340 3690 1339
4 3965 3782 3699 3690
4 3932 3850 3727 1341
4 3691 3329 3330 3307
4 3691 3330 3329 3326
4 3691 3326 3327 3307
4 3691 3327 3334 3307
4 3691 3334 3327 3326
4 3691 3336 3337 3307
4 3691 3337 3336 3334
4 3691 3337 3355 3332
4 3691 3325 3326 3307
4 3691 3330 3325 3307
4 3691 3330 3326 3325
4 3691 3334 3335 3307
4 3691 3335 3336 3307
4 3691 3336 3335 3334
4 3691 3331 3332 3307
4 3691 3337 3331 3307
4 3691 3337 3332 3331
4 3691 3332 3333 3307
4 3691 3355 3333 3332
4 3691 3333 3338 3307
4 3691 3338 3355 3307
4 3691 3355 3338 3333
4 4101 4074 3489 603
4 3985 3762 3903 3743
4 3731 838 3717 837
4 3717 838 904 837
4 3720 3618 3665 765
4 3719 3707 3717 769
4 3766 3478 3528 3468
4 3724 3694 3705 767
4 3918 3856 3797 3778
4 3897 3849 3826 3771
4 4126 624 626 600
4 3757 3705 3719 769
4 3913 3875 3470 3469
4 3912 3757 3719 3707
4 3885 3881 3860 3839
4 3832 3814 3642 3590
4 3832 3594 3548 3475
4 3766 3528 3709 3468
4 3753 3731 3693 839
4 3846 3720 3724 3618
4 3965 606 3690 604
4 3968 3893 1336 601
4 3859 2034 1860 1859
4 4133 1336 3786 601
4 4061 1353 1368 1352
4 4073 3979 4005 3862
4 4242 3795 4030 607
4 3993 3920 3924 3476
4 4006 3690 3699 1338
4 3873 3729 1338 1337
4 4070 635 591 589
4 4164 4135 4036 3971
4 4010 3826 3830 3725
4 4122 3942 3714 3701
4 4077 3779 4015 3761
4 3703 3626 3648 3530
4 3703 3702 3626 3530
4 3819 3626 3769 1751
4 3963 3939 3906 3820
4 3703 3543 3628 3530
4 3972 3850 3773 3493
4 3897 3889 3815 3771
4 4119 3768 3698 3696
4 4030 634 608 588
4 4065 4049 3978 3493
4 3954 3916 3934 3878
4 4058 3907 3892 3876
4 4137 4039 4114 3954
4 3775 3699 3690 1338
4 3981 3779 3928 3493
4 4004 3963 4000 3841
4 3744 1121 1122 420
4 3744 1127 1128 1117
4 3706 796 1120 420
4 3744 1120 1121 420
4 3827 3768 3780 3696
4 4126 629 624 600
4 4120 3586 3554 599
4 4082 3770 3440 3436
4 3766 3709 3715 850
4 3797 3778 3705 3694
4 4003 3992 3778 3694
4 3859 2035 1861 1860
4 3871 3696 3862 796
4 3999 3816 3874 3803
4 3979 3871 3937 3862
4 4093 4076 4053 3801
4 3917 3902 3883 3879
4 3965 3850 609 604
4 3780 3696 1126 796
4 4000 3908 3841 3816
4 4204 4077 4021 3823
4 3814 3642 3590 3528
4 3945 3533 1331 1330
4 3757 3717 905 837
4 4051 3449 3945 1335
4 3835 3711 1342 1341
4 3711 1362 1363 1339
4 3711 3449 1362 1339
4 3711 3449 1339 1338
4 4000 3841 3963 3816
4 3711 3446 3449 1337
4 3711 3633 3446 1337
4 3711 3449 1338 1337
4 3711 1338 3633 1337
4 3873 3835 1339 1338
4 3956 3874 3820 3816
4 3956 3906 3921 3820
4 4043 3991 3996 3710
4 3965 3810 3782 609
4 3859 1860 1913 1859
4 4134 4096 3937 3861
4 3943 3799 3864 3710
4 4043 3996 3603 3577
4 3906 3820 3874 3816
4 3962 3848 3816 3803
4 3850 3727 1341 1340
4 4136 4007 3959 3904
4 4009 3892 3907 3866
4 3956 3921 3906 3843
4 3931 3894 3905 3880
4 3972 3850 3965 3773
4 3835 3729 3633 1338
4 3932 3685 1345 1343
4 4096 3886 3937 3861
4 4021 3826 4010 3758
4 3871 3780 3696 1126
4 3731 3707 3693 837
4 3992 3719 3881 3694
4 3731 3717 3707 837
4 3731 3707 3717 3693
4 4060 3908 3995 3698
4 4070 614 617 587
4 4058 4009 3907 3866
4 3952 3916 3878 3837
4 3924 3847 3480 3469
4 3990 3873 3951 1339
4 4053 4050 3857 3801
4 3913 3806 3471 3470
4 3753 3715 3738 3645
4 3724 3689 3720 766
4 3757 3719 3705 3694
4 3724 767 3689 766
4 3806 3765 3776 3471
4 3724 3720 3689 3618
4 3972 3965 3850 3493
4 3928 3779 3773 3493
4 3850 3690 3727 1340
4 4180 4167 3931 3905
4 3774 2558 3461 2557
4 3722 1876 3638 1830
4 3722 1876 2554 1829
4 3722 3638 1876 1829
4 3822 3776 3806 3765
4 3992 3885 3912 3719
4 3970 3493 3850 1340
4 3753 3715 3731 839
4 3958 3907 3887 3866
4 4133 3893 3786 3781
4 4075 3809 4072 3771
4 3795 623 596 594
4 4133 3781 1335 600
4 3786 3672 3729 1336
4 4202 4006 4072 3775
4 3937 3886 3877 3861
4 3728 303 302 300
4 3760 3728 302 300
4 3760 3681 833 829
4 3728 299 301 298
4 3728 3686 299 298
4 4133 1335 1336 600
4 3922 1373 1376 1346
4 3951 3835 1340 1339
4 3996 3590 3577 3528
4 3730 1260 1203 1202
4 3764 3730 1203 1202
4 3764 3636 1592 1588
4 3764 3630 3636 1588
4 3730 1585 1256 1180
4 3730 3630 1585 1180
4 3738 843 908 839
4 3738 908 909 839
4 3757 837 905 769
4 3757 3717 837 769
4 3732 2468 2520 2467
4 3748 3246 3252 2520
4 3748 3193 2468 2467
4 3748 3193 3246 2468
4 4060 3755 3908 3674
4 4033 3925 3930 3800
4 4011 4001 3807 3625
4 3792 3635 3573 2926
4 3792 3734 3635 2926
4 3888 3784 3814 3528
4 4003 3797 3846 3724
4 4227 3855 3910 3823
4 4133 3781 3786 1336
4 3991 3864 3929 3710
4 4130 4066 4110 3787
4 4076 3799 3821 3716
4 4009 3942 3866 3787
4 3929 3909 3924 3476
4 3736 3027 3680 2997
4 3736 3042 3680 3027
4 3736 3041 3040 2997
4 3736 3028 3041 2997
4 3736 3680 3028 2997
4 3736 3680 3041 3028
4 4044 3994 3980 3493
4 3965 3690 3850 1339
4 4043 3996 3780 3718
4 3913 3806 3776 3471
4 3832 3594 3475 3471
4 3817 3792 3635 3573
4 3739 3454 3456 2605
4 3739 3456 3621 2605
4 3739 3621 3734 2606
4 3739 3734 3454 2606
4 3739 2606 3454 2605
4 3739 3621 2606 2605
4 4013 3944 3964 3914
4 3889 3809 3771 3708
4 3742 3739 3734 3453
4 3817 3734 3739 3621
4 4048 3985 3868 3846
4 3912 3860 3890 3853
4 4160 4082 4019 4008
4 4003 3992 3918 3797
4 3984 3865 3794 3754
4 3913 3875 3860 3776
4 3744 1121 1120 796
4 3744 1120 3706 796
4 3817 3734 3621 3545
4 3798 2785 2780 2582
4 3926 2586 2639 2585
4 3986 3459 3461 3458
4 3798 2791 2589 2586
4 3798 3723 2039 2038
4 3746 3723 3679 3637
4 4167 3852 3880 3721
4 4030 589 616 588
4 4027 3891 3886 3883
4 3748 3632 3663 2466
4 3748 3732 3632 2466
4 3748 3252 2522 2520
4 3748 2522 3732 2520
4 3748 3663 3632 2522
4 3748 3632 3732 2522
4 4072 3974 3957 3927
4 4017 608 3795 607
4 4147 3616 3484 3483
4 3750 2254 2295 2253
4 3750 3650 2254 2253
4 3750 3650 2256 2254
4 3750 3650 2309 2256
4 3750 2295 2294 2253
4 3750 2294 3650 2253
4 3859 2028 2029 1853
4 3819 1838 1892 1796
4 3769 3703 3702 3626
4 3926 3859 1857 1826
4 3859 3798 1857 1856
4 3798 2784 2581 1856
4 3986 3901 3926 3851
4 3859 3723 2031 2029
4 3859 3723 3798 1856
4 3859 3723 2038 2037
4 3789 3746 3723 3679
4 3938 3501 3502 3460
4 3752 3671 2303 2257
4 3752 3671 2311 2303
4 3752 3477 3547 2309
4 3918 3797 3856 3762
4 3881 3839 3856 3778
4 3918 3903 3762 3439
4 3985 3984 3923 3868
4 4031 3865 3984 3754
4 3846 3724 3689 3618
4 3984 3923 3868 3794
4 4135 3842 4079 3825
4 4079 3952 4039 3825
4 4064 3988 3939 3767
4 4161 4137 4114 4075
4 4027 3983 3998 3902
4 3756 3027 3042 3026
4 3756 3566 3027 3026
4 3756 3566 3042 3027
4 3756 3037 3031 3026
4 3756 3031 3660 3026
4 3756 3037 3660 3031
4 4021 3758 4010 3725
4 4144 3915 3936 3852
4 4136 3867 3741 3704
4 4061 1377 1375 1348
4 4068 4035 4037 4013
4 4227 3994 3981 3493
4 4013 3961 3914 3493
4 3977 3958 3899 3882
4 4027 3886 3891 3877
4 4061 1355 1368 1353
4 3973 3904 3869 3840
4 4009 3887 3892 3866
4 3922 3835 1341 1340
4 3936 3915 3914 3852
4 3760 315 304 302
4 3760 833 315 303
4 3760 829 833 303
4 3760 3728 829 303
4 3760 303 315 302
4 3760 3728 303 302
4 3832 3765 3594 3471
4 4082 3895 4008 3829
4 3913 3471 3476 3470
4 4048 3903 3985 3846
4 3763 3643 3644 3536
4 3763 3644 3555 3536
4 3763 3644 3643 3555
4 3763 3643 2575 2573
4 3763 2575 3652 2573
4 3763 2601 2602 2574
4 3763 2602 3652 2574
4 3763 2575 3643 2574
4 3763 3652 2575 2574
4 3763 2576 2601 2574
4 3763 3643 2576 2574
4 3763 3643 2601 2576
4 3764 1262 1204 1203
4 3764 1592 1262 1260
4 3764 1588 1592 1260
4 3764 3730 1588 1260
4 3764 1260 1262 1203
4 3764 3730 1260 1203
4 4030 615 634 588
4 3786 3729 1337 1336
4 4015 3972 3708 3699
4 4088 3931 4080 3493
4 3784 3577 3642 3528
4 3898 3509 3819 1839
4 3769 1835 1840 1823
4 3819 3626 1751 1750
4 3824 3504 3508 3503
4 3824 3769 3703 3702
4 3819 1803 1802 1749
4 3881 3719 3757 3694
4 3984 3529 3486 3441
4 3832 3822 3814 3765
4 3863 3722 3774 2555
4 3863 3604 3638 2556
4 3774 2557 2554 1830
4 3774 2557 1830 1828
4 3774 1830 3722 1828
4 3774 2554 1876 1830
4 3774 1876 3722 1830
4 3774 2554 3722 1876
4 4202 4191 4072 4006
4 3835 3711 1340 1339
4 4023 3848 3871 3788
4 3835 3711 1341 1340
4 4091 4085 3930 3818
4 3856 3481 3482 3466
4 3913 3875 3806 3470
4 3798 2785 3637 2780
4 3798 3637 2785 2784
4 3797 3694 3705 3689
4 4019 3982 4008 3895
4 3890 3853 3806 3790
4 4097 4058 3915 3876
4 4178 4130 3714 3701
4 4041 3721 3997 3695
4 4001 3953 3952 3807
4 4122 4025 4066 3854
4 3999 3995 3803 3696
4 3999 3871 3780 3696
4 4226 3782 609 604
4 4030 634 631 607
4 3781 3489 1335 600
4 3781 3489 3583 1335
4 3781 3677 3583 3489
4 4147 3667 3616 3483
4 3893 3873 1338 1337
4 3921 3906 3843 3785
4 3850 1339 1340 604
4 4138 4084 4124 3700
4 4204 4021 4180 3758
4 4197 3639 3607 3486
4 4204 3855 3823 3758
4 3889 3809 3708 3699
4 3782 3775 3699 3690
4 3782 1338 3690 606
4 3782 3775 1338 606
4 3782 3775 3690 1338
4 3856 3778 3466 3439
4 4037 4013 4035 3914
4 3839 3778 3469 3466
4 3847 3834 3481 3466
4 3979 3862 3937 3861
4 3961 3905 3931 3894
4 4037 3914 3961 3493
4 4061 3685 1351 1349
4 4050 3857 3812 3783
4 4178 4122 4130 3701
4 4093 3988 3747 3735
4 4206 3493 4185 1367
4 3798 3723 2038 1856
4 3859 3502 1908 1855
4 3859 2031 2032 1858
4 3859 2037 1856 1855
4 3926 3859 3798 2580
4 3798 3746 3777 3678
4 3798 2581 2580 1856
4 3992 3912 3885 3881
4 4087 3985 3923 3868
4 3985 3868 3846 3762
4 3988 3845 3939 3767
4 3891 3886 3883 3877
4 3965 3782 3690 606
4 3922 3835 1342 1341
4 3939 3896 3921 3845
4 3965 3782 3775 3699
4 3817 3739 3644 3621
4 3817 3545 3635 2593
4 3817 3582 3644 3536
4 3817 3635 2594 2593
4 3817 3635 2648 2594
4 3817 3792 3739 3734
4 3817 3644 3792 3536
4 3834 3793 3482 3439
4 3834 3481 3466 3439
4 4014 3834 3813 3793
4 3991 3827 3864 3718
4 3991 3909 3929 3475
4 3834 3482 3481 3439
4 3868 3720 3846 3618
4 3923 3659 3668 3608
4 4008 3441 3487 3440
4 4160 4019 3675 3627
4 4143 4008 4019 3982
4 3846 3724 3797 3689
4 4030 608 3795 588
4 3810 3795 610 607
4 4030 608 634 607
4 4204 4180 3836 3758
4 4051 1333 1356 1331
4 3918 3903 3846 3797
4 4074 3829 3436 3435
4 3798 2789 2790 2585
4 3986 3549 3580 3460
4 3938 3872 3859 3502
4 3798 2840 2787 2786
4 3926 3851 3798 3789
4 3798 2786 2787 2590
4 3926 2581 3461 2580
4 3938 3502 3859 1826
4 3798 2840 3635 2787
4 3926 2585 2638 2584
4 3926 3798 2586 2585
4 3798 2787 3635 2590
4 3926 3851 3901 3798
4 3926 2638 2637 2584
4 3933 3925 3813 3812
4 4133 4099 3781 3677
4 3933 3813 3838 3812
4 4085 3925 3930 3818
4 3893 3786 1337 1336
4 4093 3747 3857 3735
4 4085 3834 4014 3793
4 3925 3870 3813 3812
4 4030 3795 608 607
4 4091 3818 3930 3807
4 3871 3604 3862 1573
4 4171 4062 4007 3697
4 4051 1334 3945 1332
4 4009 3942 3950 3866
4 4006 3974 3968 3957
4 4242 4030 610 607
4 3871 3562 1126 796
4 4161 4137 4075 3927
4 3819 1891 1804 1751
4 3898 3505 3509 3504
4 4172 4136 3741 3704
4 3862 3604 3562 1572
4 4017 3795 608 588
4 3989 3917 3977 3899
4 3814 3784 3642 3528
4 4002 3949 3888 3784
4 4079 3953 3952 3825
4 4190 3967 606 605
4 3951 3873 3835 1339
4 4040 3841 3755 3716
4 4064 3963 3841 3767
4 4130 4122 4066 3942
4 4030 3795 591 589
4 4014 3933 3925 3813
4 3997 3911 3828 3811
4 4123 3811 4102 3737
4 4187 4110 3805 3787
4 3915 3876 3914 3852
4 4030 610 3496 609
4 4130 4122 3714 3701
4 4015 3779 3981 3773
4 4187 4136 4172 3704
4 3950 3942 3882 3866
4 4085 3813 3870 3793
4 3924 3480 3476 3469
4 3943 3827 3718 3710
4 4050 3812 4038 3783
4 3993 3813 3834 3791
4 3835 3633 3711 1338
4 3929 3799 3821 3676
4 3903 3438 3484 3437
4 3832 3594 3765 3590
4 3885 3856 3881 3839
4 3875 3806 3853 3776
4 3968 3893 1337 1336
4 4013 3961 3936 3914
4 4023 3848 3962 3803
4 4086 3954 3948 3796
4 4191 4072 3809 3775
4 4242 4030 4024 609
4 3976 3907 3964 3892
4 4060 4000 3995 3908
4 3988 3975 3747 3735
4 3862 1573 3604 1572
4 3817 3792 3573 3536
4 3817 2648 2647 2594
4 3817 3792 3734 3635
4 3817 2648 3734 2647
4 3817 3635 2649 2648
4 3817 2649 3734 2648
4 3817 3635 3734 2649
4 4033 3930 3842 3800
4 3993 3920 3791 3664
4 3873 3786 3729 1337
4 3963 3820 3841 3767
4 4123 3900 3911 3828
4 3819 1755 1808 1754
4 3819 3626 1754 1753
4 3819 1806 1805 1752
4 3819 1753 1806 1752
4 3819 1808 1807 1754
4 3819 1754 1807 1753
4 3819 1807 1806 1753
4 4161 4075 4114 3815
4 4085 4014 3925 3870
4 3943 3864 3827 3710
4 3991 3947 3929 3909
4 4190 605 3494 601
4 3991 3718 3864 3710
4 4169 4133 3968 3893
4 3885 3881 3856 3778
4 3888 3790 3822 3784
4 3982 3659 3923 3608
4 3918 3762 3856 3439
4 4015 3889 3897 3708
4 4227 3981 3928 3493
4 4010 3849 3830 3826
4 4071 4067 3987 3493
4 3932 3727 1342 1341
4 3850 1340 3493 609
4 3958 3887 3899 3882
4 3824 1840 3769 1835
4 3824 1825 3508 1823
4 3824 3769 1825 1823
4 3824 3769 3508 1825
4 3824 3769 1840 1839
4 3898 3628 3505 3504
4 3824 3819 3769 1839
4 4033 3930 3925 3818
4 4014 3847 3481 3480
4 4043 3718 3991 3710
4 4124 4114 4109 3733
4 3929 3909 3476 3475
4 4242 3782 3810 609
4 4060 3841 3908 3755
4 3943 3827 3768 3718
4 4011 4001 3952 3837
4 4011 4001 3837 3807
4 4202 1338 606 605
4 3849 3815 3826 3771
4 4015 3972 3889 3708
4 4133 3489 3781 600
4 3864 3718 3827 3710
4 4014 3847 3834 3481
4 3991 3548 3947 3475
4 3838 3821 3791 3664
4 3993 3834 3847 3791
4 3871 3562 3604 1126
4 4130 3942 3787 3714
4 3831 3828 3830 3733
4 3984 3486 3529 3485
4 3992 3856 3918 3778
4 3974 3968 3893 1337
4 4006 3968 1337 605
4 3961 3894 3931 3493
4 3831 3830 3749 3733
4 4131 636 4078 608
4 4061 1381 1377 1350
4 3965 609 3782 604
4 4108 4042 4052 3493
4 4059 3998 4005 3983
4 4010 3725 3830 3721
4 4025 3883 3879 3854
4 4204 3905 3946 3855
4 3950 3882 3887 3866
4 3999 3848 3871 3803
4 3847 3481 3480 3466
4 3947 3548 3909 3475
4 3947 3594 3909 3548
4 4137 3954 4075 3927
4 4202 4006 1337 605
4 4085 3870 3818 3793
4 4114 3815 4075 3771
4 3961 3905 3894 3880
4 3959 3904 3869 3867
4 4180 4167 3836 3721
4 3951 1341 3727 1340
4 3893 3786 1336 601
4 3933 3838 3813 3791
4 3922 1351 3685 1349
4 4030 4024 609 604
4 4155 3616 3485 3484
4 4202 606 3968 605
4 3991 3710 3929 3676
4 4074 3436 3489 3435
4 4082 4008 3487 3440
4 4082 3955 4074 3629
4 4003 3918 3846 3797
4 4202 3968 4006 605
4 4164 4163 4125 3737
4 4073 3871 3979 3862
4 3871 1126 3696 796
4 3849 3826 3815 3749
4 4189 3935 3808 3759
4 4020 3965 3493 609
4 4091 3807 4001 3616
4 4093 4076 3801 3716
4 3990 1339 3690 1338
4 4164 4125 4146 3737
4 3939 3921 3896 3785
4 3896 3845 3867 3844
4 4102 3973 3840 3833
4 3953 3842 3952 3825
4 4050 3812 3857 3801
4 3997 3833 3911 3811
4 3960 3717 3912 3707
4 4046 3960 3949 3853
4 4101 3554 3673 599
4 4160 4019 4143 4008
4 3912 3719 3885 3707
4 3924 3920 3847 3664
4 3996 3577 3780 3528
4 4043 3827 3780 3577
4 3996 3590 3603 3577
4 4064 4004 4040 3767
4 4040 3747 3767 3716
4 4061 1355 1382 1354
4 3849 3830 3826 3749
4 3849 3831 3830 3749
4 4127 4121 4116 4056
4 3965 3773 3850 3690
4 4049 3946 3978 3493
4 3970 3850 1341 1340
4 3859 1906 3769 1853
4 3926 2565 2564 1826
4 3926 3798 2581 2580
4 3859 3769 2028 1853
4 3859 1854 1907 1853
4 3859 2029 2031 1854
4 4227 4204 3946 3855
4 4042 3928 3966 3493
4 4049 3987 3946 3493
4 4111 4083 4069 4029
4 4227 3823 3928 3779
4 3903 3762 3439 3438
4 4082 3829 4008 3770
4 4074 3940 3435 1332
4 4082 3770 4008 3440
4 4160 4019 4082 3955
4 4087 4048 3985 3868
4 4100 4087 3923 3665
4 4003 3778 3797 3694
4 4027 3891 3998 3877
4 4009 3950 3887 3866
4 4096 3886 3883 3808
4 3962 3935 3874 3848
4 3863 3461 2558 2557
4 3863 3461 3774 3458
4 3863 3774 3858 3458
4 3863 1095 1101 1067
4 3863 1101 1095 1094
4 3863 1100 1101 1094
4 3863 2558 2611 2557
4 3863 3461 2611 2558
4 4043 3603 3947 3548
4 4133 3974 3893 3781
4 4155 3802 3639 3625
4 4034 3837 3916 3802
4 3929 3909 3676 3664
4 3974 3968 3957 3893
4 3868 3668 3720 3618
4 4002 3709 3766 3528
4 3960 3890 3949 3853
4 3949 3790 3888 3784
4 3992 3912 3881 3719
4 4015 3773 3972 3699
4 4111 4105 4083 4029
4 3976 3958 3907 3892
4 4057 3891 4025 3883
4 4027 3877 3998 3861
4 4035 4013 3964 3914
4 3874 3816 3848 3803
4 4125 3737 4102 3713
4 4050 3813 3838 3791
4 4082 3440 3488 3436
4 4051 1356 1332 1331
4 3982 3659 3653 3627
4 3949 3822 3888 3790
4 3960 3731 3717 3693
4 3969 3884 3578 1331
4 4134 3886 4096 3808
4 4007 3904 3704 3697
4 4181 3867 3869 3844
4 4213 4181 3845 3844
4 3869 3867 3845 3844
4 4172 3867 3844 3741
4 4134 4023 3871 3788
4 4006 3990 3690 1338
4 3939 3921 3906 3820
4 3939 3906 3921 3785
4 3938 3872 3502 3501
4 3938 3859 3872 3789
4 3922 3835 3711 1342
4 4102 3941 3973 3833
4 3922 1376 1378 1349
4 4072 3708 3809 3699
4 3912 3881 3875 3860
4 3912 3717 3757 3707
4 3960 3912 3890 3853
4 3964 3944 3936 3914
4 3978 3910 3928 3493
4 3970 1341 3493 1340
4 3915 3892 3907 3876
4 4070 619 620 592
4 3981 3773 3779 3493
4 4029 3989 4026 3977
4 3950 3882 3942 3854
4 4131 3493 608 607
4 4005 3983 3998 3979
4 3897 3815 3849 3771
4 3989 3917 3899 3882
4 4180 4167 3905 3880
4 4110 4009 3805 3787
4 4227 3981 4015 3779
4 4005 3862 3979 3861
4 3965 1339 3850 604
4 3989 3917 3882 3879
4 4227 3946 3980 3493
4 3917 3879 3883 3854
4 4057 3891 3883 3877
4 4177 3935 4023 3788
4 4058 3907 3876 3805
4 3917 3882 3879 3854
4 4027 3902 3998 3891
4 3960 3860 3912 3853
4 4031 3895 3982 3865
4 4048 4003 3903 3846
4 4082 4074 3829 3436
4 4061 3685 1353 1352
4 3987 3961 3931 3493
4 4098 4052 3970 3493
4 4013 3936 3961 3894
4 4110 4066 4009 3942
4 4020 3493 610 609
4 4227 3928 3910 3493
4 3889 3809 3815 3771
4 4028 4026 4022 4016
4 3897 3889 3771 3708
4 4015 3771 3761 3708
4 3949 3890 3822 3790
4 3960 3717 3707 3693
4 4181 3844 3785 3714
4 4046 3960 3853 3693
4 4081 3738 3766 3709
4 4081 3790 4002 3784
4 3936 3914 3880 3852
4 4196 4166 4142 3493
4 4171 3805 4097 3697
4 4185 4061 1349 1346
4 3936 3914 3894 3880
4 3969 3945 1332 1331
4 4035 3976 3964 3944
4 3959 3869 3904 3840
4 4010 3758 3826 3725
4 3958 3907 3892 3887
4 4007 3941 3959 3904
4 3950 3899 3887 3882
4 4023 3935 3848 3788
4 4037 4013 3914 3493
4 3950 3899 3882 3879
4 3997 3941 3911 3833
4 4022 3902 3989 3891
4 3982 3653 3659 3608
4 3955 3646 3940 1330
4 3955 3646 3651 3619
4 3922 1378 1351 1349
4 4187 3787 3805 3704
4 4135 4036 3971 3800
4 3896 3869 3867 3845
4 4164 4038 4033 3800
4 3973 3941 3840 3833
4 4227 4077 3823 3779
4 4057 3883 3886 3877
4 3964 3914 3915 3876
4 4025 3883 3891 3879
4 4057 3883 3854 3759
4 3921 3845 3896 3844
4 3921 3844 3896 3785
4 3898 3824 1840 1839
4 3898 3509 1840 1835
4 3898 1840 3824 1835
4 3898 3504 3509 1836
4 3898 1836 3509 1835
4 3898 3824 1836 1835
4 3898 3508 3504 1836
4 3898 3824 3508 1836
4 3898 3508 3824 3504
4 3900 3733 3828 3700
4 4114 3830 4109 3733
4 3900 3830 3828 3733
4 4062 4041 3997 3695
4 4021 3761 3771 3758
4 3900 3830 3831 3828
4 3986 3502 3461 3459
4 3926 2639 2638 2585
4 3926 3798 2589 2586
4 3926 2642 2639 2586
4 4042 3978 3928 3493
4 3946 3905 3931 3493
4 3918 3903 3797 3762
4 4074 3940 1332 1331
4 3992 3918 3797 3778
4 4126 603 626 597
4 3959 3840 3941 3833
4 4041 4010 3830 3721
4 4093 3801 3857 3747
4 4062 3997 4007 3695
4 4027 3998 3983 3979
4 4013 3936 3944 3914
4 4202 1338 3775 606
4 4123 3828 3811 3700
4 4079 4039 3878 3825
4 4123 3828 3911 3811
4 4043 3947 3991 3548
4 3947 3594 3603 3590
4 3996 3991 3947 3710
4 4061 1368 1354 1350
4 4061 3685 1346 1345
4 4045 4012 3977 3958
4 4061 3685 1382 1355
4 4167 3721 4062 3695
4 4062 4007 3697 3695
4 3997 3911 3900 3828
4 3922 1370 1372 1343
4 4051 1357 1334 1332
4 4002 3766 3784 3528
4 3960 3860 3853 3693
4 3969 1331 3578 1330
4 3965 3690 1339 604
4 3962 3848 3874 3816
4 4023 3871 3848 3803
4 3950 3879 3882 3854
4 4045 4012 4029 3977
4 3969 3533 3945 1330
4 4112 4092 4080 3493
4 3973 3941 3904 3840
4 4072 3974 4006 3957
4 3922 3711 1370 1343
4 4166 4150 4108 3493
4 4156 4073 4090 3862
4 4029 4026 4016 3977
4 4128 4127 4121 4116
4 3958 3887 3882 3866
4 4056 4026 4028 4016
4 4105 4026 4056 4016
4 3989 3902 3917 3879
4 3985 3743 3903 3437
4 3918 3856 3482 3439
4 3918 3482 3903 3439
4 3985 3984 3794 3743
4 3985 3868 3762 3743
4 4120 4101 603 597
4 3984 3529 3743 3437
4 3985 3846 3903 3762
4 4082 3829 3770 3436
4 3974 3948 3957 3927
4 4137 4124 4109 4039
4 3929 3920 3924 3664
4 4064 3939 3820 3767
4 3939 3845 3921 3767
4 3965 3782 606 604
4 4079 3842 3953 3825
4 3990 3873 1339 1338
4 4075 3815 3809 3771
4 3990 3893 3873 1338
4 4197 4086 3796 3639
4 3969 1334 3884 1332
4 4046 3693 3753 3645
4 4051 1335 3945 1334
4 3960 3885 3860 3707
4 4091 3793 3667 3482
4 4217 4030 3496 609
4 4030 631 633 607
4 4242 3810 3795 610
4 4001 3807 3625 3616
4 4034 3802 3796 3639
4 4099 3796 3948 3677
4 4001 3952 3837 3807
4 4004 4000 3908 3841
4 4091 3667 3483 3482
4 4086 4034 3796 3639
4 3926 2589 2642 2586
4 3926 3798 2590 2589
4 3926 2643 2642 2589
4 3926 2590 2643 2589
4 3926 3798 3635 2590
4 3926 2644 2643 2590
4 3926 3635 2591 2590
4 3926 2591 2644 2590
4 3926 3635 2644 2591
4 4099 3957 3974 3948
4 4133 3974 4099 3957
4 4202 3967 3968 606
4 4024 606 3967 604
4 4202 4006 3775 1338
4 3993 3933 3813 3791
4 3991 3947 3909 3475
4 3991 3947 3710 3676
4 4099 3796 3677 3607
4 3991 3929 3947 3676
4 4086 3934 3954 3916
4 4147 4001 3625 3616
4 4011 3807 3837 3625
4 4091 4085 3818 3667
4 4014 3834 3993 3813
4 4014 3993 3847 3480
4 4034 4011 3916 3837
4 3993 3847 3920 3664
4 4133 3786 3893 601
4 4202 4191 4006 3957
4 4030 591 618 589
4 4217 609 3496 604
4 4125 4123 4102 3737
4 4043 3827 3991 3718
4 4090 4073 4063 4005
4 4185 1351 1368 1349
4 4032 3976 3944 3892
4 3989 3891 3902 3879
4 3964 3907 3915 3892
4 3976 3964 3944 3892
4 4012 3958 3892 3887
4 4045 4032 4012 3976
4 4148 4113 4118 4089
4 3936 3880 3894 3852
4 3993 3924 3847 3480
4 3993 3924 3480 3476
4 4077 3761 4021 3758
4 3993 3924 3920 3847
4 4030 616 615 588
4 4133 1336 601 600
4 4030 618 616 589
4 3968 1336 1337 601
4 4028 4022 3983 3902
4 3980 3931 3946 3905
4 4015 3773 3981 3493
4 4058 3866 3907 3805
4 4070 3795 4017 595
4 4041 3900 3997 3721
4 4061 4018 3932 1343
4 3986 2565 3461 2564
4 3986 3580 3938 3460
4 3986 3460 3502 3459
4 4038 3925 4033 3783
4 3963 3841 3820 3816
4 4138 4123 3712 3700
4 4155 4011 4034 3802
4 4144 4097 3852 3695
4 4213 3785 4189 3701
4 3999 3803 3871 3696
4 4226 4202 3775 606
4 3969 3945 1334 1332
4 4019 3982 3653 3627
4 4051 1358 1335 1334
4 3969 3945 3447 1334
4 4051 1356 1357 1332
4 3960 3912 3885 3707
4 4123 3811 3737 3712
4 4102 3840 3973 3713
4 4146 3971 3737 3713
4 4123 3911 4102 3811
4 3951 3922 3685 1341
4 4021 3849 4010 3826
4 3961 3936 3914 3894
4 4052 4042 3966 3493
4 4151 4067 4071 3493
4 4027 3998 4005 3861
4 4183 4162 4159 4140
4 4185 4061 1346 1345
4 3961 3894 3914 3880
4 3966 3773 3850 3493
4 4075 3974 4072 3927
4 4075 3948 3974 3927
4 4038 3870 3925 3812
4 4001 3952 3953 3842
4 3951 3685 3727 1341
4 4137 4114 4124 3749
4 4146 4050 4038 3919
4 4038 3919 3857 3783
4 3990 3727 3690 1340
4 3973 3869 3904 3867
4 4093 4064 4040 3747
4 4039 3952 3916 3878
4 4095 4076 3799 3676
4 4064 3820 3963 3767
4 4060 4004 3908 3841
4 3954 3934 3948 3927
4 4006 3893 3990 1338
4 4125 4123 3737 3712
4 4011 3837 3802 3625
4 3953 3930 3818 3807
4 3953 3930 3842 3818
4 4086 3916 3954 3796
4 4086 3948 3954 3934
4 3990 3951 3727 1340
4 4039 3952 3878 3825
4 4095 4040 4004 3755
4 4109 3830 3900 3733
4 4006 3968 3974 1337
4 3955 1331 3629 1330
4 3955 3940 1331 1330
4 4031 4008 3982 3895
4 4031 3982 3923 3865
4 4008 3770 3754 3440
4 4082 3940 3955 3829
4 3955 3629 1331 599
4 3955 1331 3940 599
4 4066 3950 4009 3942
4 4177 4096 4141 3808
4 4171 4144 4062 3695
4 4213 4181 3785 3701
4 3956 3921 3843 3785
4 3956 3874 3906 3820
4 3956 3906 3874 3843
4 4124 4084 4109 4079
4 4022 3998 3902 3891
4 3964 3915 3944 3892
4 4018 3932 1343 1342
4 4061 3932 1345 1343
4 4144 3936 3894 3852
4 3960 3885 3912 3860
4 4081 3784 3766 3715
4 4051 3945 3533 1331
4 4046 3731 3960 3693
4 4002 3790 3949 3784
4 4046 3731 3693 3645
4 4166 4108 4142 3493
4 4052 3966 3970 3493
4 3970 3850 3932 1341
4 4070 619 592 590
4 3964 3915 3907 3876
4 4025 3950 3942 3854
4 3962 3874 3935 3843
4 3962 3935 3956 3843
4 3962 3956 3874 3843
4 4178 4141 4122 3701
4 4058 3907 4009 3892
4 4066 4025 3950 3942
4 4066 4025 3942 3854
4 4135 4033 3953 3842
4 4060 4004 3841 3755
4 3964 3936 3944 3915
4 4134 3937 3871 3862
4 4071 3987 4049 3493
4 4089 4032 4045 3976
4 4021 3771 3826 3758
4 4017 595 3795 591
4 3972 3699 3773 3690
4 4015 3779 3773 3708
4 4180 3836 3758 3725
4 4070 617 619 590
4 4070 635 613 586
4 4131 4078 4020 3493
4 4177 3808 3935 3788
4 3972 3889 3708 3699
4 3978 3946 3910 3493
4 4034 3916 4011 3878
4 4155 4011 3802 3625
4 4217 4190 3967 606
4 4086 4034 3802 3796
4 4169 601 3490 600
4 3968 1337 605 601
4 3968 606 3967 605
4 4011 3878 3952 3825
4 4091 4085 3793 3482
4 4019 3955 3651 3619
4 4185 1349 1368 1346
4 4098 3970 4018 3493
4 4185 4061 1345 1343
4 4242 4226 609 604
4 4242 609 4024 604
4 4226 606 3782 604
4 4114 3749 3830 3733
4 4164 4135 4163 4036
4 3972 3773 3965 3690
4 3972 3965 3699 3690
4 3972 3775 3889 3699
4 3972 3965 3775 3699
4 4167 3894 3931 3880
4 4172 4136 3867 3741
4 4167 3931 3905 3880
4 4096 3877 3886 3861
4 3988 3845 3767 3747
4 3975 3845 3747 3735
4 4050 4038 3857 3783
4 4123 3811 3712 3700
4 4191 4072 3957 3927
4 4006 3893 1338 1337
4 4137 3954 3934 3878
4 4164 3971 3919 3800
4 3990 3951 1340 1339
4 4033 3842 3930 3818
4 3975 3869 3845 3735
4 3975 3869 3896 3845
4 3975 3840 3869 3735
4 3975 3840 3735 3713
4 3975 3973 3840 3713
4 3975 3973 3869 3840
4 3975 3896 3869 3867
4 3975 3869 3973 3867
4 4158 4156 4132 4090
4 4061 3932 3685 1345
4 4158 4090 4132 4063
4 4083 4045 4029 3977
4 3987 3931 3905 3493
4 4118 4035 4104 3493
4 4108 4065 4042 3493
4 3987 3931 3961 3905
4 4022 3998 3983 3902
4 4158 4127 4132 4121
4 4018 3932 1342 1341
4 4151 4104 4067 3493
4 4027 3937 3877 3861
4 4090 4073 4005 3862
4 4027 4005 3998 3979
4 4027 4005 3979 3861
4 4061 3685 1352 1351
4 4027 3902 3891 3883
4 4156 4073 3862 1573
4 4150 4065 4108 3493
4 4185 1352 1368 1351
4 4073 4059 4005 3979
4 4063 4059 4056 3998
4 4180 4021 4010 3725
4 4015 3761 3779 3708
4 4015 3972 3773 3493
4 4078 608 4070 607
4 4070 589 4017 588
4 4070 4017 608 588
4 4055 4047 3981 3493
4 4116 4083 4105 4016
4 4077 3823 3761 3758
4 4132 4090 4073 4063
4 4068 4032 4035 3944
4 4070 635 589 588
4 4167 4144 3852 3695
4 4225 4215 4218 4193
4 4059 4028 3998 3983
4 4059 4028 4056 3998
4 4121 4063 4059 4056
4 4185 4061 1352 1351
4 4120 3490 3494 603
4 4101 4074 603 597
4 4143 3982 4019 3627
4 4087 4048 3868 3720
4 4003 3992 3797 3778
4 4160 4019 3955 3651
4 4048 4003 3846 3724
4 4143 3659 3982 3627
4 4082 4074 3940 3829
4 4120 3554 4101 599
4 3986 2564 3461 2563
4 3986 3926 2564 1827
4 3986 2563 3502 1824
4 3986 3502 3938 1824
4 3986 2564 2563 1824
4 3986 1827 2564 1824
4 3986 3938 1827 1824
4 3986 3859 3926 1827
4 3986 3938 3859 1827
4 3986 3938 3926 3859
4 4165 4142 4098 3493
4 4185 1368 1367 1345
4 4059 3983 4005 3979
4 3988 3896 3939 3845
4 3988 3975 3845 3747
4 3988 3975 3896 3845
4 4033 3925 3800 3783
4 4006 3974 3893 1337
4 4072 3775 4006 3699
4 4202 4072 4191 3775
4 4070 608 4017 607
4 4078 4020 3493 610
4 4191 4072 4006 3957
4 4095 4060 4094 3674
4 4114 3826 3830 3749
4 3999 3908 3816 3803
4 4095 3755 4060 3674
4 4099 4086 3607 3487
4 4227 3980 3994 3493
4 4014 3847 3993 3834
4 4077 4021 3823 3758
4 4160 4143 4019 3627
4 4120 603 4115 597
4 4082 3651 3955 3629
4 4160 3675 4019 3651
4 4074 3955 3940 599
4 4169 3968 605 601
4 4034 3934 3916 3878
4 4011 3952 4001 3825
4 4133 3974 3957 3893
4 4197 3625 3639 3486
4 4034 4011 3837 3802
4 4070 617 590 587
4 4044 3980 3931 3493
4 4026 3977 3989 3917
4 4070 593 635 592
4 4116 4105 4028 4016
4 4226 4024 3967 604
4 4010 3849 3831 3830
4 4096 3886 4057 3883
4 4177 4023 4134 3788
4 4041 4010 3900 3830
4 4189 3785 3759 3701
4 4007 3941 3904 3697
4 4181 4178 3714 3701
4 4172 4130 4110 3787
4 4092 4088 4080 3493
4 4029 3989 3977 3899
4 4012 3958 3976 3892
4 4012 3977 3958 3899
4 4064 3767 4040 3747
4 4033 3925 3870 3818
4 4000 3874 3999 3816
4 4095 3943 4094 3799
4 4163 4125 3737 3712
4 4095 4040 3755 3716
4 4038 3812 3925 3783
4 4060 3995 3999 3696
4 4064 3963 4004 3841
4 4099 3948 4086 3927
4 4217 3967 4024 606
4 4085 4014 3870 3813
4 4046 3853 3753 3693
4 4081 3766 4002 3709
4 4081 3753 3738 3645
4 4082 3955 3895 3829
4 4100 3923 3982 3659
4 4119 4094 4060 3674
4 4129 3975 3735 3713
4 4040 3767 3841 3716
4 4060 3908 3698 3674
4 4060 4004 4000 3908
4 4060 4000 3999 3995
4 4119 3768 3780 3718
4 4032 4012 3976 3892
4 4026 4016 3977 3917
4 4103 4047 4055 3493
4 4026 4022 4016 3917
4 4056 4028 4022 3998
4 4012 3899 3958 3887
4 4123 3900 3828 3700
4 4124 4079 3878 3825
4 4033 3953 3842 3818
4 4137 4114 4075 3954
4 4129 3857 4093 3801
4 4007 3911 3697 3695
4 4007 3997 3911 3695
4 4007 3911 3941 3697
4 4007 3997 3941 3911
4 4007 3959 3941 3833
4 4007 3941 3997 3833
4 4204 3823 4021 3758
4 4041 3997 3900 3828
4 4120 3494 4115 600
4 4101 3673 4074 599
4 4101 599 4074 597
4 4120 4115 599 597
4 4130 3942 4066 3787
4 4110 3942 4009 3787
4 4227 4204 3980 3946
4 4096 3883 4057 3808
4 4010 3831 3900 3830
4 4077 3823 3779 3761
4 4021 3897 3826 3771
4 4057 3883 4025 3854
4 4057 3808 3883 3759
4 4134 3937 3862 3861
4 4241 4220 4203 3493
4 4021 3897 3849 3826
4 4015 3708 3773 3699
4 4099 3607 3677 3488
4 4217 3496 606 604
4 4137 3934 3954 3927
4 4091 3793 4085 3667
4 4070 591 4017 589
4 4104 4037 4067 3493
4 4204 4180 3905 3836
4 4110 4009 4058 3805
4 4020 4017 3965 610
4 4073 3871 3862 1573
4 4070 590 635 587
4 4015 3897 3771 3708
4 4077 4015 3771 3761
4 4065 3978 4042 3493
4 4208 4183 4193 4162
4 4118 4068 4089 4035
4 4193 4175 4182 4174
4 4017 3795 3810 607
4 4189 3956 3935 3843
4 4041 3900 4010 3831
4 4047 4020 3972 3493
4 4017 3810 610 607
4 4017 610 3810 609
4 4017 3810 3965 609
4 4017 3965 610 609
4 4081 3738 3753 3715
4 4081 3766 3738 3715
4 4051 3551 1333 1331
4 4046 3949 4002 3790
4 4046 3853 3949 3790
4 4173 4139 4092 3493
4 4078 608 635 588
4 4070 596 3795 595
4 4070 620 593 592
4 4070 620 3795 593
4 4055 3981 4054 3493
4 4070 587 635 586
4 4041 3830 3900 3721
4 4144 4097 3876 3852
4 4180 3836 3725 3721
4 4167 3880 3836 3721
4 4227 4015 4077 3779
4 4058 4009 3866 3805
4 4130 3787 3741 3714
4 4181 4130 4172 3714
4 4023 3935 3962 3848
4 4022 3917 3989 3902
4 4022 4016 3917 3902
4 4026 3989 4022 3917
4 4028 4016 4022 3902
4 4129 4053 4050 3857
4 4028 4022 3998 3983
4 4187 4058 4097 3805
4 4110 4066 3942 3787
4 4097 3805 3876 3697
4 4136 3904 3959 3867
4 4099 3957 3948 3927
4 4217 606 4024 604
4 4041 3900 3831 3828
4 4172 4130 3787 3741
4 4122 4057 3854 3759
4 4136 3904 3867 3704
4 4035 4032 3976 3944
4 4063 4005 4059 3998
4 4174 4128 4170 4121
4 4045 3976 4012 3958
4 4170 4128 4127 4121
4 4156 4132 4090 4073
4 4029 3977 4012 3899
4 4069 4045 4032 4012
4 4067 4037 3961 3493
4 4111 4083 4106 4069
4 4035 3964 4013 3944
4 4104 4035 4037 3493
4 4176 4055 4145 3493
4 4208 4183 4162 3493
4 4078 4017 4020 610
4 4054 3994 4044 3493
4 4206 4196 4165 3493
4 4054 3981 3994 3493
4 4031 3754 3984 3441
4 4031 4008 3754 3441
4 4031 3770 3865 3754
4 4031 4008 3770 3754
4 4031 4008 3865 3770
4 4031 3984 3486 3441
4 4031 3486 4008 3441
4 4082 3487 3488 3440
4 4080 3961 4013 3493
4 4080 3894 3961 3493
4 4129 4053 3857 3801
4 4217 4190 606 605
4 4217 3496 3495 606
4 4043 3996 3718 3710
4 4133 3781 1336 1335
4 4185 4061 1351 1349
4 4129 3857 3919 3735
4 4155 4147 3625 3616
4 4242 610 4030 609
4 4191 4075 4161 3809
4 4191 4072 4075 3809
4 4226 3967 606 604
4 4202 4006 3968 3957
4 4242 610 3795 607
4 4142 4052 4098 3493
4 4222 4211 4179 3493
4 4038 3800 3919 3783
4 4038 4033 3800 3783
4 4102 3911 3941 3833
4 4102 3811 3833 3737
4 4161 4114 4137 3749
4 4164 4033 4135 3800
4 4040 4004 3841 3767
4 4040 3841 4004 3755
4 4095 3943 3755 3674
4 4050 3838 3813 3812
4 4064 3939 3963 3820
4 4093 3988 4064 3747
4 4072 3809 3775 3699
4 4137 4124 4039 3878
4 4119 3780 3768 3696
4 4064 3841 4004 3767
4 4050 3813 3870 3812
4 4122 4057 4025 3854
4 4134 3871 4023 3862
4 4187 4171 3704 3697
4 4141 4096 4057 3808
4 4142 4108 4052 3493
4 4185 4061 1368 1352
4 4169 3968 3967 605
4 4086 3802 3916 3796
4 4091 3818 3807 3667
4 4147 3667 4091 3616
4 4155 3802 4034 3639
4 4085 4014 3834 3481
4 4197 4155 3625 3485
4 4086 4034 3934 3916
4 4085 3834 3482 3481
4 4085 3834 3793 3482
4 4197 3607 4086 3487
4 4091 3930 4001 3807
4 4155 4147 3616 3484
4 4086 4034 3916 3802
4 4085 4014 3813 3793
4 4147 4001 4011 3625
4 4083 4029 4016 3977
4 4105 4029 4026 4016
4 4068 4013 4037 3493
4 4113 4106 4089 4069
4 4078 4070 4017 607
4 4080 4013 3961 3894
4 4078 636 635 608
4 4073 4059 4063 4005
4 4061 3685 1355 1353
4 4210 4157 4194 3493
4 4083 4045 4069 4029
4 4051 3533 3551 1331
4 4112 4013 4068 3493
4 4074 3629 3955 599
4 4100 3665 3923 3659
4 4120 603 3494 600
4 4160 3955 4082 3651
4 4074 3488 3489 3436
4 4120 4115 603 600
4 4185 1367 3493 1343
4 4098 3493 4018 1341
4 4163 4138 4123 3712
4 4164 4036 4163 3971
4 4076 3821 3799 3676
4 4093 4040 4076 3716
4 4075 3954 3948 3927
4 4102 3833 3840 3713
4 4081 3784 4002 3766
4 4053 3791 3821 3664
4 4053 3821 3838 3801
4 4076 3821 3801 3716
4 4119 3698 3768 3674
4 4093 3747 4040 3716
4 4076 3821 3676 3664
4 4095 3755 3799 3716
4 4053 3838 3821 3791
4 4053 4050 3838 3791
4 4053 3838 3812 3801
4 4053 3812 4050 3801
4 4053 3838 4050 3812
4 4117 4071 4049 3493
4 4089 4035 4032 3976
4 4247 4233 4225 4215
4 4177 4134 3808 3788
4 4167 4144 3894 3880
4 4189 4177 4141 3759
4 4167 4041 4062 3721
4 4078 4070 608 588
4 4136 4007 3704 3697
4 4171 3697 4097 3695
4 4077 3897 4021 3771
4 4131 4020 4103 3493
4 4070 614 587 586
4 4070 595 4017 591
4 4227 3910 3946 3493
4 4067 3961 3987 3493
4 4149 4128 4116 4111
4 4185 4165 4098 3493
4 4089 4035 4068 4032
4 4210 4195 4157 3493
4 4132 4121 4063 4059
4 4152 4113 4118 3493
4 4191 4161 4075 4072
4 4204 3931 3980 3905
4 4213 3845 3921 3844
4 4171 4136 3704 3697
4 4144 4097 3915 3876
4 4144 3894 3880 3852
4 4097 3697 3852 3695
4 4204 3836 3855 3758
4 4097 3876 3852 3697
4 4097 4058 3876 3805
4 4080 3931 3894 3493
4 4106 4089 4069 4045
4 4116 4105 4056 4028
4 4107 4044 4088 3493
4 4068 4035 4013 3944
4 4124 3749 4114 3733
4 4129 3975 3988 3735
4 4124 4079 4039 3878
4 4124 4079 4109 4039
4 4189 3808 4177 3759
4 4116 4111 4105 4083
4 4185 4098 4018 1341
4 4185 1346 1368 1345
4 4069 4029 4045 4012
4 4121 4056 4059 4028
4 4105 4083 4029 4016
4 4105 4056 4028 4016
4 4132 4121 4127 4063
4 4270 1548 3493 1543
4 4173 4092 4112 3493
4 4214 4198 3493 811
4 4148 4112 4068 3493
4 4139 4088 4092 3493
4 4197 3625 3486 3485
4 4135 4084 4036 3825
4 4078 4017 610 607
4 4089 4069 4045 4032
4 4137 4109 4114 4039
4 4095 4004 4060 3755
4 4076 4053 3821 3664
4 4114 3815 3826 3749
4 4117 4049 4065 3493
4 4148 4113 4089 4068
4 4112 4080 4013 3493
4 4159 4148 4113 3493
4 4184 4174 4182 4170
4 4162 4152 4140 4106
4 4106 4069 4083 4045
4 4157 4151 4071 3493
4 4115 3494 3495 600
4 4191 4161 4072 3927
4 4102 3737 3833 3713
4 4138 4109 4084 4079
4 4135 3953 4079 3842
4 4102 3911 3833 3811
4 4095 4076 4040 3716
4 4076 3821 4053 3801
4 4094 3799 3943 3710
4 4119 4060 3999 3696
4 4119 3698 4060 3696
4 4095 3943 3799 3755
4 4122 3759 3854 3701
4 4189 3843 3935 3759
4 4141 4057 4122 3759
4 4096 4057 3886 3877
4 4122 3854 3942 3701
4 4181 3741 3844 3714
4 4119 4094 3943 3718
4 4114 3826 3815 3771
4 4095 4094 3943 3674
4 4119 3943 3768 3718
4 4139 4107 4088 3493
4 4088 4044 3931 3493
4 4081 4046 3753 3645
4 4081 3790 3784 3753
4 4081 3853 3790 3753
4 4081 4046 3853 3753
4 4081 3853 4046 3790
4 4126 625 602 597
4 4158 4132 4127 4063
4 4193 4162 4175 4149
4 4194 4157 4117 3493
4 4137 4124 4114 4109
4 4161 4075 3815 3809
4 4161 4075 4072 3927
4 4202 1337 1338 605
4 4133 4099 3677 3488
4 4143 4100 4031 3982
4 4115 3495 3496 600
4 4126 603 4115 600
4 4128 4116 4111 4105
4 4113 4069 4089 4032
4 4140 4111 4106 4069
4 4214 3493 812 811
4 4121 4116 4056 4028
4 4099 3607 3488 3487
4 4197 3639 3796 3607
4 4099 4086 3948 3796
4 4147 4091 3667 3483
4 4099 4086 3796 3607
4 4133 3677 3489 3488
4 4206 3493 1367 1366
4 4152 4113 4106 4089
4 4131 3493 637 636
4 4200 4176 4145 3493
4 4201 4199 4158 4156
4 4095 3799 4076 3716
4 4146 3973 3975 3713
4 4138 4084 4135 4079
4 4119 3768 4094 3674
4 4119 3943 4094 3768
4 4130 4122 3942 3714
4 4167 3852 3721 3695
4 4171 4097 4144 3695
4 4187 4171 4136 3704
4 4177 4134 4096 3808
4 4227 3946 3910 3855
4 4167 4144 3880 3852
4 4180 3758 4021 3725
4 4181 4172 3741 3714
4 4134 3937 3886 3788
4 4227 3928 3981 3779
4 4167 4062 4144 3695
4 4169 4133 3893 601
4 4169 3490 3489 600
4 4190 3494 3490 601
4 4126 4115 603 597
4 4126 599 4115 597
4 4120 4115 3586 599
4 4119 4060 3698 3674
4 4146 3919 4129 3857
4 4137 4039 3954 3878
4 4129 4093 4053 3801
4 4140 4106 4113 4069
4 4150 4117 4065 3493
4 4182 4170 4174 4128
4 4201 4156 4158 4090
4 4149 4111 4116 4083
4 4146 3975 4129 3713
4 4153 4145 4107 3493
4 4174 4128 4121 4116
4 4175 4149 4162 4140
4 4145 4055 4054 3493
4 4198 3493 811 637
4 4159 4113 4152 3493
4 4113 4089 4068 4032
4 4250 4247 4234 4225
4 4156 1573 3862 1572
4 4212 4159 4183 3493
4 4118 4068 4035 3493
4 4195 4179 4151 3493
4 4193 4175 4174 4149
4 4152 4118 4113 4089
4 4129 3735 3919 3713
4 4199 4158 4156 4132
4 4196 4142 4165 3493
4 4145 4054 4107 3493
4 4197 4155 4034 3639
4 4148 4118 4113 3493
4 4187 4097 4171 3805
4 4189 3935 4177 3808
4 4209 4199 4207 4184
4 4149 4106 4111 4083
4 4131 608 4078 607
4 4198 4131 4103 3493
4 4198 4131 3493 637
4 4155 4147 4011 3625
4 4129 3988 4093 3735
4 4163 4135 4138 4036
4 4164 4146 4038 3919
4 4126 3597 3586 599
4 4120 599 4101 597
4 4132 4063 4073 4059
4 4224 4214 3493 812
4 4127 4063 4121 4056
4 4185 4018 4061 1343
4 4146 3919 3971 3713
4 4208 4162 4186 3493
4 4157 4071 4117 3493
4 4127 4116 4105 4056
4 4129 4093 3857 3735
4 4138 4109 4124 4084
4 4163 3712 4036 3700
4 4126 602 3597 599
4 4126 602 599 597
4 4126 3586 4115 599
4 4170 4127 4158 4121
4 4192 4154 4148 3493
4 4243 3493 4206 1366
4 4171 4062 3697 3695
4 4213 4178 4181 3701
4 4213 4189 4178 3701
4 4141 3808 4057 3759
4 4146 3737 4125 3713
4 4146 4129 3919 3713
4 4125 4102 3973 3713
4 4242 4024 4226 604
4 4235 4222 4195 3493
4 4174 4149 4128 4116
4 4218 4182 4184 4174
4 4149 4140 4111 4106
4 4128 4127 4116 4105
4 4219 4166 4196 3493
4 4170 4158 4132 4121
4 4134 3871 3937 3788
4 4134 3937 4096 3886
4 4134 3886 3808 3788
4 4224 3493 817 812
4 4168 4152 4118 3493
4 4175 4174 4149 4128
4 4152 4113 4140 4106
4 4162 4140 4149 4106
4 4201 4156 3862 1572
4 4175 4149 4140 4111
4 4211 4168 4179 3493
4 4155 3616 3625 3485
4 4267 4253 3493 1543
4 4179 4118 4104 3493
4 4190 4169 3967 605
4 4189 3956 3962 3935
4 4141 3759 4122 3701
4 4181 4178 4130 3714
4 4187 3704 3805 3697
4 4187 3805 4171 3697
4 4172 3959 3869 3867
4 4172 4136 3959 3867
4 4172 4130 3741 3714
4 4177 3962 4023 3935
4 4177 3808 4141 3759
4 4189 3785 3843 3759
4 4189 3962 4177 3935
4 4146 4125 3973 3713
4 4146 4050 3919 3857
4 4138 3900 4123 3700
4 4138 4124 3733 3700
4 4138 4124 4109 3733
4 4146 4129 4050 3857
4 4164 4135 3971 3800
4 4138 3733 3900 3700
4 4138 4109 3900 3733
4 4148 4089 4118 4068
4 4159 4140 4152 4113
4 4198 4103 4176 3493
4 4188 4139 4173 3493
4 4173 4112 4154 3493
4 4216 4153 4188 3493
4 4249 4237 4234 4233
4 4200 4145 4153 3493
4 4154 4112 4148 3493
4 4181 3714 3785 3701
4 4187 4172 3741 3704
4 4213 3921 3956 3785
4 4187 4172 4110 3787
4 4185 4018 1342 1341
4 4180 3880 3905 3836
4 4164 3971 4163 3712
4 4164 3919 4038 3800
4 4164 4146 3971 3737
4 4163 4138 3712 3700
4 4163 4123 4125 3712
4 4164 3737 3971 3712
4 4190 4169 605 601
4 4169 4133 601 600
4 4169 3893 3968 601
4 4153 4107 4139 3493
4 4192 4148 4159 3493
4 4230 4192 4212 3493
4 4176 4103 4055 3493
4 4199 4170 4158 4132
4 4214 4198 4176 3493
4 4206 4165 4185 3493
4 4188 4153 4139 3493
4 4203 4194 4150 3493
4 4268 1579 1578 845
4 4186 4152 4168 3493
4 4201 1573 4156 1572
4 4194 4117 4150 3493
4 4256 4221 4245 3493
4 4179 4104 4151 3493
4 4218 4193 4182 4174
4 4217 3495 4190 605
4 4169 3489 4133 600
4 4271 1579 4268 845
4 4211 4186 4168 3493
4 4175 4128 4149 4111
4 4215 4193 4183 4175
4 4185 1343 3493 1342
4 4220 4194 4203 3493
4 4162 4152 4159 4140
4 4259 4235 4210 3493
4 4235 4195 4210 3493
4 4186 4159 4152 3493
4 4184 4174 4170 4121
4 4225 4208 4215 4193
4 4184 4170 4132 4121
4 4237 4228 4236 4223
4 4183 4175 4162 4140
4 4212 4192 4159 3493
4 4229 1573 4201 1572
4 4258 3493 4243 1365
4 4193 4183 4175 4162
4 4232 4188 4173 3493
4 4202 4006 1338 1337
4 4242 4226 3782 609
4 4242 3810 610 609
4 4179 4168 4118 3493
4 4234 4233 4223 4218
4 4164 4163 3737 3712
4 4163 4036 4084 3700
4 4163 4084 4138 3700
4 4163 4138 4084 4036
4 4187 3741 3787 3704
4 4187 4172 3787 3741
4 4180 4041 4167 3721
4 4238 4208 4221 3493
4 4267 3493 1545 1544
4 4221 4186 4211 3493
4 4263 1575 3493 1546
4 4190 3490 4169 601
4 4263 3493 1547 1546
4 4224 4214 4200 3493
4 4247 4233 4234 4225
4 4236 4228 4229 4207
4 4239 4229 4228 4201
4 4182 4174 4175 4128
4 4249 4234 4247 4233
4 4183 4159 4162 3493
4 4187 4110 4058 3805
4 4180 4010 4041 3725
4 4180 4167 3880 3836
4 4180 3725 4041 3721
4 4189 4141 4178 3759
4 4178 3759 4141 3701
4 4189 3759 4178 3701
4 4233 4209 4218 4182
4 4207 4199 4201 4156
4 4239 4229 4201 1572
4 4240 4230 4212 3493
4 4214 4176 4200 3493
4 4268 1578 4261 1569
4 4181 4172 3867 3844
4 4181 4172 3844 3741
4 4213 3956 4189 3843
4 4181 3869 3845 3844
4 4181 4172 3869 3867
4 4213 3843 4189 3785
4 4213 3956 3843 3785
4 4221 4208 4186 3493
4 4199 4184 4170 4132
4 4213 3844 3921 3785
4 4266 4249 4250 4247
4 4219 4203 4166 3493
4 4238 4231 4208 3493
4 4244 4188 4232 3493
4 4248 4240 4231 3493
4 4215 4182 4193 4175
4 4186 4159 4162 4152
4 4207 4184 4199 4132
4 4209 4184 4182 4170
4 4185 1342 3493 1341
4 4185 3493 4098 1341
4 4243 3493 1366 1365
4 4272 4262 3493 1552
4 4243 4196 4206 3493
4 4262 4259 3493 1545
4 4271 4255 4268 1578
4 4209 4199 4184 4170
4 4243 4219 4196 3493
4 4205 4173 4154 3493
4 4205 4154 4192 3493
4 4239 1573 4229 1572
4 4266 4250 4248 4247
4 4270 3493 1548 1547
4 4229 4207 4228 4201
4 4262 4259 4220 3493
4 4207 4199 4156 4132
4 4267 3493 4259 1545
4 4255 4237 4236 4223
4 4258 1549 3493 1365
4 4228 4207 4209 4199
4 4222 4179 4195 3493
4 4217 606 3495 605
4 4260 4224 3493 817
4 4238 4231 4225 4208
4 4233 4218 4215 4182
4 4267 3493 1544 1543
4 4229 4207 4201 4156
4 4223 4209 4207 4184
4 4216 4200 4153 3493
4 4239 4229 4236 4228
4 4250 4248 4247 4238
4 4231 4212 4183 3493
4 4218 4193 4215 4182
4 4271 4250 4266 4249
4 4231 4183 4208 3493
4 4230 4205 4192 3493
4 4237 4223 4233 4209
4 4218 4209 4184 4182
4 4223 4218 4209 4184
4 4236 4223 4228 4207
4 4215 4193 4208 4183
4 4241 4203 4219 3493
4 4228 4201 4207 4199
4 4245 4211 4222 3493
4 4253 4245 4222 3493
4 4266 4263 4250 1575
4 4220 4210 4194 3493
4 4246 4205 4230 3493
4 4240 4212 4231 3493
4 4231 4215 4225 4208
4 4250 4238 4247 4225
4 4263 4250 4238 3493
4 4258 4241 4219 3493
4 4255 4234 4237 4223
4 4228 4223 4209 4207
4 4247 4225 4231 4215
4 4232 4173 4205 3493
4 4271 4266 4250 1575
4 4246 4232 4205 3493
4 4271 4250 4249 4234
4 4224 4200 4216 3493
4 4268 1569 847 846
4 4237 4234 4233 4223
4 4265 4251 4240 3493
4 4244 4216 4188 3493
4 4251 4230 4240 3493
4 4269 3493 4251 822
4 4260 4224 4216 3493
4 4248 4247 4238 4231
4 4257 4254 4239 848
4 4247 4238 4231 4225
4 4265 4251 3493 822
4 4254 4229 4239 1573
4 4268 4255 4261 1578
4 4231 4215 4208 4183
4 4261 1569 1574 847
4 4237 4228 4223 4209
4 4259 4210 4220 3493
4 4229 4156 4201 1573
4 4254 4236 4239 4229
4 4254 1573 1572 848
4 4271 4249 4255 4234
4 4233 4223 4218 4209
4 4266 1575 1579 844
4 4245 4221 4211 3493
4 4264 4244 4252 3493
4 4271 4249 4266 845
4 4253 4222 4235 3493
4 4263 4238 4256 3493
4 4257 4236 4237 4228
4 4234 4225 4233 4218
4 4271 4266 1579 845
4 4250 4248 4238 3493
4 4270 3493 4253 1543
4 4233 4218 4225 4215
4 4256 4238 4221 3493
4 4266 3493 1575 844
4 4251 4246 4230 3493
4 4257 4239 4236 4228
4 4266 4248 3493 832
4 4268 4255 4249 4237
4 4248 4231 4238 3493
4 4268 4257 4255 4237
4 4264 3493 819 818
4 4252 4232 4246 3493
4 4254 1572 4239 848
4 4266 3493 4263 1575
4 4264 4260 3493 818
4 4258 4219 4243 3493
4 4272 3493 4258 1549
4 4270 4256 3493 1547
4 4272 4241 4258 3493
4 4268 1569 4261 847
4 4261 1574 4254 848
4 4263 3493 4256 1547
4 4262 4220 4241 3493
4 4272 1553 3493 1549
4 4257 4255 4237 4236
4 4260 4216 4244 3493
4 4271 4268 4255 4249
4 4254 1573 4239 1572
4 4254 1574 1573 848
4 4260 3493 818 817
4 4250 4247 4249 4234
4 4269 3493 821 820
4 2446 2444 2445 2392
4 2446 2392 2445 2393
4 696 691 695 510
4 661 659 658 55
4 756 751 748 22
4 719 508 718 507
4 718 509 717 508
4 661 658 659 505
4 663 506 662 453
4 665 269 268 250
4 658 55 54 53
4 694 693 654 507
4 662 60 59 55
4 672 671 250 244
4 679 31 34 30
4 487 481 483 480
4 726 722 679 505
4 732 731 679 505
4 660 508 655 507
4 1771 78 1770 77
4 719 508 507 454
4 725 505 724 452
4 3566 3052 3358 3045
4 716 505 715 452
4 686 684 61 57
4 710 705 14 13
4 714 710 505 452
4 717 660 655 3
4 1799 1793 1795 1739
4 688 50 57 49
4 721 720 656 505
4 667 294 247 221
4 692 660 691 655
4 660 655 509 505
4 755 753 754 46
4 3606 458 3479 434
4 250 239 238 80
4 716 658 715 505
4 727 669 666 664
4 3491 678 727 223
4 695 691 693 510
4 732 731 727 678
4 708 505 707 452
4 3566 3045 3358 3044
4 3491 772 753 505
4 3491 744 663 505
4 737 736 727 678
4 3491 1764 727 505
4 730 707 505 452
4 727 687 688 505
4 295 253 262 252
4 727 681 669 668
4 3491 1763 1762 727
4 735 654 722 26
4 740 738 727 678
4 668 667 250 221
4 681 680 250 244
4 3519 246 829 237
4 816 757 760 455
4 3491 755 756 505
4 717 5 4 3
4 714 505 713 452
4 654 508 509 507
4 705 16 11 1
4 690 688 689 57
4 751 749 750 505
4 3491 1769 1770 76
4 740 42 43 39
4 735 732 733 36
4 744 55 658 22
4 3519 1771 1773 78
4 717 660 699 507
4 718 717 509 505
4 735 722 654 505
4 743 727 739 678
4 686 685 684 505
4 730 705 718 505
4 3864 3827 3838 3821
4 730 719 718 1
4 717 655 660 505
4 686 69 70 61
4 3507 667 2181 221
4 224 223 222 215
4 806 801 461 161
4 1778 296 1777 255
4 467 431 459 428
4 678 224 218 63
4 3711 3672 3633 3607
4 4268 4266 844 832
4 1864 520 401 355
4 237 227 233 136
4 663 662 506 505
4 655 509 654 508
4 3606 518 519 338
4 735 705 16 14
4 3601 2302 2363 2300
4 683 244 87 86
4 729 679 727 505
4 662 658 661 505
4 742 712 658 505
4 662 505 661 452
4 3491 690 684 505
4 658 55 20 19
4 694 654 655 643
4 1983 1799 1917 1747
4 3507 1761 294 241
4 314 283 288 282
4 1870 1869 1816 1811
4 3574 3543 3506 296
4 3647 100 3491 76
4 295 101 78 77
4 661 58 659 55
4 3491 294 1762 76
4 688 56 57 50
4 659 505 658 452
4 3491 219 678 218
4 3628 2444 3477 529
4 3519 295 246 237
4 520 350 355 328
4 1791 1758 1782 1705
4 790 789 419 418
4 3519 3497 1773 1771
4 222 83 215 80
4 4269 4264 637 636
4 717 509 660 508
4 658 54 657 53
4 727 683 681 668
4 674 673 666 250
4 3491 745 744 505
4 654 26 16 1
4 716 657 505 452
4 3511 833 286 284
4 705 16 7 6
4 3519 295 101 78
4 666 270 269 250
4 3477 2444 3423 2442
4 3507 1783 1782 727
4 365 113 118 110
4 295 135 101 94
4 3497 827 825 506
4 655 508 654 507
4 3491 751 750 505
4 655 3 654 1
4 717 508 660 507
4 731 727 679 505
4 487 481 480 479
4 727 683 721 641
4 774 237 246 106
4 520 355 519 354
4 727 720 656 641
4 3491 1764 1772 76
4 730 719 725 505
4 3605 3519 105 103
4 490 485 489 479
4 3491 663 506 505
4 1873 1871 1818 1817
4 654 507 509 505
4 402 385 386 378
4 727 723 510 504
4 682 681 244 85
4 3580 2446 2444 529
4 519 518 366 327
4 3491 224 222 89
4 668 250 291 221
4 727 722 683 677
4 521 493 494 479
4 662 453 506 452
4 3491 1763 1764 76
4 655 654 509 505
4 686 685 69 61
4 662 506 505 452
4 723 654 694 642
4 735 734 733 505
4 730 725 719 2
4 722 656 654 505
4 724 452 505 451
4 719 718 509 505
4 717 660 509 505
4 712 505 711 452
4 96 95 91 80
4 3491 220 219 218
4 662 661 658 55
4 678 244 63 62
4 3491 249 727 248
4 3491 244 250 222
4 1790 1788 1734 1733
4 744 662 658 55
4 3491 727 244 222
4 102 93 100 92
4 744 66 663 60
4 3497 522 495 494
4 727 681 680 672
4 782 316 776 112
4 772 756 755 505
4 4271 4261 1573 1368
4 3681 833 313 312
4 727 656 654 641
4 4268 812 817 811
4 3614 3526 3479 118
4 3519 829 3497 506
4 803 802 801 166
4 287 275 271 258
4 339 121 338 119
4 755 754 753 505
4 483 328 481 327
4 517 330 483 329
4 756 748 658 22
4 3628 3503 1868 307
4 105 98 97 94
4 730 708 705 505
4 3687 3477 3628 2444
4 3543 1784 1759 727
4 246 139 190 138
4 487 480 485 479
4 1759 1758 1756 1704
4 3479 517 487 324
4 105 103 101 94
4 1764 76 1763 75
4 744 658 662 505
4 102 90 100 80
4 102 96 93 92
4 741 727 740 505
4 102 91 90 80
4 3680 3566 3358 3044
4 3492 727 669 668
4 512 481 487 479
4 741 740 727 678
4 102 100 99 92
4 102 96 91 80
4 3491 749 748 505
4 748 744 747 505
4 747 745 744 21
4 246 186 185 115
4 364 310 264 259
4 744 67 22 21
4 102 93 96 80
4 102 100 93 80
4 3491 747 746 505
4 666 665 664 250
4 735 734 727 678
4 744 67 66 60
4 3491 689 690 505
4 3492 669 727 664
4 727 678 244 222
4 679 33 34 31
4 725 9 724 2
4 833 380 777 317
4 314 286 290 284
4 105 97 103 94
4 333 331 326 323
4 3606 3602 470 429
4 3511 833 209 208
4 804 184 183 179
4 3606 403 406 402
4 328 323 319 318
4 402 379 156 151
4 352 307 350 256
4 732 727 731 505
4 287 276 277 258
4 517 487 483 482
4 3543 1763 1764 727
4 341 333 338 323
4 830 515 809 174
4 295 94 101 77
4 700 510 693 504
4 4269 4265 4268 635
4 711 505 710 452
4 224 212 217 83
4 3498 3497 803 802
4 3515 774 233 232
4 271 258 196 195
4 295 254 253 252
4 3479 364 310 309
4 1790 1789 1735 1734
4 4246 4239 4233 4228
4 365 110 118 109
4 833 286 209 208
4 296 295 78 77
4 3606 490 337 326
4 518 328 490 327
4 3498 3497 816 815
4 4087 3985 4031 3984
4 3479 833 352 307
4 727 682 683 641
4 356 350 307 256
4 399 121 341 119
4 3639 3625 3607 3521
4 4268 4266 818 817
4 3519 1775 1776 78
4 718 508 717 507
4 237 233 141 136
4 400 121 399 119
4 222 90 89 80
4 4272 4254 4261 1368
4 3479 366 327 114
4 3689 3608 3618 913
4 3165 1485 1698 1484
4 3519 237 829 235
4 135 132 105 98
4 516 515 463 455
4 333 331 332 326
4 582 578 581 552
4 340 121 339 119
4 825 172 169 161
4 402 400 122 121
4 3479 328 329 114
4 3526 147 3479 118
4 3606 462 3479 459
4 355 344 323 321
4 3512 829 271 196
4 3606 339 340 121
4 2617 2614 2615 2561
4 424 404 417 403
4 578 551 552 550
4 3795 3696 623 621
4 341 338 328 323
4 3491 773 770 505
4 3519 3497 1774 1773
4 3543 1866 1863 1771
4 666 265 270 250
4 3479 512 364 352
4 365 357 364 321
4 341 340 339 334
4 567 447 466 438
4 4264 4260 4252 4244
4 1772 1716 1719 1711
4 3606 326 337 121
4 469 447 778 443
4 3543 1760 1759 1756
4 1359 1287 1312 1283
4 246 196 195 142
4 4264 4239 4260 635
4 512 481 352 350
4 3479 434 457 430
4 473 445 444 437
4 4268 4266 637 636
4 1771 1718 1717 1716
4 3479 462 467 457
4 727 675 674 670
4 3498 3497 514 513
4 250 244 239 215
4 341 335 340 334
4 3606 519 520 339
4 341 336 334 333
4 273 271 246 143
4 3511 286 833 208
4 578 574 577 550
4 135 105 101 94
4 463 460 456 455
4 658 55 53 20
4 833 512 352 350
4 1775 78 1774 77
4 1767 727 1766 294
4 341 121 340 119
4 1769 1713 1766 1705
4 3497 727 1769 505
4 3519 774 829 506
4 365 111 113 110
4 3628 483 487 481
4 1763 76 1762 75
4 135 104 132 98
4 135 133 104 98
4 135 98 105 94
4 135 133 98 94
4 3606 418 406 403
4 402 150 155 146
4 1770 78 76 75
4 3901 3777 3851 3549
4 314 312 306 282
4 4269 4264 818 817
4 3519 3497 1771 1770
4 1762 76 294 75
4 330 328 319 318
4 398 114 324 107
4 1381 1374 1377 1347
4 222 89 83 80
4 3497 834 835 828
4 718 717 699 507
4 330 114 329 107
4 3498 3497 824 807
4 829 299 287 271
4 727 681 672 669
4 669 292 291 250
4 3519 295 261 246
4 3567 1592 1534 1533
4 326 119 121 107
4 364 352 350 346
4 1791 1732 1737 1729
4 338 121 337 119
4 1758 727 1756 294
4 364 263 309 257
4 404 361 343 336
4 836 835 830 174
4 341 334 339 333
4 421 414 413 403
4 338 333 326 323
4 829 261 774 258
4 467 462 459 431
4 779 204 316 198
4 331 326 323 320
4 3543 1774 3497 1773
4 328 322 327 321
4 1556 917 1555 916
4 464 440 439 438
4 3519 105 103 101
4 3606 520 402 400
4 669 268 292 250
4 727 680 681 641
4 401 355 353 344
4 477 450 437 436
4 3464 889 1147 884
4 364 310 309 263
4 2314 2180 2260 2174
4 1795 1743 1744 1739
4 461 161 160 159
4 365 118 147 109
4 355 354 353 344
4 3519 3491 663 506
4 829 271 196 195
4 341 339 338 333
4 355 323 328 321
4 580 578 579 552
4 562 536 535 532
4 328 320 324 319
4 1780 1727 1724 1722
4 364 309 308 257
4 3479 314 833 310
4 4268 4266 832 823
4 828 774 191 175
4 237 230 227 136
4 423 416 415 403
4 341 336 335 334
4 338 333 332 326
4 406 390 403 389
4 3519 3491 3497 1770
4 573 570 546 539
4 803 167 802 166
4 2190 727 510 504
4 512 481 366 365
4 3543 1766 1765 1758
4 3606 520 340 339
4 447 428 434 425
4 774 233 234 106
4 4271 4261 4267 4256
4 667 247 248 221
4 665 268 664 250
4 777 315 314 311
4 629 626 601 597
4 237 141 135 133
4 328 323 326 320
4 4268 4266 819 818
4 744 663 662 60
4 727 678 677 667
4 477 450 436 435
4 3543 1893 1806 1804
4 459 458 434 428
4 775 774 246 106
4 3628 3503 1877 1875
4 3498 3497 806 803
4 3519 232 774 231
4 3479 512 366 365
4 3622 3243 3568 3241
4 477 449 476 448
4 237 235 233 227
4 829 828 774 191
4 273 246 272 143
4 4269 4268 4265 4257
4 727 672 674 669
4 314 286 209 207
4 3512 829 194 190
4 3519 1775 3497 829
4 3628 1896 1901 520
4 3628 1901 1902 520
4 658 55 48 22
4 250 222 244 215
4 3606 434 3479 430
4 527 499 500 478
4 237 230 229 227
4 3479 512 833 511
4 1770 76 1769 75
4 3543 1772 1769 727
4 3498 3497 513 506
4 490 487 485 479
4 258 246 196 195
4 827 825 774 172
4 3606 468 3479 467
4 3606 3513 3535 155
4 799 798 461 161
4 3512 829 273 271
4 3543 1804 1808 1803
4 3515 774 232 231
4 3519 295 237 135
4 825 824 807 170
4 561 532 535 531
4 3479 377 365 210
4 3507 1760 1759 727
4 3606 402 390 388
4 831 809 808 181
4 3543 1805 1806 1801
4 4268 823 844 821
4 829 296 303 295
4 3543 1765 1766 727
4 3491 1772 1764 505
4 3479 364 309 308
4 4269 811 4265 637
4 3479 330 517 324
4 4268 822 823 821
4 412 411 406 403
4 3519 1770 1771 78
4 487 484 485 482
4 833 355 356 307
4 3511 209 833 205
4 513 506 461 159
4 3628 1875 1877 520
4 777 316 317 206
4 777 314 776 311
4 828 827 774 175
4 3514 777 3479 377
4 3546 698 3499 510
4 477 450 449 448
4 3511 779 833 197
4 3745 3294 2841 2840
4 237 230 136 133
4 355 307 354 256
4 364 264 310 263
4 775 246 185 108
4 744 67 60 55
4 782 776 314 311
4 3511 833 779 207
4 829 188 192 187
4 829 775 774 301
4 1759 1705 1758 1704
4 328 323 320 319
4 512 366 481 327
4 314 209 286 208
4 1766 1713 1710 1709
4 338 326 328 323
4 3491 746 745 505
4 709 704 505 452
4 671 670 250 244
4 661 505 659 452
4 675 267 244 82
4 244 240 239 215
4 224 216 223 215
4 694 507 654 505
4 3516 678 219 218
4 733 732 727 678
4 220 214 213 212
4 736 735 727 678
4 220 218 89 83
4 220 213 219 212
4 220 219 218 212
4 220 214 212 83
4 220 212 218 83
4 224 89 218 83
4 250 238 249 80
4 294 76 100 75
4 467 459 434 428
4 3479 382 777 381
4 3497 806 801 461
4 2446 2366 2087 2086
4 224 218 212 83
4 224 217 216 215
4 3628 1874 1875 520
4 224 222 89 83
4 224 217 215 83
4 224 215 222 83
4 364 357 351 346
4 1776 255 296 77
4 1773 78 1771 77
4 3519 233 232 231
4 1777 1776 1775 1722
4 258 246 187 186
4 1780 1726 1779 1724
4 258 187 195 185
4 506 161 461 159
4 1790 1788 1789 1734
4 3519 135 132 105
4 246 188 187 117
4 246 116 186 115
4 237 229 235 227
4 1873 355 1870 344
4 246 140 194 139
4 246 195 194 140
4 246 189 195 140
4 3872 3772 3859 3769
4 727 683 682 681
4 364 308 307 256
4 398 326 114 107
4 246 115 185 108
4 3681 833 3531 288
4 3519 774 506 453
4 3684 3519 101 78
4 233 227 226 225
4 233 232 231 225
4 233 231 141 136
4 233 226 232 225
4 233 227 225 136
4 233 225 231 136
4 3919 3857 3841 3747
4 258 246 186 185
4 237 136 141 133
4 3543 1761 1760 1756
4 235 229 228 227
4 235 228 234 227
4 235 234 233 227
4 246 195 189 142
4 246 117 187 116
4 3510 1789 3507 1788
4 246 194 190 139
4 3628 401 520 353
4 295 133 135 94
4 294 248 247 241
4 3519 231 3515 141
4 3479 308 833 307
4 249 100 90 80
4 3497 810 816 515
4 258 186 187 185
4 829 237 774 235
4 294 93 241 75
4 249 93 100 80
4 271 258 195 185
4 3507 2190 2181 727
4 258 190 195 187
4 717 5 3 1
4 447 427 429 426
4 287 277 275 258
4 3628 490 512 487
4 295 246 237 230
4 295 262 261 252
4 366 365 364 321
4 774 261 303 258
4 364 351 352 346
4 2442 2415 2441 2382
4 246 190 188 138
4 246 187 186 116
4 2617 2615 2562 2561
4 246 138 188 117
4 248 243 241 238
4 248 243 242 241
4 248 242 247 241
4 294 238 241 93
4 294 100 93 75
4 249 238 93 80
4 294 100 249 93
4 250 90 222 80
4 250 249 90 80
4 250 222 215 80
4 250 215 239 80
4 355 350 344 321
4 297 281 287 258
4 1759 1707 1706 1705
4 366 114 365 113
4 799 164 163 161
4 1784 1758 1759 1705
4 401 353 347 344
4 829 186 192 185
4 1798 1795 1797 1744
4 3606 471 3479 468
4 328 323 322 321
4 295 254 252 245
4 295 252 261 245
4 295 237 135 133
4 330 324 114 107
4 3491 100 102 90
4 1791 1736 1737 1733
4 330 328 324 319
4 337 121 326 119
4 331 325 326 320
4 778 578 577 571
4 328 114 327 107
4 582 581 555 552
4 287 281 276 258
4 364 260 316 259
4 338 332 337 326
4 316 286 285 144
4 4143 3766 4100 3753
4 258 188 190 187
4 258 246 188 187
4 258 246 190 188
4 258 194 195 190
4 258 246 194 190
4 258 246 195 194
4 3543 1772 1764 1763
4 3514 777 382 206
4 314 311 286 207
4 3510 3507 1783 1782
4 777 316 206 112
4 314 280 284 279
4 779 207 316 203
4 780 314 779 207
4 779 316 204 203
4 801 164 799 161
4 3479 309 833 308
4 295 254 133 94
4 261 258 246 245
4 261 252 251 245
4 261 251 258 245
4 296 255 254 77
4 275 273 271 258
4 3497 801 800 799
4 295 254 94 77
4 330 329 328 318
4 3573 3358 3536 3053
4 4268 4266 823 822
4 3681 313 833 288
4 328 326 324 320
4 3519 295 135 101
4 3538 2168 2169 2167
4 561 558 532 531
4 4270 1366 1367 1365
4 511 457 463 455
4 3628 1877 1878 520
4 3862 3606 617 614
4 3519 135 105 101
4 3543 1899 1898 1866
4 271 196 246 142
4 271 246 143 142
4 303 296 302 295
4 271 258 246 196
4 3543 2233 2190 526
4 273 271 258 246
4 273 258 272 246
4 275 272 273 258
4 275 274 272 258
4 3479 383 382 365
4 364 257 308 256
4 4270 4263 1578 1569
4 3497 521 494 479
4 277 274 275 258
4 277 276 274 258
4 3479 377 383 365
4 3606 467 3479 462
4 314 289 288 278
4 3543 1769 1772 1763
4 316 207 205 202
4 316 286 314 284
4 829 775 301 185
4 316 286 284 280
4 314 288 283 278
4 806 169 166 161
4 296 254 295 77
4 316 284 314 280
4 355 328 350 321
4 3628 353 354 307
4 3628 1868 1864 520
4 3606 613 635 520
4 315 307 308 304
4 3760 833 312 311
4 777 314 315 310
4 314 284 290 279
4 3531 290 833 284
4 4268 4266 822 821
4 686 61 70 57
4 3574 829 3543 296
4 294 249 238 93
4 294 248 241 238
4 294 249 248 238
4 295 261 246 245
4 295 230 237 133
4 295 254 230 133
4 295 245 246 230
4 295 254 245 230
4 3580 520 409 408
4 297 293 281 258
4 727 678 250 244
4 299 298 293 258
4 299 297 287 258
4 299 293 297 258
4 3760 833 3681 312
4 3543 1899 1900 1898
4 299 258 271 185
4 299 287 271 258
4 301 298 299 258
4 3543 1768 2142 727
4 301 300 298 258
4 303 295 302 262
4 303 300 301 258
4 301 258 299 185
4 303 302 300 258
4 303 262 302 261
4 774 506 453 161
4 303 261 302 258
4 833 781 782 197
4 3519 296 829 295
4 3611 1572 408 407
4 329 114 328 107
4 314 289 290 286
4 314 311 289 286
4 314 288 313 282
4 781 316 780 314
4 316 203 207 202
4 314 279 290 278
4 3728 3686 829 299
4 314 290 289 278
4 314 207 209 205
4 341 336 333 323
4 316 285 286 280
4 314 289 311 288
4 517 330 487 324
4 315 308 309 304
4 326 121 114 107
4 3536 2727 2728 1698
4 3728 829 301 299
4 3728 829 303 301
4 447 441 443 438
4 829 275 273 271
4 314 311 312 288
4 314 306 312 305
4 314 313 312 282
4 314 312 313 288
4 314 312 311 305
4 314 305 311 304
4 315 309 310 304
4 833 512 356 355
4 315 310 314 304
4 315 314 311 304
4 833 290 289 286
4 782 776 316 314
4 316 207 314 205
4 316 201 209 144
4 316 208 286 144
4 316 314 286 208
4 316 202 205 201
4 316 209 208 144
4 316 209 314 208
4 316 205 209 201
4 316 314 209 205
4 1870 520 1864 355
4 402 128 122 120
4 2172 2166 1924 1921
4 3497 525 510 478
4 364 357 346 321
4 1780 1779 1777 1724
4 366 113 365 111
4 350 346 345 344
4 353 348 347 344
4 366 114 113 107
4 3479 330 324 114
4 806 169 168 166
4 3491 249 294 100
4 1866 1865 1863 1810
4 3628 1902 1903 520
4 1769 1766 1713 1711
4 2366 2080 2076 2075
4 3479 512 328 327
4 3519 296 295 78
4 364 307 352 256
4 3497 524 497 496
4 1770 77 78 75
4 350 346 344 321
4 678 677 244 62
4 4270 4263 1574 1573
4 364 346 350 321
4 365 148 145 109
4 365 358 357 321
4 744 662 663 505
4 364 314 310 259
4 364 316 314 259
4 366 327 114 107
4 669 664 268 250
4 354 307 353 256
4 356 307 355 256
4 354 349 348 344
4 354 348 353 344
4 1906 1902 1904 1849
4 477 468 467 435
4 3477 3424 2382 2340
4 4269 637 4265 636
4 356 350 345 344
4 356 355 350 344
4 483 481 356 350
4 806 166 801 161
4 4268 4266 817 812
4 4271 4267 4263 4256
4 3497 815 809 515
4 364 317 316 236
4 364 316 260 236
4 512 481 365 364
4 366 113 111 107
4 402 387 388 385
4 402 122 400 120
4 403 402 400 343
4 424 416 423 403
4 402 389 390 387
4 400 120 122 119
4 3543 2145 1795 1793
4 3520 2286 3420 2280
4 3580 3252 2522 530
4 4272 4270 1549 1365
4 1870 1864 1869 1811
4 408 407 404 361
4 365 147 148 109
4 3479 481 329 328
4 833 290 286 284
4 3479 364 316 314
4 3479 364 365 317
4 365 145 148 134
4 365 210 137 134
4 365 148 211 134
4 365 211 210 134
4 366 364 350 321
4 473 444 472 437
4 366 328 327 321
4 366 350 328 321
4 467 435 433 431
4 512 481 356 355
4 3606 519 518 475
4 408 404 341 336
4 527 526 499 478
4 424 417 416 403
4 3611 3580 409 408
4 400 342 399 336
4 3606 611 612 520
4 727 726 722 677
4 693 655 692 654
4 403 390 402 389
4 3493 1473 1367 1366
4 815 814 813 179
4 382 371 376 365
4 512 481 328 327
4 3519 258 829 246
4 3515 233 774 106
4 3497 829 828 506
4 809 183 182 181
4 3514 383 777 377
4 3514 377 3479 210
4 377 372 371 365
4 377 365 210 137
4 377 372 365 137
4 400 122 121 119
4 3655 3539 866 859
4 402 156 155 150
4 735 654 705 505
4 3925 3838 3842 3800
4 3566 3418 3358 3055
4 3761 3699 3727 3690
4 1873 1870 1817 344
4 380 317 364 236
4 380 364 374 236
4 380 365 364 317
4 380 365 374 364
4 3606 402 149 129
4 517 483 366 327
4 381 375 374 365
4 381 374 380 365
4 3497 803 802 801
4 487 482 485 480
4 382 376 375 365
4 382 375 381 365
4 383 377 371 365
4 383 371 382 365
4 816 515 810 455
4 418 412 406 403
4 402 388 386 385
4 833 780 779 207
4 400 399 341 336
4 1331 1330 1313 1287
4 402 390 388 387
4 3638 3611 409 408
4 404 343 400 336
4 833 308 315 307
4 404 403 400 343
4 3858 1573 1152 1102
4 400 343 342 336
4 3606 402 156 155
4 777 511 515 455
4 615 586 613 450
4 406 402 403 390
4 1151 1129 1128 1117
4 678 223 224 63
4 801 166 164 161
4 3543 1863 1775 1771
4 3549 3458 2618 2617
4 398 324 326 320
4 398 326 325 320
4 520 490 518 489
4 404 400 341 336
4 4269 817 4265 812
4 402 129 128 123
4 402 155 149 146
4 402 151 156 150
4 402 373 379 151
4 402 384 379 373
4 402 386 384 378
4 404 361 360 343
4 402 149 129 124
4 3628 1868 401 307
4 477 448 475 437
4 401 353 307 256
4 402 378 384 373
4 402 123 128 120
4 402 124 129 123
4 402 146 149 124
4 403 360 359 343
4 403 359 402 343
4 404 360 403 343
4 423 415 422 403
4 421 413 419 403
4 3479 365 114 113
4 1881 336 341 323
4 3628 520 519 354
4 411 406 403 389
4 407 405 404 361
4 1896 1842 1843 1841
4 816 810 757 455
4 407 363 362 361
4 407 362 405 361
4 2180 2175 2176 1929
4 2643 2586 2590 2584
4 408 367 363 361
4 408 363 407 361
4 408 367 361 336
4 408 361 404 336
4 3610 3559 3304 3303
4 3549 2636 2637 1463
4 419 413 412 403
4 3454 2659 3453 2658
4 3479 148 365 147
4 1147 1072 1138 1071
4 2249 1883 2247 520
4 2250 1881 1882 1828
4 447 430 429 425
4 825 806 461 161
4 3696 618 778 616
4 419 412 418 403
4 3611 417 424 407
4 422 415 414 403
4 3638 417 3611 407
4 512 481 364 352
4 3651 759 3629 758
4 1251 938 937 871
4 3549 1463 1102 1101
4 4269 812 4265 811
4 3638 3611 410 409
4 1609 1483 1604 1424
4 1120 420 796 419
4 422 414 421 403
4 3638 3611 1883 410
4 424 407 417 405
4 424 405 417 404
4 3606 422 421 403
4 4271 4261 4255 1578
4 833 312 311 288
4 3696 388 778 386
4 827 826 825 172
4 4252 4247 4239 4237
4 477 476 475 448
4 825 170 807 169
4 777 455 515 193
4 3871 3858 3604 1573
4 3620 2314 3558 2179
4 3606 518 338 337
4 831 809 181 174
4 3543 1769 1766 1758
4 627 605 606 601
4 3479 324 398 114
4 3770 3754 3440 3436
4 477 450 448 437
4 825 506 774 461
4 3709 1517 3468 1516
4 514 461 160 159
4 4269 4264 817 812
4 3479 364 308 307
4 4259 4255 4254 4245
4 3628 519 518 355
4 730 11 2 1
4 3479 383 777 382
4 3606 402 386 384
4 3498 3497 511 463
4 3491 222 90 89
4 467 435 431 428
4 735 733 734 37
4 459 431 458 428
4 3628 517 483 355
4 447 434 430 425
4 716 657 658 505
4 567 566 778 563
4 3568 3244 3245 3243
4 3609 3577 842 841
4 3546 510 508 507
4 829 774 775 192
4 3519 141 3515 135
4 3514 3479 211 210
4 3479 118 365 113
4 718 717 655 1
4 3606 421 419 403
4 3573 3358 3053 3039
4 3445 1477 3444 1476
4 469 466 447 438
4 777 457 511 455
4 3628 483 481 355
4 4268 4266 821 820
4 3479 511 777 457
4 660 509 655 508
4 520 401 355 353
4 470 447 429 426
4 483 356 481 355
4 3628 526 3543 525
4 447 427 441 425
4 833 781 780 207
4 4268 637 811 636
4 4268 821 844 820
4 602 582 583 556
4 4260 4228 4244 4224
4 4268 4266 811 637
4 3593 1488 1486 1485
4 3493 812 811 530
4 447 441 428 425
4 3871 1377 3464 1375
4 3507 1794 2190 1793
4 4268 4266 812 811
4 3606 402 406 390
4 469 447 443 438
4 3606 424 423 403
4 3606 520 519 476
4 443 441 442 438
4 447 441 427 426
4 3606 1572 403 402
4 447 429 427 425
4 578 550 552 549
4 3606 1572 424 404
4 3479 483 517 330
4 582 555 556 552
4 3493 1473 1368 1367
4 3606 149 3535 129
4 3539 1429 1401 910
4 477 437 471 436
4 4268 818 819 817
4 3660 3433 3587 3065
4 467 433 462 431
4 3606 337 338 121
4 3606 402 129 128
4 4270 1578 1574 1569
4 4269 4264 812 811
4 4269 4268 4264 635
4 458 431 432 428
4 4269 4264 811 637
4 475 446 474 445
4 3539 1430 1429 910
4 3606 469 3602 464
4 3493 1549 1473 1365
4 3606 488 490 326
4 3479 365 366 114
4 515 193 455 174
4 705 505 704 452
4 3498 514 3497 461
4 3628 3580 523 522
4 829 262 303 261
4 3497 516 515 463
4 828 774 827 506
4 4271 1579 4263 1578
4 3519 1777 1776 829
4 3543 1771 1770 1769
4 516 463 456 455
4 829 774 303 301
4 3543 3506 1899 1897
4 834 515 830 174
4 815 180 814 179
4 804 184 179 178
4 3519 237 235 233
4 829 774 828 506
4 3519 235 234 233
4 514 513 461 159
4 833 286 311 207
4 825 461 774 161
4 463 457 460 455
4 3628 354 833 307
4 816 815 515 455
4 829 301 299 185
4 803 168 167 166
4 3519 237 233 141
4 3519 3497 1775 1774
4 3606 475 518 474
4 4270 4263 1573 1368
4 3479 364 314 310
4 520 408 407 404
4 475 474 473 445
4 487 483 482 480
4 3543 2142 1767 1766
4 515 511 463 455
4 3543 1780 1777 1775
4 3479 352 364 307
4 515 455 183 174
4 3606 1572 404 403
4 567 566 563 537
4 3606 3602 469 443
4 466 464 439 438
4 469 464 466 438
4 4216 4214 4199 4170
4 3662 3606 122 121
4 475 473 471 437
4 475 448 445 437
4 615 613 477 450
4 3606 612 613 520
4 1868 1864 401 347
4 3539 1434 1431 910
4 4269 4257 4265 4249
4 3862 3606 422 421
4 477 436 468 435
4 3889 3869 3849 3845
4 4264 4260 811 637
4 3606 384 778 379
4 4023 3696 3803 621
4 3606 423 422 403
4 3620 2180 2314 2179
4 4269 821 4265 820
4 4266 4265 820 819
4 3606 490 518 337
4 3959 3849 3840 3831
4 473 472 471 437
4 3606 473 488 472
4 3479 833 512 352
4 3780 1519 1140 1125
4 3513 778 386 384
4 477 471 468 436
4 475 448 446 445
4 3539 1453 1455 1161
4 3606 402 122 121
4 3606 477 520 476
4 3479 468 481 467
4 613 611 477 450
4 475 445 473 437
4 829 295 303 262
4 3479 147 365 118
4 615 588 586 450
4 3493 636 635 530
4 1252 942 953 941
4 3479 327 328 114
4 581 578 580 552
4 3623 2480 3520 2479
4 4271 4256 4263 4250
4 477 475 471 437
4 519 328 518 327
4 3479 398 326 114
4 490 487 488 485
4 1164 859 1163 853
4 3539 1454 1455 1434
4 3479 365 380 317
4 512 356 481 350
4 3630 3527 1588 1232
4 3497 495 496 478
4 3628 3503 1896 1895
4 3606 386 778 384
4 3479 366 512 327
4 490 486 489 485
4 520 492 493 491
4 626 603 601 597
4 3543 2190 2143 2141
4 4269 4264 4268 4257
4 777 776 316 112
4 518 490 356 350
4 3479 517 483 471
4 3479 481 483 329
4 490 488 486 485
4 517 487 328 327
4 3624 2172 3426 2170
4 483 481 366 327
4 3543 3506 1897 1890
4 483 352 481 350
4 483 364 481 352
4 3479 381 777 380
4 483 365 481 364
4 483 366 481 365
4 3479 777 833 380
4 4269 636 4265 635
4 4270 1574 4263 1569
4 483 329 481 328
4 3479 483 330 329
4 517 484 487 482
4 3479 382 381 365
4 517 328 483 327
4 3628 3503 1875 1874
4 3628 520 354 353
4 520 519 492 491
4 4243 4219 4210 4195
4 3543 3507 2190 1791
4 3479 487 488 398
4 3479 380 833 317
4 517 487 329 328
4 517 329 483 328
4 3479 381 380 365
4 3479 777 383 377
4 3628 519 355 354
4 488 487 356 350
4 3606 379 3513 156
4 488 356 487 355
4 517 487 330 329
4 3755 3716 3696 3674
4 3628 518 490 355
4 488 328 487 327
4 488 487 366 327
4 3606 490 488 473
4 3479 398 488 326
4 833 354 355 307
4 3606 340 341 121
4 520 490 489 479
4 488 352 487 350
4 488 364 487 352
4 490 488 356 350
4 488 365 487 364
4 488 366 487 365
4 490 356 488 355
4 488 398 487 324
4 3479 317 833 316
4 3606 341 399 121
4 488 487 330 324
4 3606 402 379 156
4 488 329 487 328
4 488 330 487 329
4 519 356 518 355
4 520 512 490 479
4 3606 400 402 121
4 520 518 519 491
4 518 337 490 326
4 3715 3597 778 571
4 490 328 488 327
4 490 488 366 327
4 520 356 519 355
4 3543 1801 1806 1800
4 3606 129 3535 128
4 3628 3600 3503 307
4 490 352 488 350
4 490 364 488 352
4 490 365 488 364
4 490 366 488 365
4 3606 520 399 341
4 490 398 488 324
4 490 488 398 326
4 490 488 330 324
4 518 490 366 327
4 490 329 488 328
4 490 330 488 329
4 1881 341 328 323
4 520 355 354 353
4 3696 783 3577 778
4 520 491 493 489
4 520 518 491 489
4 520 489 493 479
4 3628 3497 3543 833
4 3497 825 830 824
4 518 356 490 355
4 519 518 356 350
4 3543 1766 1769 1763
4 521 520 493 479
4 3546 699 510 507
4 727 677 683 667
4 3519 3497 3491 506
4 506 453 161 159
4 3678 2844 3637 2843
4 3497 521 522 494
4 694 510 693 507
4 3736 3680 3358 3041
4 510 509 507 505
4 815 515 455 183
4 2229 528 2228 527
4 3510 3507 1760 1759
4 3497 523 524 496
4 727 683 668 667
4 3497 496 497 478
4 3549 1463 1100 1099
4 833 309 315 308
4 528 510 527 478
4 527 510 526 478
4 696 691 510 504
4 3628 3503 1869 1864
4 3519 3491 1770 76
4 3497 494 495 478
4 3493 1549 1553 1473
4 727 721 722 505
4 772 771 686 505
4 669 291 668 250
4 727 720 721 505
4 727 510 723 505
4 666 269 665 250
4 727 722 721 683
4 3510 1787 3507 1786
4 727 666 665 664
4 678 250 667 249
4 730 11 10 2
4 667 249 250 221
4 670 244 84 82
4 3519 295 262 261
4 827 774 175 172
4 829 195 187 185
4 3512 829 190 188
4 829 774 192 191
4 833 776 777 197
4 3498 3497 798 797
4 775 246 108 106
4 829 192 775 185
4 829 246 774 237
4 774 461 506 161
4 774 303 301 258
4 774 235 237 106
4 670 84 244 79
4 706 505 705 452
4 3491 770 771 505
4 3492 727 665 664
4 727 248 667 247
4 691 655 640 639
4 3491 750 749 505
4 705 654 16 1
4 739 727 687 678
4 718 705 654 505
4 727 667 294 247
4 723 694 510 504
4 510 509 508 507
4 528 500 501 478
4 4087 3719 4048 3694
4 3769 3751 3723 3687
4 829 187 192 186
4 834 176 193 174
4 3628 3503 1870 1869
4 3543 3506 1893 1892
4 3610 3304 3407 3299
4 512 487 490 479
4 3761 3714 3701 3697
4 3479 365 211 210
4 4269 4264 636 635
4 4271 1578 4263 1569
4 3514 777 383 382
4 3479 487 517 472
4 4268 832 844 823
4 3479 329 330 114
4 3606 419 418 403
4 3479 487 398 324
4 3479 472 517 471
4 3614 118 3479 113
4 4269 818 4265 817
4 3479 471 483 468
4 3479 833 777 511
4 3497 833 512 511
4 3648 2206 1985 1984
4 3497 834 833 511
4 829 303 774 261
4 829 271 195 185
4 799 163 798 161
4 3497 836 835 830
4 3497 830 834 515
4 3498 516 3497 463
4 517 366 487 327
4 517 366 483 365
4 517 487 366 365
4 517 365 483 364
4 517 487 365 364
4 517 364 483 352
4 517 487 364 352
4 517 352 483 350
4 517 487 352 350
4 517 483 356 350
4 517 356 487 350
4 517 356 483 355
4 517 487 356 355
4 3628 517 487 483
4 3628 487 517 355
4 3628 1868 520 401
4 3628 490 488 355
4 3628 488 487 355
4 3628 1873 1874 520
4 1864 355 401 344
4 521 512 520 479
4 520 356 355 350
4 520 519 356 350
4 520 407 405 404
4 518 398 490 324
4 518 490 398 326
4 520 341 340 339
4 518 490 330 324
4 518 352 490 350
4 518 364 490 352
4 518 365 490 364
4 518 366 490 365
4 519 337 518 326
4 518 329 490 328
4 518 330 490 329
4 519 338 518 337
4 520 400 399 341
4 520 404 403 400
4 519 352 518 350
4 519 364 518 352
4 519 365 518 364
4 519 366 518 365
4 520 341 338 328
4 520 408 404 341
4 520 366 350 328
4 520 403 402 400
4 519 398 518 324
4 519 518 398 326
4 520 404 400 341
4 519 518 330 324
4 520 328 338 326
4 519 329 518 328
4 519 330 518 329
4 520 341 339 338
4 520 339 519 338
4 520 366 328 327
4 520 328 519 327
4 520 519 366 327
4 520 366 364 350
4 520 338 337 326
4 520 337 519 326
4 520 338 519 337
4 520 328 326 324
4 520 364 352 350
4 520 352 519 350
4 520 364 519 352
4 520 366 365 364
4 520 365 519 364
4 520 366 519 365
4 520 326 398 324
4 520 398 519 324
4 520 519 398 326
4 520 330 328 324
4 520 519 330 324
4 520 330 329 328
4 520 329 519 328
4 520 330 519 329
4 3497 1770 3491 505
4 3497 3491 506 505
4 526 498 499 478
4 526 510 525 478
4 526 525 498 478
4 3687 2083 2444 2080
4 528 527 500 478
4 4272 4258 4262 4254
4 3543 2142 1766 1762
4 3549 3458 2613 2612
4 3844 3708 3785 3695
4 3549 2637 2638 1463
4 3549 1473 1573 1467
4 744 67 55 22
4 1896 1895 1879 520
4 3491 727 2142 294
4 3499 697 703 510
4 602 583 599 556
4 789 418 154 153
4 1881 409 408 367
4 1914 1910 1857 1855
4 3928 3779 3850 3773
4 4101 4074 4048 4003
4 3678 2834 3637 2833
4 3706 3609 3577 842
4 3604 1152 1126 1121
4 578 574 550 549
4 4087 3724 4048 3720
4 728 727 678 677
4 3923 3865 3868 3794
4 567 466 465 439
4 4268 4266 4265 4249
4 3493 1552 1545 1473
4 562 561 558 532
4 562 435 467 428
4 811 636 637 530
4 580 579 553 552
4 567 466 439 438
4 3591 2645 3545 2640
4 4268 4265 4266 635
4 1260 1252 1203 1202
4 4269 4252 4251 4246
4 3608 1308 1307 1306
4 3493 1473 1366 1365
4 3606 3479 488 326
4 3539 1476 1454 910
4 3464 1464 1156 1155
4 3479 458 459 457
4 4264 4260 817 812
4 567 441 447 438
4 567 563 560 534
4 562 558 559 532
4 4270 4263 1579 1578
4 567 537 563 534
4 541 540 465 439
4 1376 1373 1372 1345
4 778 571 570 569
4 4269 822 4265 821
4 1225 1170 1224 1165
4 567 465 540 439
4 4243 4210 4218 4195
4 1572 520 403 402
4 570 568 544 539
4 3569 3528 1140 1125
4 3519 233 231 141
4 3996 3802 3796 3780
4 562 559 533 532
4 784 783 418 126
4 573 564 565 538
4 3526 148 3479 147
4 3492 727 666 665
4 4256 4238 4245 4221
4 567 439 540 438
4 4260 4224 4244 4216
4 3519 262 829 261
4 3622 3410 3568 3243
4 561 557 558 531
4 4258 4243 1368 1367
4 3493 818 817 530
4 1512 1510 1509 957
4 573 570 572 546
4 3539 1455 1453 1435
4 628 467 562 435
4 578 573 574 549
4 3513 778 384 379
4 3765 3528 3590 3471
4 4251 4246 4240 4230
4 3780 3528 1370 1369
4 778 573 572 571
4 3862 423 3696 422
4 573 565 570 539
4 629 582 602 556
4 581 554 555 552
4 4269 4251 4264 4248
4 573 564 538 536
4 3605 3519 132 105
4 778 577 574 571
4 3445 1466 1468 1439
4 633 631 615 588
4 3493 637 636 530
4 578 577 551 550
4 3921 3816 3845 3803
4 3966 3928 3932 3850
4 4268 811 848 635
4 573 546 549 539
4 570 545 546 544
4 778 571 572 570
4 573 538 549 536
4 580 553 554 552
4 570 569 545 544
4 1518 883 1134 854
4 3493 811 637 530
4 581 580 554 552
4 3606 518 490 474
4 3479 481 512 467
4 3642 3496 3484 3483
4 849 795 789 419
4 573 562 564 536
4 778 574 573 571
4 562 533 536 532
4 567 540 441 438
4 3546 510 509 508
4 562 536 435 428
4 4264 4260 637 636
4 567 560 561 534
4 573 572 548 546
4 3736 3041 3358 3040
4 3479 512 511 457
4 562 467 434 428
4 573 548 549 546
4 562 535 561 532
4 562 434 561 428
4 562 535 536 428
4 562 561 535 428
4 573 565 539 538
4 3606 472 3479 471
4 4257 4251 4252 4237
4 567 540 566 537
4 4243 4218 4229 4207
4 566 540 542 537
4 573 539 549 538
4 568 547 543 539
4 568 565 547 539
4 4264 4257 4239 635
4 570 568 569 544
4 568 543 544 539
4 1634 1514 1633 985
4 4264 4260 812 811
4 3777 3745 3635 2840
4 3606 447 3602 443
4 567 540 537 534
4 4268 844 848 819
4 3539 1454 1434 910
4 3479 458 457 434
4 567 535 540 534
4 567 561 535 534
4 567 447 441 428
4 567 441 540 428
4 567 540 535 428
4 567 535 561 428
4 567 434 447 428
4 567 561 434 428
4 570 544 546 539
4 570 565 568 539
4 4260 4233 4231 4228
4 3532 3521 3449 3446
4 789 788 419 418
4 633 615 477 450
4 3923 3895 3868 3865
4 3493 1575 844 530
4 4100 3720 4087 3665
4 785 418 130 127
4 4019 3969 3955 3578
4 4258 4235 4245 4234
4 3711 3528 1364 1363
4 4252 4251 4247 4237
4 3904 3900 3830 3695
4 3620 2260 2314 2180
4 3932 3855 3883 3854
4 4030 616 3696 615
4 3696 622 778 618
4 3805 3787 3721 3695
4 613 612 611 584
4 3780 1135 1524 1134
4 849 419 420 397
4 629 601 599 597
4 1574 1473 1573 530
4 633 628 604 435
4 3696 796 849 778
4 623 594 621 593
4 630 605 627 601
4 3956 3820 3921 3816
4 3804 1892 3543 1891
4 630 627 629 601
4 3709 3528 1518 1517
4 1572 520 405 404
4 633 607 631 588
4 3901 2644 3644 2643
4 3686 3599 829 287
4 4272 4267 4262 1552
4 599 583 598 556
4 3470 3469 3449 3442
4 629 602 625 597
4 4272 1368 4270 1367
4 629 599 602 597
4 786 785 418 130
4 629 627 628 601
4 3844 3704 3697 3695
4 4258 4243 4241 4229
4 3577 778 630 627
4 667 248 249 221
4 626 601 603 600
4 844 819 820 530
4 622 591 595 588
4 3434 1234 1268 903
4 3603 3488 3496 3487
4 3765 3446 3447 3441
4 628 601 604 549
4 629 599 601 556
4 633 628 632 604
4 628 627 604 601
4 629 601 626 600
4 717 698 699 660
4 723 694 654 505
4 3491 685 686 505
4 1305 1283 1284 1280
4 622 618 591 588
4 795 794 419 393
4 3780 1129 1127 1125
4 634 615 631 588
4 3780 1524 1127 1126
4 622 615 618 588
4 783 778 419 418
4 1162 1160 1159 1084
4 3630 1588 1585 1233
4 3630 1588 1233 1232
4 4262 4259 4241 4220
4 3606 519 339 338
4 3623 3420 3520 2480
4 613 584 611 450
4 3784 629 778 624
4 613 586 584 450
4 3606 470 3602 447
4 3642 3482 3480 3475
4 613 586 585 584
4 613 585 612 584
4 4243 4220 4229 4210
4 3583 3544 3448 3435
4 795 790 789 419
4 3606 399 400 121
4 3678 2835 3637 2834
4 3577 630 778 629
4 4268 847 848 846
4 1333 1331 1313 1287
4 629 625 626 597
4 3577 634 778 631
4 4257 4237 4239 4228
4 784 783 419 418
4 1379 1352 1351 1345
4 3644 1470 3549 1466
4 4270 1574 1575 1545
4 778 388 390 125
4 617 614 613 586
4 785 784 419 418
4 3580 1885 1886 520
4 783 778 418 125
4 3644 1471 3549 1470
4 3606 520 400 399
4 789 788 418 153
4 782 316 200 199
4 848 846 847 530
4 780 779 316 198
4 3875 3806 3470 3469
4 617 590 587 586
4 617 587 614 586
4 3606 402 128 122
4 3924 3847 3469 3466
4 3606 3479 326 114
4 3642 3496 3486 3485
4 3606 338 339 121
4 618 615 616 588
4 1315 1286 1314 1283
4 3798 2844 3777 2839
4 3606 402 384 379
4 619 617 613 586
4 3606 474 490 473
4 778 386 388 125
4 3696 423 796 422
4 618 589 591 588
4 618 616 589 588
4 4261 4254 1574 1573
4 623 595 596 588
4 3969 3945 3940 3884
4 1572 520 404 403
4 782 200 316 112
4 788 418 153 152
4 623 622 595 588
4 848 819 844 530
4 619 592 590 586
4 619 590 617 586
4 3606 635 1572 520
4 3780 1140 3528 1125
4 4252 4247 4240 4239
4 620 593 592 586
4 3999 1380 3871 1379
4 620 592 619 586
4 3606 402 155 149
4 620 588 593 586
4 620 615 588 586
4 4269 4264 4249 4248
4 620 613 615 586
4 3479 483 481 468
4 620 619 613 586
4 623 621 620 593
4 4243 4229 4218 4210
4 3916 3802 3893 3796
4 4252 4247 4251 4240
4 4114 3771 3699 3690
4 3606 156 3513 155
4 3583 3447 3544 3446
4 3606 488 3479 487
4 4107 4103 4068 4055
4 623 593 620 588
4 3862 3611 3562 424
4 3841 3735 3795 3713
4 623 596 593 588
4 3696 778 3577 616
4 623 615 622 588
4 3696 795 790 789
4 833 356 512 350
4 3606 487 3479 472
4 3606 488 487 472
4 819 811 817 530
4 623 596 594 593
4 623 620 615 588
4 4272 4262 4258 4241
4 787 418 152 131
4 3513 386 778 125
4 848 635 811 530
4 3603 3487 3577 3486
4 3846 3794 3797 3762
4 785 784 418 127
4 3995 3795 3803 3696
4 3493 1553 1552 1473
4 1147 879 884 878
4 3531 833 289 288
4 787 786 418 131
4 789 788 786 419
4 783 418 126 125
4 3589 1513 1514 1483
4 3608 1493 913 906
4 628 573 549 536
4 627 606 604 601
4 1252 1197 1251 1166
4 1526 1134 856 854
4 3607 3544 3590 3528
4 633 604 610 435
4 629 626 624 600
4 633 588 615 450
4 629 602 599 556
4 658 505 657 452
4 628 562 536 435
4 628 536 604 435
4 3539 1455 1435 1434
4 1382 1379 1372 1345
4 3546 509 510 505
4 3491 727 250 244
4 4107 4054 4088 4044
4 1152 1102 1096 1067
4 3479 467 512 457
4 1598 1478 1597 1423
4 3696 424 796 423
4 787 786 419 418
4 3606 476 519 475
4 786 785 784 419
4 3996 3909 3947 3590
4 3580 1912 1913 520
4 3670 1129 3528 1123
4 1120 796 422 421
4 784 783 778 419
4 628 549 604 536
4 628 562 573 536
4 3606 326 121 114
4 848 844 845 530
4 629 556 601 552
4 4268 848 1572 635
4 629 582 556 552
4 3493 819 818 530
4 629 578 582 552
4 3766 3577 788 787
4 778 406 418 125
4 819 817 818 530
4 3492 727 671 670
4 633 632 609 604
4 3577 632 778 628
4 4272 4270 1553 1549
4 811 635 636 530
4 4272 1366 4270 1365
4 3519 1777 829 296
4 4268 845 848 844
4 788 787 419 418
4 1147 888 887 881
4 788 787 786 419
4 629 578 552 549
4 629 552 601 549
4 629 573 578 549
4 629 601 628 549
4 629 628 573 549
4 3539 1431 1430 910
4 3479 459 462 457
4 1680 1679 1008 1007
4 1112 1111 1108 1105
4 3536 2718 2717 2714
4 3603 3482 3577 3481
4 1591 1565 1506 1503
4 781 316 199 198
4 1400 1399 1396 1388
4 784 418 127 126
4 789 786 784 419
4 1560 920 1559 919
4 3603 3496 3577 3487
4 786 418 131 130
4 3606 520 341 340
4 3493 832 823 530
4 1524 1139 1141 857
4 634 607 608 588
4 477 468 778 467
4 634 631 607 588
4 792 791 790 419
4 3722 3580 3611 3562
4 633 610 450 435
4 633 610 607 588
4 4269 4264 4252 820
4 788 787 418 152
4 3469 3466 3449 3439
4 4126 3784 3832 3776
4 2617 2616 2615 1463
4 791 790 419 418
4 633 477 467 435
4 3696 786 3577 785
4 3593 1485 1486 1483
4 781 780 316 198
4 633 450 477 435
4 844 823 832 530
4 633 467 628 435
4 1314 1289 1288 1283
4 633 610 588 450
4 3765 3449 3439 3438
4 3611 3580 1883 410
4 633 609 610 604
4 782 316 781 314
4 3705 3689 913 906
4 1120 796 424 423
4 4160 3766 3753 3597
4 782 781 316 199
4 833 356 350 307
4 1154 1080 1144 1077
4 3770 3754 3436 3435
4 3528 1520 3468 1519
4 3616 3607 3521 3439
4 3549 2610 2611 1463
4 1152 1098 1146 1067
4 3858 3549 2608 2607
4 4270 4267 1553 1552
4 3757 3578 3705 3551
4 786 785 419 418
4 795 419 394 393
4 782 311 314 207
4 3523 2507 2522 2506
4 3493 817 812 530
4 4258 4241 4236 4229
4 702 697 701 510
4 713 505 706 452
4 735 16 39 14
4 3497 523 496 495
4 688 684 686 57
4 3491 222 250 90
4 691 655 660 640
4 705 11 16 6
4 662 59 661 55
4 686 684 685 61
4 748 744 22 21
4 718 655 654 1
4 654 3 26 1
4 748 744 658 22
4 3491 748 747 505
4 744 60 662 55
4 672 671 670 250
4 661 59 58 55
4 735 34 39 30
4 698 697 510 507
4 734 733 727 678
4 715 505 712 452
4 686 57 70 51
4 705 16 14 13
4 729 728 727 678
4 705 16 8 7
4 713 18 17 16
4 743 739 727 505
4 715 658 712 505
4 725 10 9 2
4 669 666 664 250
4 3546 699 698 510
4 723 510 694 505
4 3491 727 294 247
4 676 244 670 82
4 3492 727 676 675
4 728 726 727 677
4 681 680 672 250
4 674 265 673 250
4 682 244 86 85
4 3492 676 727 670
4 674 266 250 244
4 671 670 244 79
4 674 266 265 250
4 680 88 244 85
4 672 244 81 79
4 672 671 244 79
4 694 654 643 642
4 673 265 666 250
4 727 721 720 641
4 3492 727 674 673
4 727 249 667 248
4 674 672 670 250
4 727 250 678 249
4 674 666 669 250
4 674 669 672 250
4 723 654 642 641
4 675 267 266 244
4 675 266 674 244
4 676 675 244 82
4 675 674 250 244
4 675 674 670 250
4 676 250 670 244
4 676 675 250 244
4 676 675 670 250
4 731 679 727 678
4 727 722 726 505
4 727 672 671 670
4 3736 3040 3358 3039
4 678 677 667 250
4 727 674 673 666
4 727 656 720 505
4 727 681 682 641
4 3497 831 830 809
4 694 510 507 505
4 678 677 250 244
4 678 244 222 63
4 678 222 223 63
4 2229 2217 2209 2192
4 735 733 732 505
4 738 727 737 505
4 734 727 733 505
4 733 727 732 505
4 727 669 674 666
4 735 732 679 505
4 680 672 250 244
4 681 680 244 85
4 680 244 88 81
4 680 672 244 81
4 3507 2181 2146 2128
4 681 669 668 250
4 681 672 669 250
4 683 667 677 250
4 683 87 244 62
4 683 250 677 244
4 683 682 244 86
4 682 681 250 244
4 683 244 677 62
4 683 682 250 244
4 3491 248 727 247
4 683 682 681 250
4 3491 249 100 90
4 683 668 667 250
4 683 681 668 250
4 3491 100 294 76
4 773 770 771 71
4 3491 753 754 505
4 3491 684 685 505
4 688 686 684 505
4 743 742 688 505
4 3491 688 689 505
4 688 49 57 45
4 690 688 684 505
4 736 727 735 505
4 688 687 56 50
4 688 45 57 19
4 735 679 722 505
4 688 57 55 19
4 688 55 658 19
4 688 55 57 48
4 688 658 55 48
4 688 57 51 48
4 3491 102 100 99
4 688 57 686 51
4 690 689 688 505
4 3418 3056 3358 3055
4 2199 2149 3669 2197
4 690 684 688 57
4 690 65 61 57
4 690 61 684 57
4 690 64 65 57
4 690 689 64 57
4 3499 702 701 510
4 692 510 691 504
4 693 691 692 510
4 693 510 692 504
4 693 692 691 654
4 692 655 691 654
4 693 660 692 655
4 3499 703 702 510
4 692 660 647 640
4 692 691 660 640
4 717 4 660 3
4 693 660 648 647
4 693 692 660 647
4 3492 727 673 666
4 3491 224 223 222
4 727 654 723 641
4 695 510 694 504
4 696 510 695 504
4 694 643 655 638
4 695 693 694 510
4 727 654 656 505
4 3492 727 675 674
4 727 676 675 670
4 727 223 678 222
4 727 723 654 505
4 3491 678 224 218
4 695 694 655 638
4 695 693 691 654
4 695 694 693 654
4 695 655 694 654
4 696 655 691 639
4 696 655 639 638
4 696 695 655 638
4 696 691 655 654
4 696 655 695 654
4 696 695 691 654
4 3499 698 697 510
4 701 693 700 510
4 718 654 705 1
4 701 693 510 507
4 700 660 693 655
4 717 3 655 1
4 725 719 724 505
4 698 660 697 655
4 698 654 697 507
4 698 655 697 654
4 699 698 510 507
4 719 509 718 508
4 699 660 655 507
4 699 660 698 655
4 699 655 654 507
4 699 654 698 507
4 699 655 698 654
4 700 660 649 648
4 700 693 660 648
4 700 655 693 654
4 717 697 698 660
4 701 660 700 655
4 701 510 697 507
4 701 700 693 654
4 703 697 702 510
4 701 655 700 654
4 701 654 693 507
4 701 697 654 507
4 717 645 703 644
4 702 660 701 655
4 702 655 701 654
4 702 701 697 654
4 718 652 699 651
4 703 697 660 655
4 703 660 702 655
4 703 697 655 654
4 703 655 702 654
4 703 702 697 654
4 718 655 717 505
4 730 505 725 452
4 705 8 704 7
4 740 710 705 14
4 735 37 39 36
4 735 30 39 26
4 713 705 706 505
4 713 706 705 16
4 718 654 655 505
4 707 12 11 6
4 709 705 708 505
4 730 2 719 1
4 709 505 708 452
4 709 704 705 505
4 730 705 11 1
4 730 718 705 1
4 730 707 708 505
4 709 705 704 7
4 709 705 7 6
4 709 708 705 6
4 742 658 712 19
4 712 711 710 14
4 712 19 15 14
4 712 710 711 505
4 712 15 711 14
4 740 735 705 505
4 740 705 735 14
4 740 39 43 14
4 713 17 706 16
4 713 18 16 13
4 713 16 705 13
4 714 710 705 505
4 714 705 713 505
4 714 705 710 13
4 714 713 705 13
4 715 658 20 19
4 715 712 658 19
4 716 658 657 53
4 716 658 53 20
4 716 715 658 20
4 718 699 698 651
4 717 703 697 660
4 717 701 650 644
4 717 703 702 644
4 717 702 703 660
4 717 650 701 649
4 717 702 701 644
4 717 701 702 660
4 717 700 660 649
4 717 701 700 649
4 717 700 701 660
4 718 699 717 698
4 718 651 698 646
4 718 646 697 645
4 718 698 697 646
4 718 698 717 697
4 718 697 703 645
4 718 703 717 645
4 718 717 703 697
4 719 507 653 454
4 719 652 653 507
4 719 699 652 507
4 719 718 699 507
4 719 699 718 652
4 728 727 726 505
4 740 738 42 39
4 722 721 656 505
4 727 674 672 670
4 727 678 667 249
4 735 722 679 30
4 735 679 732 34
4 721 656 720 27
4 721 28 29 27
4 721 720 28 27
4 735 36 39 34
4 735 679 34 30
4 722 654 656 26
4 722 656 721 27
4 735 722 30 26
4 735 705 654 16
4 722 29 30 27
4 722 721 29 27
4 722 27 30 26
4 722 656 27 26
4 3680 3043 3358 3041
4 3491 218 224 89
4 3566 3055 3358 3054
4 724 505 509 451
4 724 719 509 505
4 724 508 454 451
4 724 508 719 454
4 724 509 508 451
4 724 509 719 508
4 725 724 719 2
4 730 718 719 505
4 730 10 725 2
4 729 727 679 678
4 729 726 679 505
4 726 31 679 30
4 726 679 722 30
4 3491 223 727 222
4 3491 224 678 223
4 3491 220 218 89
4 3491 727 688 505
4 729 727 728 505
4 729 728 726 505
4 729 33 679 31
4 729 679 726 31
4 729 726 728 31
4 729 32 33 31
4 729 728 32 31
4 730 11 705 6
4 730 705 708 6
4 730 707 11 6
4 730 708 707 6
4 737 736 735 505
4 738 737 735 505
4 735 733 37 36
4 735 732 36 34
4 739 687 727 505
4 732 679 731 34
4 732 35 36 34
4 732 731 35 34
4 735 727 734 505
4 738 737 727 678
4 735 734 38 37
4 735 38 39 37
4 737 727 736 505
4 2199 3669 2198 2197
4 3464 1433 1524 1432
4 735 26 39 16
4 735 654 26 16
4 740 727 738 505
4 742 727 741 505
4 742 741 727 678
4 743 742 727 678
4 742 688 658 19
4 739 688 687 505
4 3516 3491 90 89
4 740 735 738 39
4 737 735 736 39
4 737 40 41 39
4 737 736 40 39
4 740 705 710 505
4 738 735 737 39
4 738 41 42 39
4 738 737 41 39
4 740 738 735 505
4 743 727 742 505
4 742 658 688 505
4 739 50 688 49
4 739 687 688 50
4 740 735 39 14
4 742 710 740 14
4 742 45 688 19
4 742 740 710 505
4 742 710 712 505
4 743 688 739 505
4 742 741 740 505
4 3550 1410 3464 1409
4 742 712 710 14
4 3516 678 218 63
4 742 740 741 43
4 742 45 19 14
4 742 19 712 14
4 742 44 45 43
4 742 741 44 43
4 742 43 45 14
4 742 740 43 14
4 743 739 688 49
4 3680 3044 3358 3043
4 743 49 688 45
4 743 688 742 45
4 746 68 745 21
4 748 747 744 21
4 746 72 68 21
4 3491 250 249 90
4 751 748 749 505
4 747 744 745 505
4 747 746 745 21
4 747 745 746 505
4 745 68 67 21
4 745 67 744 21
4 748 658 744 505
4 3491 754 755 505
4 3491 1764 1763 727
4 751 750 749 23
4 751 749 748 22
4 3491 294 249 248
4 3491 1762 1763 76
4 756 658 688 48
4 3491 756 751 505
4 756 658 48 22
4 751 25 23 22
4 751 23 749 22
4 751 25 24 23
4 751 24 750 23
4 3498 3497 800 799
4 833 782 781 207
4 3497 816 815 515
4 3491 686 773 505
4 753 47 52 46
4 753 51 52 47
4 772 755 753 505
4 3491 102 91 90
4 3491 1762 2142 727
4 756 688 658 505
4 756 748 751 505
4 773 686 771 505
4 3556 102 3491 99
4 755 47 753 46
4 756 25 751 22
4 756 48 25 22
4 3491 294 248 247
4 756 658 748 505
4 772 686 688 505
4 772 688 686 51
4 806 803 801 166
4 3780 1139 1524 1135
4 3709 3528 1526 1525
4 3797 3778 3757 3705
4 3653 3646 3619 1496
4 3434 1266 1592 1261
4 3567 1592 1535 1534
4 3764 1262 1592 1258
4 1324 1293 1320 1280
4 3689 3618 1493 913
4 3606 778 477 476
4 4033 3870 3953 3818
4 798 797 461 161
4 4056 4022 4005 3998
4 4135 4038 4079 4033
4 3543 1798 1799 1795
4 3603 3481 3577 3480
4 1359 1331 1333 1287
4 3922 3780 1373 1372
4 3606 778 3513 379
4 3668 3618 3608 1495
4 1588 1585 1260 1256
4 823 821 822 530
4 3449 3442 3439 3437
4 3908 3755 3698 3674
4 3503 1868 307 256
4 3508 1868 3503 256
4 3590 3544 3532 3528
4 3607 3594 3521 3469
4 3594 3470 3471 3442
4 3962 3816 3956 3803
4 3615 3212 3596 3209
4 3947 3847 3834 3664
4 4002 3528 1524 1523
4 4070 635 3606 613
4 796 778 421 419
4 4126 625 3766 602
4 842 841 419 396
4 3806 3765 3470 3469
4 1120 796 423 422
4 3845 3840 3747 3735
4 3464 1419 1463 1371
4 3814 3590 3765 3528
4 3590 3528 3521 3442
4 3529 3441 3438 3437
4 4260 4224 812 811
4 3745 3644 3433 3294
4 3646 1308 3533 1307
4 4120 4101 3903 3489
4 3618 3608 1495 1494
4 3611 3580 2249 2247
4 778 390 406 125
4 3539 1401 1400 910
4 3642 3496 3489 3488
4 4270 4267 1544 1543
4 4243 4207 4219 4195
4 3606 430 3479 429
4 3612 3042 3019 2992
4 3642 3496 3487 3486
4 3715 3693 3707 837
4 771 70 74 51
4 773 771 770 505
4 3491 250 727 249
4 772 686 771 51
4 771 686 70 51
4 772 688 756 505
4 771 71 74 70
4 771 73 74 71
4 771 770 73 71
4 772 688 51 48
4 772 756 688 48
4 772 51 753 47
4 772 753 755 47
4 772 755 756 47
4 772 48 51 47
4 772 756 48 47
4 3556 3491 102 91
4 773 71 771 70
4 773 771 686 70
4 3556 3491 91 90
4 774 234 235 106
4 3606 155 3535 149
4 775 246 258 185
4 775 774 258 246
4 825 807 806 169
4 3543 1767 1768 727
4 775 258 301 185
4 775 774 301 258
4 777 316 776 314
4 777 317 380 206
4 779 314 316 207
4 780 316 779 314
4 781 314 780 207
4 782 314 781 207
4 3512 192 829 188
4 777 381 382 206
4 3498 831 3497 808
4 777 380 381 206
4 842 419 397 396
4 1359 1336 1332 1331
4 790 418 157 154
4 790 789 418 154
4 1315 1314 1311 1283
4 3445 1443 1470 1439
4 791 418 158 157
4 791 790 418 157
4 794 419 393 392
4 792 791 419 418
4 792 418 391 158
4 792 791 418 158
4 793 418 392 391
4 793 792 418 391
4 793 418 419 392
4 793 792 419 418
4 794 793 419 392
4 3675 3627 762 761
4 794 793 792 419
4 795 792 790 419
4 795 794 792 419
4 3577 3496 633 632
4 849 789 784 419
4 849 842 419 397
4 3784 3753 3766 3715
4 3644 3549 2645 2640
4 817 811 812 530
4 829 287 277 275
4 798 163 162 161
4 825 172 171 170
4 2216 2190 510 504
4 3519 261 258 246
4 827 774 825 506
4 3498 3497 809 808
4 829 258 774 246
4 798 162 797 161
4 801 799 461 161
4 3497 515 511 463
4 3628 401 353 307
4 3543 1769 3497 727
4 813 804 179 178
4 3479 310 833 309
4 825 171 824 170
4 3969 3940 3955 3578
4 806 168 803 166
4 825 169 806 161
4 801 166 165 164
4 833 782 776 197
4 3543 1759 1760 727
4 3543 1775 3497 1774
4 3519 774 3515 231
4 3543 1775 1774 1773
4 801 165 800 164
4 801 800 799 164
4 809 183 181 174
4 3498 3497 802 801
4 833 313 312 288
4 809 182 808 181
4 3543 727 3497 510
4 815 455 752 183
4 3479 316 833 314
4 3543 1788 1790 1787
4 813 804 809 179
4 834 193 515 174
4 3519 261 829 258
4 3543 2190 2145 2143
4 3543 3506 1890 1889
4 3543 1766 1763 1762
4 3543 1865 3506 1863
4 827 173 826 172
4 827 175 173 172
4 833 209 207 205
4 3498 3497 805 804
4 3599 829 275 273
4 833 350 352 307
4 833 777 315 310
4 834 833 777 193
4 833 197 777 193
4 809 515 183 174
4 3497 510 727 505
4 3628 1869 1870 520
4 3575 3406 3309 2992
4 3498 809 3497 804
4 3543 1758 1765 727
4 829 299 271 185
4 825 774 172 161
4 3519 295 829 262
4 3519 237 141 135
4 833 780 781 197
4 3512 829 196 195
4 825 172 170 169
4 813 805 804 178
4 815 809 515 183
4 809 804 183 179
4 833 310 315 309
4 835 176 834 174
4 835 834 830 174
4 3479 512 365 364
4 3498 3497 807 806
4 3498 3497 797 461
4 3498 3497 516 515
4 3498 810 3497 515
4 3551 1524 1313 1312
4 3464 1148 1143 858
4 3709 3528 1525 1518
4 1147 1138 1137 1071
4 4134 4023 4017 3862
4 3577 778 633 631
4 3709 1518 3468 1517
4 3696 3577 634 615
4 815 752 180 179
4 3498 3497 813 805
4 3497 512 521 479
4 3543 3507 1782 727
4 3498 3497 814 813
4 3498 3497 801 800
4 3628 512 833 355
4 3498 3497 815 814
4 815 813 809 179
4 815 183 752 179
4 815 809 183 179
4 816 760 752 455
4 816 752 815 455
4 3192 1485 3165 1484
4 3543 1780 1779 1777
4 3543 1782 1783 727
4 1526 1525 1522 1151
4 3765 3469 3466 3449
4 1588 1532 1232 1231
4 3577 793 3478 792
4 1324 1279 1323 1278
4 3548 3483 3496 3482
4 3871 3805 3808 3787
4 1482 1480 1478 1422
4 3913 3642 3832 3496
4 3555 1260 1259 1203
4 1574 847 1569 530
4 3608 1497 1496 1306
4 3565 3477 2300 2309
4 3779 3773 3761 3725
4 3597 580 778 579
4 3606 778 566 563
4 1312 1287 1286 1283
4 3811 3733 3737 3700
4 3765 3449 3448 3447
4 3696 849 784 778
4 4258 4254 4236 4234
4 3828 3811 3815 3810
4 1147 1138 1072 881
4 3628 3580 521 520
4 3971 3735 3908 3713
4 1572 635 521 520
4 3780 1524 1372 1370
4 1162 1144 1080 1077
4 3842 3838 3812 3783
4 3549 1102 1573 1101
4 3678 3252 3293 3006
4 4085 4014 4001 3930
4 1225 1173 1170 1165
4 3689 3608 906 905
4 3521 3438 3442 3437
4 3780 1128 3744 1127
4 1572 405 424 404
4 844 821 823 530
4 477 475 778 471
4 3862 421 3696 419
4 3757 3668 3705 3578
4 3908 3841 3795 3749
4 848 811 819 530
4 3841 3749 3733 3712
4 3597 579 778 578
4 848 845 846 530
4 3644 3294 3549 1472
4 844 820 821 530
4 849 784 778 419
4 3532 3447 3521 3446
4 3999 3780 1378 1376
4 829 299 297 287
4 829 187 186 185
4 833 316 777 314
4 833 779 780 197
4 829 287 275 271
4 833 289 311 286
4 829 195 190 187
4 833 209 286 207
4 3479 364 317 316
4 833 317 777 316
4 833 311 782 207
4 829 195 194 190
4 829 190 188 187
4 833 776 782 311
4 3511 833 207 205
4 3512 829 195 194
4 3497 798 797 461
4 833 315 777 311
4 833 314 777 310
4 833 311 289 288
4 833 777 776 311
4 831 830 809 174
4 3498 3497 799 798
4 3497 809 830 515
4 3497 830 831 824
4 3543 1759 1758 1756
4 3868 3865 3846 3794
4 1573 1467 1473 1368
4 3646 3579 3619 3578
4 3805 3697 3787 3695
4 4126 626 3784 625
4 1572 407 424 405
4 3765 3436 3529 3435
4 4272 1367 4270 1366
4 3479 512 481 328
4 4272 4262 4267 4256
4 3479 211 365 148
4 834 777 515 193
4 834 515 777 511
4 834 777 833 511
4 3497 825 807 806
4 3543 2145 2190 1795
4 836 177 176 174
4 836 176 835 174
4 3628 3580 522 521
4 3628 3503 1879 1878
4 1463 1101 1144 1098
4 469 466 778 447
4 3766 3577 789 788
4 3780 1127 3744 1126
4 3841 3803 3795 3767
4 3834 3667 3793 3439
4 3603 3495 3496 3494
4 3521 3442 3448 3440
4 3449 3439 3438 3437
4 4087 3766 4048 3753
4 3608 1495 1493 906
4 3464 1147 888 887
4 3715 762 3659 761
4 3445 1470 1466 1439
4 3642 3480 3476 3475
4 4126 3642 3784 3577
4 3696 3606 621 620
4 3646 3533 3579 1307
4 849 842 841 419
4 3709 1521 3528 1516
4 3766 625 778 602
4 3871 3464 1150 1149
4 3569 3528 1125 1123
4 3577 3496 3548 3483
4 3766 3577 3478 791
4 3696 778 623 621
4 3469 3442 3466 3439
4 3597 3554 3586 575
4 840 419 395 394
4 840 795 419 394
4 849 796 420 419
4 841 840 795 419
4 841 419 396 395
4 841 840 419 395
4 1524 1523 1134 857
4 3594 3590 3521 3442
4 849 841 795 419
4 3913 3490 3856 3489
4 4126 3784 626 624
4 3622 3410 3243 3241
4 3795 3782 3775 3767
4 3971 3919 3735 3713
4 3780 1524 1373 1372
4 3606 459 3479 458
4 3997 3849 3959 3831
4 3907 3905 3876 3866
4 3766 3577 790 789
4 3996 3677 3793 3639
4 3493 844 832 530
4 3493 821 820 530
4 4094 4050 4053 3780
4 3862 3696 621 620
4 3805 3787 3779 3725
4 3464 1155 1156 858
4 3606 404 424 403
4 3696 789 786 784
4 3616 3438 3521 3437
4 3780 1521 1519 1125
4 1372 1369 1524 1364
4 4266 4265 817 812
4 3696 784 783 778
4 3606 402 388 386
4 3804 1807 3543 1806
4 849 778 796 419
4 3871 1139 3780 1135
4 3832 3548 3642 3475
4 4061 3970 4018 3905
4 4146 4125 4138 4114
4 3765 3441 3448 3437
4 3493 1544 1543 1473
4 3493 1547 1546 1473
4 3612 3582 3042 2992
4 4126 4003 4087 3766
4 3577 3486 3496 3485
4 3696 418 778 406
4 4160 4082 4143 4074
4 3696 623 778 622
4 3802 3796 3786 3781
4 3766 788 3478 787
4 3875 3762 3743 3439
4 1147 1146 1139 1135
4 1311 1310 1305 1283
4 1161 859 1160 853
4 1381 1377 1350 1347
4 1378 1351 1349 1345
4 3606 611 520 477
4 1165 894 901 893
4 1151 1126 1150 1121
4 1159 859 1158 853
4 4061 3871 3464 1375
4 3780 1526 1525 1522
4 1151 1125 1129 1123
4 3863 2611 3858 2610
4 3539 1461 1453 1160
4 1319 1316 1317 1290
4 3858 1101 1152 1067
4 475 473 778 471
4 3709 3468 1521 1516
4 4044 3998 4013 3944
4 1523 1522 1151 1134
4 3696 390 778 388
4 3577 3482 3548 3481
4 3706 3577 849 842
4 3686 829 299 297
4 3696 616 3577 615
4 3862 3606 418 406
4 4053 3780 4050 3718
4 3549 1463 1573 1096
4 1162 1088 1079 1077
4 1463 1148 1147 1146
4 1165 1164 866 859
4 1260 1255 1259 1203
4 4161 4124 3971 3733
4 1328 1297 1302 1295
4 3672 3447 3583 3446
4 1151 1150 1146 1065
4 1379 1378 1372 1345
4 3528 1524 1369 1364
4 1698 1693 1692 1063
4 1162 1088 1084 1079
4 1382 1352 1379 1345
4 1592 1536 1537 950
4 3678 3293 3267 3006
4 903 892 899 891
4 2613 1101 1100 1094
4 1631 1630 1629 1483
4 2987 2986 1455 1453
4 1917 1799 1916 1747
4 573 778 570 565
4 3871 1382 3464 1381
4 3463 1592 1530 1529
4 3606 778 617 614
4 3434 1264 1268 1234
4 3751 2444 2084 2082
4 571 569 778 568
4 2910 2908 2909 2899
4 1382 1353 1380 1352
4 3464 1147 863 862
4 903 899 898 891
4 3445 1576 3444 1560
4 1147 863 862 851
4 3536 2735 2730 2724
4 3589 1630 1698 1629
4 2988 2574 2572 2567
4 3464 1487 1459 1157
4 1600 1596 1510 1483
4 629 778 582 578
4 1522 1134 860 856
4 1569 847 846 530
4 4268 4265 4257 4249
4 903 896 892 891
4 3644 3591 3451 2619
4 1463 1148 1146 1098
4 4259 4254 4258 4245
4 1485 1447 1474 1442
4 1564 1563 1562 924
4 1435 1405 1432 1392
4 1523 861 1134 857
4 3464 1142 1147 1137
4 4039 3953 3954 3952
4 4267 4262 4259 4253
4 1536 1263 875 874
4 4270 1579 4263 1575
4 3539 1251 1588 1250
4 3550 3539 1399 910
4 3464 1156 1157 858
4 1524 1151 1522 1127
4 3644 3549 1468 1466
4 1514 1018 983 957
4 1324 1323 1299 1278
4 3464 1462 1459 1433
4 3539 1162 1163 859
4 3539 1165 901 900
4 623 778 622 615
4 1598 1483 1478 1423
4 2723 1276 1022 1020
4 571 778 565 547
4 1382 1372 1374 1345
4 4271 4261 4256 4250
4 1682 1681 1680 1483
4 1455 1453 1169 1168
4 3539 1435 1453 1432
4 3551 1524 1311 1303
4 3762 3743 3439 3438
4 1524 1327 1304 1303
4 4264 4252 4260 4239
4 4258 4236 4241 4235
4 3729 3672 3677 3607
4 1524 1141 1142 857
4 1378 1349 1376 1345
4 1524 1305 1310 1303
4 1164 1163 1162 1088
4 1162 1080 1088 1077
4 3521 3448 3449 3447
4 1519 1136 1151 1134
4 1144 858 1143 852
4 3768 3698 3696 3674
4 1553 1473 1549 1365
4 3709 3528 1517 1516
4 3465 1588 1229 954
4 1524 1304 1305 1303
4 3862 418 3696 406
4 1253 1198 1252 1166
4 3609 3577 841 840
4 1148 1104 1080 1068
4 2613 2611 2612 2558
4 1524 1135 1139 857
4 1151 1146 1134 1066
4 1333 1313 1312 1287
4 1146 1075 1139 1074
4 3603 3480 3548 3476
4 3711 3449 3528 1362
4 1156 858 1155 852
4 4268 4257 1572 848
4 3445 1560 3444 1559
4 2735 2731 2730 2680
4 3689 3608 913 906
4 1153 1126 1152 1121
4 1517 1134 886 877
4 1898 1894 1866 1813
4 1521 1520 1151 1134
4 1146 1073 1134 1066
4 3780 1524 1378 1376
4 3780 3528 1524 1370
4 1151 1127 1126 1121
4 628 778 573 562
4 630 778 629 627
4 1162 1079 1157 1077
4 3628 1872 1873 520
4 1147 1139 1146 1075
4 1698 1684 1632 1631
4 1314 1288 1309 1283
4 4270 4253 4267 1543
4 1359 1336 1335 1334
4 3442 3438 3439 3437
4 1146 1139 1135 1074
4 1157 1156 1155 1077
4 1581 1499 1570 922
4 3472 1537 3434 1237
4 3462 1240 1684 1050
4 1164 866 859 853
4 3606 778 466 465
4 1160 859 1159 853
4 3543 2190 1794 1793
4 3608 1306 1491 908
4 4021 4015 4010 3897
4 1154 1082 1080 1077
4 1455 1454 1169 1112
4 4266 4265 637 636
4 1157 859 858 852
4 567 563 778 560
4 1557 1556 1554 916
4 3606 470 778 429
4 1153 1149 1126 1121
4 1259 1205 1201 1166
4 3474 1524 1138 1137
4 3464 1146 1135 1134
4 3465 1588 942 941
4 3561 3130 3413 3129
4 3536 3175 1474 1469
4 1702 1273 1272 1270
4 1164 864 866 853
4 1565 1508 1507 1506
4 3539 1225 1226 936
4 1528 1252 954 953
4 1455 1168 1454 1167
4 3540 3472 3434 903
4 3589 2715 3445 1483
4 3611 3580 2250 2248
4 1529 1268 1190 1189
4 3434 1478 1537 1423
4 1043 876 899 869
4 1455 1453 1163 1162
4 1251 942 941 933
4 3463 1539 1592 950
4 1465 1463 1155 1154
4 3539 1166 1250 1165
4 3445 1581 1560 1476
4 1595 1594 1589 928
4 1580 1576 922 921
4 3536 3175 3373 1474
4 1588 1260 1585 936
4 1548 1543 1547 1473
4 1528 1251 1172 1171
4 1588 1252 1253 936
4 3472 1537 1236 1230
4 3465 1527 1588 941
4 3536 2735 2734 2733
4 1266 1262 1261 1204
4 3463 1592 1539 952
4 1591 1506 1502 1501
4 1537 1234 1230 872
4 3536 3165 3450 2753
4 2727 1698 2726 1276
4 3472 1537 1230 872
4 3532 3440 3521 3436
4 1588 1585 1233 938
4 1250 1175 1227 1166
4 1528 1252 1229 954
4 1530 1263 1268 955
4 2630 2602 2601 2577
4 3465 1588 1528 1229
4 1587 1533 1268 1235
4 2735 2684 2620 2577
4 2745 2742 2688 2651
4 1151 1122 1127 1121
4 3996 3947 3909 3711
4 2236 2226 2161 1936
4 3841 3767 3795 3747
4 1262 1208 1261 1204
4 1158 859 1157 853
4 1605 1603 1596 1483
4 1624 988 990 985
4 1043 899 892 869
4 4272 4270 4267 1553
4 1607 1606 1605 964
4 1560 1550 1476 910
4 1634 1013 1009 985
4 1612 1483 1611 1424
4 1526 1151 1522 1134
4 1598 1424 1483 1423
4 1362 1339 1338 1336
4 3520 2366 2365 2094
4 1588 1259 1169 1112
4 3589 1047 3541 1046
4 1251 936 1250 870
4 1614 1483 1613 1424
4 1588 1454 1116 1114
4 3789 3679 3751 3580
4 1054 1049 1048 1041
4 1463 1148 1144 1143
4 1487 1459 1462 1456
4 1485 1451 1447 1442
4 2738 2696 2708 2691
4 1328 1325 1301 1298
4 3539 1435 3464 1434
4 1276 1275 1274 1220
4 1643 1428 1489 1427
4 1604 1603 1510 957
4 1698 1685 1644 1642
4 3445 1565 3444 1561
4 3434 2713 2714 1044
4 1151 1134 1136 1130
4 1514 1018 1513 983
4 1538 1515 1514 1483
4 3913 3642 3489 3488
4 3589 1276 1274 1270
4 3606 778 475 474
4 3192 3172 3174 1475
4 3267 2779 2778 2775
4 1147 884 879 855
4 1514 1510 1018 957
4 3745 3309 2953 2845
4 1227 1166 1175 1165
4 1043 899 903 892
4 1603 1596 968 964
4 1624 1623 989 988
4 1259 1201 1255 1166
4 3589 1270 1054 1045
4 3696 790 3577 789
4 1643 1488 1621 1427
4 1054 1053 1042 1041
4 3521 3440 3448 3436
4 1599 1510 1511 1483
4 1619 1616 1611 975
4 3032 3004 3634 3003
4 1487 1116 1459 1114
4 3589 1698 2721 1483
4 3589 1510 1509 1483
4 3589 3434 1597 1483
4 3536 2756 2753 2748
4 1619 1617 1618 1483
4 1605 1483 1598 1424
4 3644 3643 3555 3451
4 1018 961 983 957
4 3696 419 778 418
4 1512 1509 1510 1483
4 1680 1634 1514 1483
4 1512 1483 1510 1018
4 3666 3115 3114 3032
4 1018 983 961 960
4 1676 980 978 977
4 1512 1509 961 957
4 3589 1628 1629 1483
4 1455 1453 1114 1112
4 3527 3465 1588 1528
4 1616 1033 1015 975
4 1592 1262 1533 1258
4 1485 1448 1475 1447
4 1603 1596 1510 957
4 1633 1632 1514 1483
4 4081 4019 4051 3969
4 1677 1670 1669 1662
4 1698 1485 1675 1484
4 3589 1599 1511 1483
4 1604 1510 1603 1483
4 1485 1451 1448 1447
4 1596 968 964 963
4 3445 1556 3444 1555
4 1699 1696 1698 1694
4 1609 1604 1510 957
4 1624 1514 1622 985
4 1603 1510 1596 1483
4 3734 3453 3454 3090
4 1619 1483 1618 1424
4 2745 2689 2691 2688
4 1632 1624 990 985
4 1627 1626 1624 1483
4 1601 1596 1600 1483
4 1621 1619 1620 1483
4 3589 1597 1596 1483
4 1598 1596 1597 1483
4 3549 1102 1463 1096
4 1603 1483 1602 1424
4 1698 1681 1682 1483
4 1604 1010 972 957
4 1054 1042 1049 1041
4 3477 2326 2334 2325
4 3589 2723 2722 1698
4 3589 2679 2723 1698
4 1616 1611 1614 1483
4 1621 1427 1488 1426
4 3589 1274 1273 1270
4 4270 4256 4267 4253
4 3644 3549 2985 2980
4 1676 978 1643 977
4 1698 1684 1646 1645
4 1607 1605 1606 1483
4 1658 1657 1652 1030
4 1620 1483 1619 1424
4 3539 1259 1255 1166
4 1673 1669 1672 1485
4 1591 1568 1566 923
4 1412 1385 1386 1384
4 1321 1317 1318 1291
4 1698 1648 1684 1642
4 1609 1510 1604 1483
4 1698 1687 1693 1061
4 1698 1265 1684 1242
4 3549 2638 2639 1463
4 3432 1698 1692 1063
4 1698 1686 1680 1679
4 1509 962 961 957
4 1514 983 985 957
4 3589 1513 1483 1018
4 1611 1015 980 975
4 3589 1270 1240 1054
4 3589 1241 1684 1240
4 2719 1022 2715 1020
4 2717 2665 2664 2628
4 1043 892 1037 869
4 3682 3094 3536 1592
4 1609 1011 1010 957
4 1276 1038 1045 1020
4 1512 1483 1018 1016
4 3445 1554 1551 1550
4 3432 1698 1695 1694
4 1054 1053 1041 1040
4 4271 1574 4261 1569
4 1455 1164 1454 1163
4 3589 1054 1049 1048
4 1054 1041 1048 1040
4 3589 1273 1698 1270
4 1603 968 1596 957
4 3589 1274 1698 1273
4 1647 1645 1637 1483
4 1639 1635 1637 1021
4 1659 1656 1658 1485
4 1632 995 1001 993
4 1683 1678 1674 1673
4 1043 903 896 892
4 1043 896 1037 892
4 1268 1209 1214 1186
4 1455 1453 1164 1163
4 1588 1528 939 938
4 3542 1208 1262 1204
4 3589 1240 1239 1054
4 3589 1270 1269 1265
4 1603 972 968 957
4 1618 1483 1617 1424
4 1047 1046 1045 1038
4 1047 1040 1039 1038
4 1047 1039 1046 1038
4 1632 990 1001 985
4 1621 1426 1486 1424
4 1514 1513 984 983
4 3593 3443 1656 1485
4 1605 1596 1598 1483
4 3589 2715 2719 1022
4 1678 1673 1672 1665
4 1600 1510 1599 1483
4 3434 2714 2715 1044
4 1669 1489 1485 1483
4 1676 1609 1610 1483
4 3926 2637 3901 2636
4 3589 1627 1628 1483
4 1698 1682 1683 1483
4 1054 1048 1047 1040
4 1054 1047 1045 1038
4 3589 1270 1265 1240
4 3656 3589 1045 1022
4 1698 1684 1637 1636
4 1678 1674 1673 1666
4 1054 1040 1047 1038
4 1054 1053 1040 1038
4 1270 1269 1063 1061
4 1698 1688 1687 1061
4 1698 1697 1683 1682
4 1550 912 1479 911
4 2955 2879 2875 2788
4 1269 1062 1063 1060
4 3462 1684 1240 1239
4 3589 1698 1684 1242
4 3443 1661 1660 1485
4 3652 3454 3453 2655
4 3445 1592 3434 1478
4 1487 1438 1465 1437
4 1698 1674 1675 1485
4 3589 3434 3445 2715
4 1634 1633 1514 1483
4 1678 1677 1676 980
4 4260 4252 4246 4240
4 3536 3450 2737 2736
4 1145 858 1144 852
4 3577 840 3570 795
4 1120 796 421 419
4 3797 3794 3778 3762
4 1521 1520 1134 880
4 1419 1392 1393 1347
4 1147 1141 1076 1070
4 1152 1101 1102 1067
4 1162 1161 1160 1086
4 1148 1098 1144 1080
4 1154 858 1145 852
4 1101 1092 1098 1090
4 1144 1098 1101 1080
4 1465 1438 1454 1436
4 3696 422 796 421
4 1148 863 1147 851
4 1518 1517 1151 1134
4 2436 2397 2398 529
4 3696 849 789 784
4 1572 635 530 521
4 1164 1089 1163 1088
4 1680 1639 1638 1483
4 1226 1174 1173 1165
4 2611 2557 2558 2554
4 1101 1095 1092 1090
4 1098 1092 1091 1090
4 1098 1091 1096 1090
4 1151 1146 1066 1065
4 1148 1103 1147 1097
4 3539 3464 1459 1157
4 3606 778 467 462
4 4030 618 3696 616
4 1463 1167 1166 1164
4 1148 858 863 851
4 1148 1144 1143 1068
4 1251 1197 1196 1166
4 1101 1092 1095 1080
4 1101 1098 1092 1080
4 2641 2623 2619 1463
4 1112 1111 1110 1109
4 1793 1791 1792 1737
4 1462 1457 1461 1449
4 1102 1098 1096 1090
4 1102 1101 1098 1090
4 1148 1147 863 858
4 1147 1141 1139 1075
4 1147 1076 1141 1075
4 1148 1104 1103 1097
4 1148 1080 1144 1068
4 3553 3464 889 888
4 1155 858 1154 852
4 1264 1234 1228 1186
4 3536 2726 2727 1698
4 1250 1166 1227 1165
4 1574 848 847 530
4 1112 1111 1109 1108
4 1581 1560 1476 910
4 3463 1531 1592 956
4 1116 1114 1112 1111
4 4268 4266 820 819
4 2218 2216 2217 527
4 2635 2634 2633 1463
4 3445 1560 1557 1550
4 3536 2750 2746 2694
4 1573 1463 1098 1096
4 1269 1063 1061 1060
4 1588 1168 1259 1167
4 2722 1022 2721 1020
4 3589 3445 3434 1483
4 3536 2751 2752 2746
4 1162 1159 1157 1079
4 2987 1164 1162 1088
4 3532 3448 3521 3447
4 3580 1882 2250 520
4 3092 3088 3087 2620
4 2645 2588 2592 2587
4 3764 1592 3636 1235
4 3644 2988 3451 2626
4 2735 2684 2681 2680
4 1116 1113 1114 1111
4 1116 1115 1113 1111
4 3696 849 795 789
4 3580 3501 1884 1880
4 1589 1478 1480 1423
4 1151 1124 1125 1119
4 1151 1118 1129 1117
4 1151 1123 1129 1118
4 3841 3816 3803 3767
4 3445 1698 1485 1483
4 3862 424 3696 423
4 3780 3711 3528 1364
4 1151 1127 1129 1125
4 3606 778 458 434
4 1151 1125 1123 1119
4 1151 1140 1125 1124
4 1151 1128 1127 1117
4 3780 3670 3744 1128
4 3562 1120 796 424
4 3569 3528 3468 1136
4 1372 1370 1369 1342
4 3670 3528 3569 1123
4 3464 1146 1147 1135
4 1151 1128 1129 1127
4 1525 1518 1134 854
4 3780 3528 1369 1364
4 1146 1135 1134 1073
4 3659 762 3627 761
4 3771 3758 3761 3708
4 1517 886 1134 883
4 3780 1517 3528 1516
4 3871 3604 1152 1126
4 1147 862 855 851
4 1147 862 884 855
4 1147 889 888 878
4 1147 888 882 878
4 3428 2182 2190 2181
4 1519 1134 1131 1130
4 1151 1136 1140 1130
4 1376 1346 1373 1345
4 1146 1074 1135 1073
4 1148 1143 858 852
4 3765 3449 3446 3441
4 1148 852 858 851
4 1147 882 888 881
4 3539 1224 1225 936
4 1147 1071 1137 1070
4 1147 1142 1141 1070
4 1147 884 889 878
4 1147 1137 1142 1070
4 3536 2735 2724 2719
4 4160 3651 4082 3629
4 1155 1154 1144 1077
4 1157 858 1156 852
4 1162 1084 1159 1079
4 1610 1011 1609 980
4 1154 1145 1144 1080
4 3464 1374 1463 1368
4 1147 887 1138 881
4 3472 1237 3434 902
4 1150 1126 1149 1121
4 3539 1462 3464 1433
4 1148 1146 1098 1092
4 1148 1147 1146 1097
4 1148 1092 1098 1080
4 1148 1104 1092 1080
4 1148 1104 1097 1092
4 1148 1097 1146 1092
4 3463 1530 1592 955
4 1150 1146 1065 1064
4 3787 3725 3721 3714
4 1461 1161 1453 1160
4 1150 1149 1146 1064
4 1151 1127 1122 1117
4 1516 1127 1151 1125
4 3539 1429 3464 1401
4 1151 1133 1140 1124
4 1151 1140 1133 1130
4 1151 1119 1123 1118
4 1152 1096 1098 1067
4 1680 1679 1644 1483
4 1153 1069 1146 1064
4 1153 1146 1149 1064
4 1153 1146 1069 1067
4 1153 1152 1146 1067
4 4089 4045 4037 4035
4 3871 1153 1149 1126
4 1154 1082 1081 1080
4 1154 1081 1145 1080
4 1162 1086 1160 1084
4 1157 853 859 852
4 3611 2249 3580 2248
4 3606 3500 561 560
4 1560 914 1550 910
4 1159 1158 1157 1079
4 1157 1079 1078 1077
4 1157 1078 1156 1077
4 2613 1095 2560 1080
4 1159 1084 1083 1079
4 1159 1083 1158 1079
4 1163 859 1162 853
4 3539 1165 885 867
4 1162 1087 1161 1086
4 1162 1088 1087 1086
4 1162 859 1161 853
4 3539 1161 1162 859
4 1162 1088 1086 1084
4 1164 1105 1089 1088
4 1162 1155 1144 1077
4 1162 1157 1155 1077
4 3539 1254 1588 1253
4 3539 1252 1588 1251
4 1165 901 900 893
4 1542 1268 1533 1262
4 1454 1438 1450 1436
4 1165 893 900 890
4 1165 900 897 890
4 1165 865 867 864
4 1165 867 866 864
4 1165 866 1164 864
4 1165 885 867 865
4 1165 897 885 868
4 1165 890 897 868
4 1165 868 885 865
4 1259 1205 1169 1112
4 567 778 466 447
4 1166 1107 1106 1105
4 1166 1106 1165 1105
4 1268 1257 1258 1204
4 1252 1251 942 941
4 1166 1165 1164 1105
4 1167 1108 1107 1105
4 1167 1107 1166 1105
4 1167 1112 1108 1105
4 1167 1164 1112 1105
4 1167 1166 1164 1105
4 1168 1112 1109 1108
4 1168 1167 1112 1108
4 1169 1112 1110 1109
4 3464 1421 1463 1418
4 1169 1168 1112 1109
4 1592 1541 1542 950
4 1487 1454 1465 1438
4 1252 1232 1231 1177
4 3126 3097 2765 2759
4 1227 1175 1174 1165
4 1251 937 936 870
4 1251 871 937 870
4 1587 1235 1268 1181
4 1482 1481 1480 1422
4 3539 1454 1588 1167
4 1455 1453 1162 1161
4 1673 1669 1485 1483
4 3591 3545 2984 2983
4 1588 1169 1259 1168
4 2983 2643 2637 1463
4 1226 1173 1225 1165
4 1252 1251 954 953
4 1533 1258 1268 1235
4 3780 1525 3528 1518
4 3730 1585 1588 1256
4 1592 1258 1533 1235
4 1252 1251 939 938
4 1237 1236 1230 1183
4 3634 3003 3081 3002
4 1234 1184 1186 896
4 2658 2598 2605 2577
4 1208 1044 1043 1019
4 1234 1230 1186 1184
4 3644 3591 2645 2644
4 1680 1647 1639 1483
4 1659 1489 1656 1485
4 1240 1239 1054 1053
4 3464 1465 1464 1155
4 2716 1208 1206 1019
4 2732 2711 2712 2708
4 3603 3476 3548 3475
4 3763 3542 3682 3536
4 2643 2639 2637 1463
4 3086 2579 2578 2577
4 1239 1188 1185 1053
4 3539 1253 1588 1252
4 1585 1260 1256 1252
4 1533 1268 1192 1182
4 1251 939 938 873
4 1268 1258 1257 1181
4 2835 2782 2781 2780
4 1270 1218 1053 1038
4 3434 1592 2628 1208
4 2748 2747 2704 2703
4 1270 1218 1216 1194
4 1692 1270 1269 1063
4 1698 1648 1642 1483
4 1585 1233 1252 1179
4 1252 940 953 939
4 1251 873 938 871
4 1251 930 939 873
4 1252 1179 1233 1178
4 1251 933 941 932
4 1252 1198 1197 1166
4 1227 1174 1226 1165
4 1527 940 1251 931
4 1252 1251 938 937
4 1252 937 938 936
4 1274 1220 1219 1218
4 3539 1251 1250 1166
4 1524 1150 1151 1126
4 3536 2722 2721 2720
4 3901 3644 3777 3549
4 1259 1114 1205 1112
4 3527 1532 1588 1231
4 1455 1167 1454 1166
4 1573 1098 1152 1096
4 1250 936 1227 870
4 2860 2803 2805 2798
4 2719 2666 2715 2662
4 1268 1262 1267 1204
4 1537 1267 1268 1262
4 1702 1273 1274 1272
4 1263 956 949 943
4 1208 1043 1037 1019
4 1208 1037 1206 1019
4 1268 1186 1214 896
4 2719 2715 2714 2662
4 3536 2717 3094 2714
4 1567 929 1566 923
4 3434 1267 1592 1266
4 2643 2642 2589 2586
4 3445 1577 3444 1576
4 3682 3652 3094 1206
4 2658 2656 2603 2598
4 2716 1044 1208 1019
4 2628 2622 2627 2621
4 1263 952 956 943
4 3406 3315 3018 3017
4 1530 1263 955 947
4 1237 1230 1234 1184
4 1263 1215 1214 1209
4 1228 1210 1209 1186
4 3434 2717 2718 1044
4 1529 1268 1263 1190
4 1268 1258 1262 1204
4 1588 1255 1260 1254
4 1263 949 956 948
4 3472 1537 1237 1236
4 1237 903 902 895
4 1463 1102 1098 1096
4 1698 1684 1638 1634
4 1276 1222 1221 1220
4 1265 1216 1211 1195
4 1265 1242 1241 1195
4 1696 1270 1247 1246
4 1276 1270 1045 1038
4 1270 1240 1054 1053
4 1597 969 968 963
4 1673 1485 1672 1484
4 3589 1276 1698 1275
4 3432 1700 1699 1698
4 3644 1455 2987 1454
4 2956 2872 2868 2815
4 1461 1114 1453 1112
4 3536 3450 2736 2732
4 2633 2617 2618 2564
4 1276 1222 1220 1218
4 2658 2646 2656 2598
4 3568 3408 3213 3212
4 2718 2713 1044 1019
4 1626 1625 1624 1483
4 1699 1270 1248 1247
4 1270 1216 1265 1194
4 1455 1453 1165 1164
4 3445 1485 1471 1444
4 2724 2671 2723 2667
4 4260 4231 4244 4228
4 1223 901 1165 894
4 1223 1165 1085 894
4 1224 1165 1170 1085
4 1224 1223 1165 1085
4 3473 1224 1223 936
4 3473 1225 936 870
4 3560 3539 900 897
4 1226 936 1225 870
4 1250 1196 1175 1166
4 3539 1259 1588 1255
4 1252 1251 937 936
4 1227 936 1226 870
4 1588 1532 1233 1232
4 3463 956 1592 952
4 3434 903 899 898
4 1252 1233 1232 1178
4 1550 1479 1477 911
4 1230 1187 1184 1183
4 3540 903 3434 898
4 1230 1187 1186 1184
4 3730 3630 1588 1585
4 3536 2722 2723 1698
4 1251 940 939 930
4 1565 1508 1506 1503
4 1251 1196 1250 1166
4 3539 3464 1462 1459
4 1253 1199 1198 1166
4 1528 1229 1251 1171
4 1527 1251 932 931
4 1252 1251 940 939
4 469 778 466 464
4 1259 1116 1205 1114
4 4259 4253 4250 4245
4 1268 1267 1266 1212
4 1268 1214 1213 1212
4 1530 1263 1191 1190
4 1588 936 937 926
4 1588 1585 938 936
4 1256 1252 1202 1180
4 1530 1191 1263 947
4 3434 2717 2716 1592
4 1237 1230 1184 1183
4 1237 896 903 895
4 1237 1184 896 895
4 1237 1184 1234 896
4 1237 1234 903 896
4 1239 1238 1054 1053
4 1514 1483 1513 1018
4 1603 968 972 964
4 1240 1194 1188 1053
4 1239 1185 1238 1053
4 3589 1242 1684 1241
4 1240 1188 1239 1053
4 1700 1686 1698 1684
4 1270 1218 1217 1216
4 1672 1485 1671 1484
4 3445 1451 1444 1443
4 3539 3464 1435 1432
4 1269 1060 1061 1059
4 1270 1217 1269 1216
4 1265 1211 1242 1195
4 3536 3092 3086 2631
4 1252 1251 953 942
4 1251 931 940 930
4 1251 953 942 934
4 1252 1251 1229 954
4 1251 954 953 935
4 3536 3091 3093 3090
4 1251 1229 954 946
4 1251 934 942 933
4 1251 935 953 934
4 1251 946 954 935
4 1251 1171 1229 946
4 1675 1485 1674 1484
4 3539 1454 1167 1166
4 1252 1177 1231 1176
4 1252 1178 1232 1177
4 3445 1557 1554 1550
4 3539 1225 1224 1165
4 1254 1199 1253 1166
4 1254 1200 1199 1166
4 1463 1168 1167 1112
4 3539 1254 1253 1166
4 1255 1201 1200 1166
4 1255 1200 1254 1166
4 1259 1169 1205 1168
4 3539 1455 1162 1161
4 3539 1454 1166 1165
4 1698 1687 1697 1686
4 3539 1454 1164 1163
4 1435 1434 1407 1392
4 1259 1167 1205 1166
4 1259 1168 1205 1167
4 1260 1256 1252 1202
4 1264 1228 1209 1186
4 1573 1463 1467 1368
4 1541 1263 951 945
4 1541 1540 1263 945
4 1455 1169 1454 1168
4 1592 1261 1262 1208
4 3445 1556 1555 1554
4 1260 1254 1255 1203
4 1260 1252 1253 1203
4 1260 1253 1252 936
4 1260 1253 1254 1203
4 1266 1212 1207 1206
4 3842 3812 3825 3800
4 1267 1262 1266 1204
4 1268 956 1263 952
4 3445 1563 3444 1562
4 3472 3434 903 902
4 3536 2730 2731 1698
4 1268 1264 1263 1209
4 1595 1501 1584 928
4 1268 1206 1208 1037
4 1268 1214 1206 1037
4 3636 1592 3567 1533
4 1268 1235 1258 1181
4 1268 1264 1209 1186
4 1535 1530 1529 1268
4 1268 1208 1043 1037
4 1587 1268 1182 1181
4 1268 1266 1208 1206
4 1268 1214 1212 1206
4 1268 1234 1264 1186
4 1268 1234 1186 896
4 1270 1265 1240 1194
4 1265 1241 1240 1194
4 1265 1216 1195 1194
4 1265 1195 1241 1194
4 1270 1269 1265 1216
4 1698 1689 1688 1061
4 1270 1054 1045 1038
4 1698 1684 1634 1633
4 1270 1053 1054 1038
4 1693 1270 1063 1061
4 2364 2005 2006 2000
4 1266 1207 1261 1206
4 1268 1212 1266 1206
4 3536 2747 2748 2710
4 1266 1261 1208 1206
4 1268 1263 1214 1209
4 1535 1534 1268 1189
4 1268 1213 1267 1212
4 1268 903 1234 896
4 1268 1037 1043 896
4 1268 1214 1037 896
4 1591 1566 1565 1503
4 1268 1043 903 896
4 1698 1641 1684 1635
4 1684 1241 1242 1050
4 1270 1218 1194 1053
4 1270 1194 1240 1053
4 1489 1486 1488 1485
4 1276 1221 1275 1220
4 1274 1219 1273 1218
4 1276 1222 1038 1020
4 1274 1273 1270 1218
4 1276 1274 1270 1218
4 1276 1045 1022 1020
4 3589 1018 1483 1016
4 3445 1588 1582 1476
4 3536 2717 2716 2628
4 1276 1220 1274 1218
4 1276 1222 1218 1038
4 1276 1218 1270 1038
4 1319 1291 1294 1290
4 3448 3436 3447 3435
4 1320 1293 1319 1280
4 3464 1147 1139 1135
4 3628 528 3477 527
4 3548 3482 3496 3480
4 1359 1332 1356 1331
4 3558 2177 2178 2169
4 1320 1319 1304 1280
4 1314 1286 1289 1283
4 3606 778 430 429
4 3608 909 908 904
4 633 615 778 477
4 1315 1311 1312 1283
4 3715 576 3651 575
4 4270 1573 1574 1368
4 3606 778 621 620
4 1319 1293 1294 1280
4 3606 3500 558 557
4 3606 778 611 477
4 3644 3591 3457 3451
4 3551 1311 1524 1309
4 1362 1339 1336 1280
4 1328 1301 1300 1298
4 3859 3769 3751 3723
4 3474 1138 3464 887
4 1518 1517 1134 883
4 1362 1361 1359 1336
4 3583 3448 3544 3447
4 1319 1317 1291 1290
4 3521 3469 3470 3442
4 1372 1345 1343 1342
4 3606 558 778 557
4 1455 1114 1454 1112
4 3464 1487 1157 1156
4 3608 1524 1303 908
4 1359 1336 1287 1283
4 1524 1523 1151 1134
4 475 474 778 473
4 1524 1310 1311 1303
4 1523 1522 1134 860
4 1362 1336 1359 1280
4 3653 3608 1496 1492
4 3777 3294 2840 2839
4 3615 3238 3596 3212
4 3675 758 3651 576
4 3618 3608 1493 913
4 580 778 579 578
4 3999 1379 3685 1378
4 3602 3479 457 429
4 1525 1518 1151 1134
4 1310 1285 1284 1283
4 1310 1284 1305 1283
4 1311 1283 1305 1280
4 1311 1305 1304 1280
4 1315 1312 1286 1283
4 1314 1309 1311 1283
4 3544 3447 3532 3446
4 4264 4260 818 817
4 3862 621 3795 620
4 3529 3441 3439 3438
4 1359 1356 1333 1331
4 3766 790 3478 789
4 1359 1336 1331 1287
4 1328 1298 1302 1297
4 1382 1374 1347 1345
4 1535 1534 1533 1268
4 3644 2985 3549 2984
4 3865 3829 3794 3770
4 3955 3940 3945 3868
4 1359 1336 1283 1280
4 3608 1496 1492 1491
4 3834 3813 3793 3791
4 3642 3496 3485 3484
4 3594 3521 3470 3442
4 3608 1496 1491 1306
4 3531 833 290 289
4 3607 3594 3544 3532
4 3644 2641 3591 2619
4 3608 1524 908 907
4 1522 1151 1516 1127
4 4266 4265 811 637
4 3715 3627 3675 758
4 3913 3642 3496 3489
4 3675 3627 759 758
4 3675 759 3651 758
4 3942 3808 3871 3805
4 1321 1295 1294 1291
4 3771 3721 3725 3708
4 3613 3553 3464 862
4 4057 4025 3891 3877
4 4245 4235 4238 4234
4 1321 1292 1295 1291
4 1321 1319 1317 1291
4 1321 1318 1292 1291
4 1328 1300 1302 1298
4 4262 4255 4261 4254
4 1328 1322 1297 1295
4 567 561 778 434
4 1321 1294 1319 1291
4 3924 3469 3607 3466
4 3603 3490 3496 3489
4 3766 791 3478 790
4 3871 3464 1135 1134
4 1328 1322 1325 1297
4 3924 3471 3594 3470
4 3606 778 434 430
4 1328 1325 1298 1297
4 633 778 628 467
4 1524 1134 1135 857
4 1324 1296 1279 1278
4 1324 1296 1293 1280
4 3606 778 468 467
4 1324 1320 1304 1280
4 3947 3909 3594 3590
4 1324 1296 1281 1279
4 1324 1281 1296 1280
4 3606 778 561 557
4 3606 778 472 471
4 567 778 561 560
4 3500 571 778 565
4 3952 3870 3916 3818
4 3815 3809 3767 3737
4 1326 1279 1281 1277
4 1326 1323 1279 1277
4 1326 1323 1324 1279
4 1326 1324 1281 1279
4 1326 1281 1324 1280
4 1326 1324 1304 1280
4 1327 1326 1304 1280
4 1327 1282 1281 1280
4 1327 1281 1326 1280
4 3445 1591 1566 1565
4 629 778 628 627
4 615 613 778 477
4 3577 794 3570 793
4 1359 1334 1357 1332
4 1328 1321 1322 1295
4 1359 1283 1311 1280
4 1329 1323 1326 1277
4 571 568 778 547
4 3606 561 778 560
4 3872 1911 3580 1907
4 3780 1522 1516 1127
4 4267 4262 1552 1545
4 3558 2178 3426 2169
4 3765 3440 3529 3436
4 3843 3727 3699 3690
4 562 778 561 434
4 4048 4003 3724 3694
4 3672 3448 3583 3447
4 1418 1347 1374 1345
4 4078 4054 4044 4005
4 3544 3436 3448 3435
4 4258 4243 1366 1365
4 4260 4239 4246 4228
4 3525 3252 3260 3203
4 3672 3633 3447 3446
4 4255 4254 4245 4238
4 1359 1312 1311 1283
4 3606 778 447 443
4 1359 1333 1312 1287
4 3447 3436 3446 3435
4 3932 3850 3761 3685
4 1359 1336 1334 1332
4 3780 1526 3528 1525
4 3474 1142 1524 1137
4 1359 1358 1357 1334
4 3858 3458 3549 2611
4 3793 3639 3667 3625
4 3616 3521 3442 3437
4 1401 1400 1397 1388
4 1361 1360 1359 1336
4 4270 1545 1553 1365
4 3521 3449 3448 3442
4 1359 1335 1358 1334
4 1359 1357 1356 1332
4 3996 3786 3835 3780
4 3715 843 839 838
4 568 565 778 547
4 1362 1359 1304 1280
4 1372 1342 1369 1341
4 3836 3805 3721 3695
4 3675 3627 761 759
4 3678 2842 3637 2835
4 3606 778 612 611
4 3678 3581 3252 3006
4 3795 3775 3749 3737
4 3766 789 3478 788
4 1376 1349 1346 1345
4 1463 1162 1157 1155
4 633 631 778 615
4 3689 3608 905 904
4 477 476 778 475
4 3434 2628 2716 1208
4 1525 1517 1516 1151
4 3766 3478 850 787
4 3606 563 3500 560
4 1525 1516 1522 1151
4 3548 3476 3496 3475
4 3606 469 778 443
4 3841 3747 3795 3735
4 3539 1223 3473 901
4 473 472 778 471
4 1362 1304 1319 1280
4 3548 3480 3496 3476
4 3999 3922 3780 1376
4 1572 635 848 530
4 3539 1588 1259 1167
4 3644 3457 3643 3451
4 1592 1266 1267 1262
4 3464 1463 1148 1147
4 1382 1347 1355 1345
4 3528 1524 1370 1369
4 1530 1529 1268 1263
4 1382 1354 1355 1347
4 4270 1367 1368 1365
4 3577 3570 3478 793
4 3908 3857 3755 3716
4 1362 1319 1294 1280
4 3447 3440 3446 3436
4 1455 1453 1168 1167
4 3464 1464 1465 1420
4 1674 1485 1673 1484
4 3536 1468 3445 1466
4 1574 1573 1473 1368
4 561 778 558 557
4 1382 1381 1354 1347
4 4246 4244 4231 4230
4 4060 4000 4004 3999
4 1592 1537 1268 1263
4 3539 1453 1161 1160
4 578 778 577 574
4 1372 1345 1342 1341
4 3553 3474 3464 888
4 3500 565 778 564
4 1378 1376 1372 1345
4 3464 1145 1154 858
4 1574 1569 1473 530
4 4043 4030 3577 3496
4 4268 4257 848 847
4 1592 1537 1542 1262
4 470 447 778 429
4 3434 1266 1261 1208
4 4061 1382 3871 1381
4 1517 1516 1151 1134
4 623 620 778 615
4 3464 1417 1487 1415
4 3929 3864 3821 3799
4 3754 3529 3441 3440
4 3644 1468 3549 1467
4 1463 1162 1155 1144
4 4269 820 4265 819
4 3603 3489 3496 3488
4 1592 956 1531 955
4 1573 1463 1147 1146
4 620 619 778 613
4 3539 1253 1252 1166
4 3525 3260 3252 3199
4 1455 1166 1454 1165
4 3608 908 1491 906
4 4251 4248 4247 4237
4 4243 4218 4207 4195
4 629 628 778 573
4 3577 616 778 615
4 3539 1165 867 866
4 1521 880 1134 877
4 1526 1525 1134 854
4 4271 4255 4250 4234
4 3593 1655 1489 1485
4 4272 1549 4258 1365
4 1382 1355 1353 1352
4 1382 1380 1379 1352
4 4081 4051 3709 1333
4 3539 1163 1164 859
4 1526 1525 1151 1134
4 1364 1341 1339 1294
4 1379 1351 1378 1345
4 3539 1431 3464 1430
4 1881 1832 1833 1827
4 3871 3858 1573 1152
4 4198 4131 4176 4103
4 1524 1523 1522 1151
4 602 778 583 582
4 3606 3479 3602 429
4 570 778 568 565
4 4226 4202 3878 3800
4 567 778 447 434
4 1372 1369 1364 1341
4 3606 3602 466 464
4 3500 564 778 562
4 1377 1374 1375 1347
4 3551 1315 1524 1312
4 1364 1339 1362 1294
4 3434 2716 2628 1592
4 3687 3477 2444 2364
4 1377 1375 1348 1347
4 3709 1526 3528 1522
4 3464 1147 889 888
4 3730 1588 1260 1256
4 1557 916 1554 914
4 4088 4044 4080 3931
4 1588 1454 1169 1168
4 3941 3906 3939 3896
4 1455 1163 1454 1162
4 3464 1463 1154 1145
4 3606 778 470 447
4 3464 1573 1463 1147
4 3935 3759 3785 3701
4 3590 3471 3528 3442
4 1461 1116 1453 1114
4 3539 1157 1158 859
4 3973 3941 3939 3896
4 3618 3608 1494 1493
4 4272 4258 4254 1368
4 1364 1340 1363 1339
4 3539 1454 1165 1164
4 3780 1524 1522 1127
4 633 778 632 628
4 3625 3616 3607 3521
4 570 778 569 568
4 3539 1454 1163 1162
4 3583 3544 3528 3449
4 3603 3484 3577 3483
4 3696 785 3577 784
4 623 621 778 620
4 1364 1362 1319 1294
4 1524 1329 1326 1303
4 1455 1453 1116 1114
4 1487 1460 1438 1437
4 1382 1374 1381 1347
4 628 778 562 467
4 3862 1572 3611 424
4 3528 1521 3468 1520
4 3642 3496 3483 3482
4 1524 1151 1127 1126
4 4272 4258 1368 1367
4 1433 1432 1405 1391
4 3434 1208 1044 1043
4 1574 1473 1545 1365
4 1377 1348 1350 1347
4 613 611 778 477
4 3644 3591 2983 2640
4 1685 1684 1270 1269
4 1462 1461 1455 1449
4 3784 3577 783 778
4 4257 1572 4239 635
4 4258 4241 4243 4219
4 3528 3449 3521 3442
4 1418 1345 1372 1341
4 562 778 559 558
4 3823 3779 3761 3758
4 3539 1165 897 885
4 4120 4115 3494 3490
4 3577 628 778 627
4 4042 3978 3966 3928
4 3580 530 529 528
4 3835 3802 3807 3664
4 4191 4137 4161 3927
4 1381 1350 1354 1347
4 1524 1326 1327 1303
4 3865 3797 3846 3794
4 3780 1520 3528 1519
4 3631 1982 1984 1968
4 3812 3768 3801 3674
4 3539 1157 859 858
4 1525 1518 1517 1151
4 3823 3779 3758 3725
4 1382 1355 1352 1345
4 3606 466 3602 465
4 3464 1487 1464 1415
4 3539 3464 1157 858
4 3871 1381 3464 1377
4 3862 422 3696 421
4 3474 3464 888 887
4 3539 1462 1159 1158
4 567 466 778 465
4 3653 3608 1492 1491
4 3493 1473 1575 530
4 3757 3689 3705 3668
4 3445 1441 1451 1439
4 3592 2160 3430 2159
4 3528 3471 3449 3442
4 1359 1311 1304 1280
4 3780 1125 3528 1123
4 3603 3577 3548 3480
4 3705 3608 909 908
4 1575 1546 1547 1473
4 3696 849 841 795
4 3445 1451 1443 1439
4 3806 3765 3466 3439
4 3474 1524 1142 857
4 3493 823 822 530
4 4148 4112 4113 4068
4 3766 786 850 785
4 3449 3448 3442 3437
4 1362 1338 1361 1336
4 1362 1294 1339 1280
4 1592 1533 1587 1235
4 3758 3721 3704 3695
4 3742 2949 3142 2744
4 3850 3773 3727 3690
4 1361 1338 1337 1336
4 1361 1337 1360 1336
4 3583 3544 3449 3446
4 3780 1141 1524 1139
4 1372 1343 1370 1342
4 1526 1134 1522 856
4 1581 1580 1560 922
4 1364 1341 1340 1339
4 3539 1462 1461 1159
4 1523 1134 861 860
4 1592 956 1540 952
4 1536 875 1263 872
4 1364 1363 1362 1339
4 3873 3837 3807 3802
4 1521 1151 1516 1134
4 2613 2611 2558 2554
4 1520 1132 1134 880
4 1557 918 917 916
4 4053 3676 3791 3664
4 3434 1268 1266 1208
4 1461 1453 1455 1449
4 3553 884 3464 862
4 3550 1416 3464 1414
4 1419 1418 1392 1347
4 3696 784 3577 783
4 3493 1546 1575 1473
4 3589 1596 1601 1483
4 4269 819 4265 818
4 3550 1414 3464 1413
4 1560 1558 1557 918
4 4270 1368 1574 1365
4 3539 1461 1433 1432
4 4258 4254 4243 4229
4 4244 4231 4230 4228
4 1401 1397 1398 1388
4 1419 1374 1418 1347
4 4258 4238 4254 4234
4 3539 1224 1223 1165
4 4260 4246 4252 4244
4 1698 1684 1631 1630
4 3464 1138 1524 1137
4 4258 4245 4254 4238
4 1485 1469 1471 1442
4 3606 778 469 464
4 562 561 778 558
4 1592 1535 1530 1529
4 3807 3793 3802 3667
4 4267 4259 4262 1545
4 3539 1400 3464 1399
4 4260 4240 4246 4239
4 4264 4257 4252 4239
4 3539 3473 1223 936
4 3779 3761 3758 3725
4 3445 1582 1581 1476
4 1421 1418 1420 1392
4 1463 1144 1148 1098
4 1434 1403 1407 1398
4 1420 1394 1391 1389
4 1399 1390 1396 1388
4 3464 1151 1150 1146
4 3539 1401 3464 1400
4 1400 1396 1397 1388
4 629 626 778 624
4 4272 1553 4267 1552
4 1557 917 1556 916
4 1432 1420 1394 1391
4 1412 1384 1386 1302
4 1434 1404 1407 1403
4 1401 1388 1398 1295
4 1419 1371 1374 1344
4 4270 4263 4256 1547
4 3550 3464 1416 1399
4 573 778 565 564
4 573 778 564 562
4 1420 1391 1417 1389
4 1414 1412 1386 1302
4 467 459 778 434
4 3464 1149 1153 1146
4 1418 1392 1345 1341
4 4267 4253 4259 4235
4 1414 1386 1388 1302
4 1401 1319 1321 1294
4 4260 4239 4224 635
4 1401 1321 1295 1294
4 1401 1295 1398 1294
4 1592 1266 1262 1261
4 3445 2719 1698 1483
4 1455 1453 1166 1165
4 3445 1564 1562 1480
4 4268 636 811 635
4 3539 1164 1165 859
4 3862 3606 423 422
4 3588 2455 3420 2453
4 3628 3580 525 524
4 1455 1453 1167 1166
4 3539 1461 1160 1159
4 3764 1258 1592 1235
4 3539 1455 1454 1162
4 1433 1417 1432 1391
4 1455 1165 1454 1164
4 1454 1450 1440 1436
4 1463 1155 1154 1144
4 3464 1524 1142 1137
4 3577 630 3496 627
4 633 477 778 467
4 629 778 578 573
4 1434 1418 1364 1341
4 1433 1405 1406 1391
4 1434 1431 1404 1403
4 629 778 602 582
4 3539 1160 1161 859
4 2988 2574 2980 2572
4 1418 1374 1372 1345
4 1463 1164 1163 1162
4 1412 1410 1384 1302
4 4257 4252 4239 4237
4 3550 1412 3464 1411
4 477 471 778 468
4 1414 1413 1387 1386
4 582 778 581 578
4 1414 1412 1413 1386
4 1410 1328 1409 1302
4 1410 1383 1384 1302
4 1410 1409 1383 1302
4 3606 3602 3500 563
4 581 778 580 578
4 1414 1387 1388 1386
4 1412 1411 1385 1384
4 617 614 778 613
4 1412 1410 1411 1384
4 467 462 778 459
4 3606 778 471 468
4 447 430 778 429
4 3606 778 473 472
4 1412 1328 1410 1302
4 1416 1390 1399 1388
4 3606 778 476 475
4 1414 1400 1401 1388
4 1414 1399 1400 1388
4 3500 559 778 558
4 3464 1146 1152 1098
4 3606 778 620 619
4 3464 1152 1573 1098
4 3606 778 459 458
4 613 612 778 611
4 3606 778 613 612
4 3606 3602 567 465
4 1416 1399 1414 1388
4 562 467 778 434
4 1414 1328 1412 1302
4 1414 1388 1401 1295
4 620 778 615 613
4 1414 1328 1302 1295
4 1414 1302 1388 1295
4 1414 1321 1328 1295
4 1414 1401 1321 1295
4 3606 778 619 617
4 629 778 626 625
4 1487 1464 1114 1112
4 1487 1464 1157 1156
4 1418 1392 1347 1345
4 3464 1144 1145 858
4 3539 1255 1588 1254
4 1463 1102 1101 1098
4 1587 1268 1533 1182
4 1532 1252 1231 1176
4 3539 1461 1462 1433
4 3464 1153 1152 1146
4 3464 1573 1147 1146
4 3464 1573 1146 1098
4 3550 1413 3464 1412
4 578 778 574 573
4 3606 567 778 465
4 3479 430 457 429
4 1420 1417 1415 1389
4 4266 4265 4249 4248
4 3464 1465 1155 1154
4 3445 1566 3444 1565
4 3780 1521 1520 1519
4 4185 4150 4166 4073
4 4257 4249 4248 4237
4 2159 1980 1981 1979
4 1434 1319 1401 1294
4 1435 1432 1418 1392
4 1418 1372 1364 1341
4 3606 778 563 560
4 1434 1401 1430 1398
4 3606 567 3602 566
4 1560 1499 918 914
4 3445 1560 1559 1558
4 3603 3483 3577 3482
4 3532 3521 3528 3449
4 1419 1374 1347 1344
4 1419 1347 1393 1344
4 3795 3735 3737 3713
4 3833 3831 3816 3803
4 4126 630 3577 629
4 1432 1394 1420 1392
4 3464 1465 1421 1420
4 3536 3092 3087 3086
4 3765 3441 3529 3440
4 3539 1226 1227 936
4 1434 1430 1431 1403
4 3539 1476 1588 1454
4 3464 1143 1144 858
4 3464 1463 1145 1144
4 1421 1420 1394 1392
4 1550 911 1477 910
4 1421 1394 1395 1392
4 4259 4253 4255 4250
4 3539 1159 1160 859
4 3603 3485 3577 3484
4 3705 909 3608 904
4 3465 1588 953 942
4 3465 1588 954 953
4 3464 1463 1419 1418
4 3606 466 778 464
4 3445 1591 1568 1566
4 3555 1260 1588 1259
4 3539 1250 1588 1227
4 3434 1268 1592 1267
4 1597 968 1596 963
4 1588 1454 1168 1167
4 1562 1480 924 923
4 1698 1697 1681 1680
4 1698 1675 1683 1668
4 1632 1631 1629 1483
4 1639 1637 1635 1483
4 1669 1659 1660 1485
4 1607 973 972 971
4 1596 968 967 966
4 3464 884 1147 862
4 1614 1612 1613 1483
4 1596 968 966 957
4 1676 977 1621 975
4 1671 1485 1670 1484
4 1680 1514 985 957
4 1643 1621 1486 1483
4 3589 1044 2715 1022
4 1670 1485 1669 1484
4 1614 1611 1612 1483
4 1609 1010 1604 957
4 1605 1596 1603 964
4 1643 1621 1488 1486
4 1624 1623 1622 1483
4 1613 1483 1612 1424
4 1621 1488 1486 1426
4 1669 1489 1659 1485
4 3539 1433 3464 1432
4 4258 4245 4238 4234
4 3539 901 3473 900
4 1435 1407 1408 1392
4 1432 1405 1394 1392
4 3464 1151 1146 1134
4 4260 4246 4233 4228
4 3464 1150 1149 1146
4 3560 3539 3473 900
4 622 778 618 615
4 4258 4236 4235 4234
4 3464 1463 1374 1371
4 3606 778 567 566
4 1434 1407 1392 1341
4 1434 1392 1418 1341
4 1430 1401 1429 1398
4 1430 1402 1403 1398
4 1430 1429 1402 1398
4 4268 4266 4249 845
4 618 778 616 615
4 3464 1464 1420 1415
4 1432 1417 1420 1391
4 1432 1394 1405 1391
4 573 778 572 570
4 3606 778 474 473
4 619 617 778 613
4 1432 1420 1418 1392
4 3500 562 778 559
4 3539 1165 1223 901
4 3471 3470 3449 3442
4 1434 1430 1403 1398
4 3464 1147 1142 1141
4 1435 1408 1405 1392
4 3464 1147 1148 858
4 1435 1418 1434 1392
4 629 778 625 602
4 3464 1463 1144 1143
4 3464 863 1147 858
4 3464 1154 1155 858
4 3464 1138 1147 887
4 3464 1375 1374 1368
4 3464 1433 1459 1417
4 4252 4244 4246 4232
4 3539 1453 1461 1432
4 4266 4265 812 811
4 4252 4251 4246 4240
4 1434 1401 1398 1294
4 1434 1398 1407 1294
4 1434 1341 1364 1294
4 1434 1407 1341 1294
4 1434 1364 1319 1294
4 3606 778 462 459
4 634 778 631 615
4 4257 4248 4251 4237
4 3606 778 614 613
4 3464 1147 1138 1137
4 4270 1547 1575 1546
4 3464 1459 1487 1417
4 3539 1459 1462 1158
4 3539 1430 3464 1429
4 4192 4188 4175 4159
4 3434 2718 2713 1044
4 1588 1454 1114 1112
4 3935 3848 3871 3685
4 3169 2949 3053 2926
4 2422 529 2421 528
4 3434 903 1043 899
4 2987 2569 2986 1115
4 3780 1127 1516 1125
4 3536 2730 2728 2726
4 3464 1148 1463 1143
4 1592 1267 1537 1262
4 1913 1881 1833 1827
4 3780 1149 1150 1126
4 4270 1545 1575 1544
4 1574 1368 1473 1365
4 4268 819 848 811
4 3608 1491 1490 906
4 1702 1698 1275 1274
4 4272 4261 4262 4256
4 1467 1463 1454 1436
4 3539 1434 3464 1431
4 1702 1275 1276 1272
4 1467 1454 1440 1436
4 1702 1274 1275 1272
4 3644 3451 2981 2629
4 1791 1729 1737 1705
4 2514 2513 2466 2286
4 3580 1905 1906 520
4 3889 3803 3849 3795
4 1485 1474 1469 1442
4 1683 1669 1673 1483
4 1485 1475 1474 1447
4 3608 1308 1306 1303
4 1578 1574 1569 1473
4 4260 4252 4240 4239
4 3445 1441 1468 1440
4 1463 1116 1114 1112
4 3445 1551 3444 1550
4 3644 2990 2991 1463
4 3434 1261 1592 1208
4 3536 2659 3089 2658
4 3539 1165 866 859
4 2617 2562 2564 2561
4 1554 1551 1550 914
4 1465 1156 1464 1155
4 3434 2716 2717 1044
4 1455 1116 1454 1114
4 1461 1457 1452 1449
4 1588 1254 1260 1253
4 1487 1464 1159 1158
4 1585 1252 1180 1179
4 3539 1226 1225 1165
4 1588 939 940 926
4 1463 1167 1164 1112
4 3706 849 3577 796
4 1455 1169 1453 1112
4 3445 1450 1451 1440
4 1588 1114 1259 1112
4 4260 4233 4246 4231
4 1585 1252 1256 1180
4 4264 4257 4249 4248
4 1560 1559 1558 919
4 1560 1499 919 918
4 2626 2574 2575 2573
4 1487 1462 1458 1456
4 1487 1458 1460 1456
4 1465 1463 1157 1156
4 3464 1463 1573 1368
4 1487 1464 1158 1157
4 1461 1452 1453 1449
4 1487 1465 1464 1437
4 3464 1465 1463 1421
4 3539 1158 1159 859
4 3539 1459 1158 1157
4 1487 1464 1161 1160
4 1462 1458 1457 1449
4 1462 1459 1159 1158
4 1461 1162 1453 1161
4 1465 1463 1158 1157
4 1461 1453 1169 1112
4 1487 1114 1459 1112
4 1461 1163 1453 1162
4 1462 1116 1461 1114
4 1461 1169 1453 1168
4 1462 1459 1116 1114
4 1461 1164 1453 1163
4 1462 1160 1461 1159
4 1461 1168 1453 1167
4 1462 1459 1160 1159
4 1461 1165 1453 1164
4 1462 1114 1461 1112
4 1461 1167 1453 1166
4 1462 1459 1114 1112
4 1461 1166 1453 1165
4 1462 1459 1161 1160
4 1462 1161 1461 1160
4 1462 1169 1459 1112
4 1462 1461 1169 1112
4 1462 1459 1162 1161
4 1462 1162 1461 1161
4 1462 1459 1169 1168
4 1462 1169 1461 1168
4 1462 1459 1163 1162
4 1462 1163 1461 1162
4 1462 1459 1168 1167
4 1462 1168 1461 1167
4 1462 1459 1164 1163
4 1462 1164 1461 1163
4 1462 1459 1167 1166
4 1462 1167 1461 1166
4 1462 1459 1165 1164
4 1462 1165 1461 1164
4 1462 1459 1166 1165
4 1462 1166 1461 1165
4 1463 1154 1145 1144
4 3780 1524 1376 1373
4 3521 3441 3442 3440
4 1463 1157 1156 1155
4 1463 1162 1159 1157
4 1463 1169 1168 1112
4 1487 1160 1459 1159
4 1487 1159 1459 1158
4 1463 1166 1165 1164
4 3780 1524 1380 1379
4 1463 1159 1158 1157
4 1465 1463 1156 1155
4 1463 1162 1160 1159
4 3464 1463 1465 1154
4 1463 1162 1161 1160
4 1487 1158 1459 1157
4 1465 1116 1464 1114
4 1487 1459 1169 1112
4 1465 1159 1464 1158
4 3309 3207 3267 2960
4 1487 1460 1458 1449
4 1465 1114 1464 1112
4 1487 1458 1462 1449
4 1465 1463 1114 1112
4 3682 3092 3652 3088
4 2986 1259 1588 1116
4 1487 1169 1464 1112
4 1465 1463 1159 1158
4 1487 1161 1459 1160
4 1465 1463 1116 1114
4 1487 1464 1160 1159
4 1487 1464 1116 1114
4 1465 1158 1464 1157
4 1465 1454 1463 1436
4 1465 1157 1464 1156
4 1465 1463 1160 1159
4 1465 1160 1464 1159
4 1465 1169 1463 1112
4 1465 1464 1169 1112
4 1465 1463 1161 1160
4 1465 1161 1464 1160
4 1465 1463 1169 1168
4 1465 1169 1464 1168
4 1465 1463 1162 1161
4 1465 1162 1464 1161
4 1465 1463 1168 1167
4 1465 1168 1464 1167
4 1465 1463 1163 1162
4 1465 1163 1464 1162
4 1465 1463 1167 1166
4 1465 1167 1464 1166
4 1465 1463 1164 1163
4 1465 1164 1464 1163
4 1465 1463 1166 1165
4 1465 1166 1464 1165
4 1465 1463 1165 1164
4 1465 1165 1464 1164
4 3834 3616 3667 3439
4 3606 561 3500 557
4 3677 3607 3583 3544
4 4260 4224 811 637
4 3580 525 524 523
4 4271 4250 4263 1575
4 3549 2609 1463 1099
4 4076 3710 4053 3676
4 3544 3532 3449 3446
4 1473 1367 1366 1365
4 3445 1468 1467 1440
4 1588 1259 1260 1255
4 3536 3090 3093 3089
4 3580 2250 2248 520
4 1592 1542 1537 1536
4 2609 2607 1100 1094
4 3635 3545 3591 2644
4 3794 3754 3743 3529
4 3493 820 819 530
4 1573 1572 848 530
4 1791 1786 1787 1732
4 3826 3721 3771 3695
4 1574 1573 848 530
4 1473 1368 1367 1365
4 4270 1553 1549 1365
4 3636 1587 1592 1533
4 3536 3093 2738 2658
4 1591 1589 1568 923
4 3445 1559 3444 1558
4 3539 1167 1259 1166
4 3445 1564 3444 1563
4 3445 1557 3444 1556
4 3536 3165 2710 2709
4 3536 2728 2727 2726
4 3644 3445 3536 1468
4 3536 2735 2733 2731
4 1527 1251 941 932
4 1588 1532 1528 1233
4 4258 4236 4254 4229
4 1528 1251 1252 1172
4 1528 1252 1251 1229
4 3434 1268 1264 1263
4 3536 2724 2725 1698
4 3445 1557 1556 1554
4 3445 1591 1590 1589
4 1554 915 1551 914
4 3536 3169 3175 3142
4 1505 1423 1480 1422
4 1588 1116 1259 1114
4 1589 1501 1480 923
4 1592 1535 1534 1533
4 1480 1423 1478 1422
4 1588 1233 1528 938
4 3445 3434 1483 1478
4 1588 1528 954 953
4 3536 2739 3450 1698
4 1481 1425 1480 1422
4 3445 1558 3444 1557
4 4262 4259 4255 4254
4 3445 1595 1594 1589
4 3445 1554 3444 1551
4 3445 1591 1589 1568
4 3445 1586 1594 1582
4 3445 1588 1476 1454
4 3536 3358 3373 3053
4 3445 1562 1568 1480
4 1683 1682 1678 1483
4 1702 1698 1274 1273
4 1624 1622 1623 988
4 1598 1597 1596 963
4 1611 1483 1610 1424
4 1698 1683 1697 1668
4 1656 1489 1655 1485
4 3543 1894 3506 1867
4 1489 1486 1485 1483
4 3593 1489 1488 1485
4 3593 1656 1655 1485
4 4267 4256 4262 4253
4 3445 1451 1441 1440
4 3644 2986 2987 1259
4 1485 1444 1451 1442
4 1485 1471 1444 1442
4 3644 2980 3591 2641
4 3536 3142 2745 2744
4 1617 1483 1616 1424
4 1669 1660 1661 1485
4 1487 1455 1454 1449
4 1487 1462 1455 1449
4 1487 1450 1454 1438
4 1487 1460 1450 1438
4 1487 1162 1459 1161
4 1487 1464 1162 1161
4 1487 1169 1459 1168
4 1487 1464 1169 1168
4 1487 1454 1450 1449
4 1487 1450 1460 1449
4 1487 1163 1459 1162
4 1487 1464 1163 1162
4 1487 1168 1459 1167
4 1487 1464 1168 1167
4 1487 1164 1459 1163
4 1487 1464 1164 1163
4 1487 1167 1459 1166
4 1487 1464 1167 1166
4 1487 1165 1459 1164
4 1487 1464 1165 1164
4 1487 1166 1459 1165
4 1487 1464 1166 1165
4 1669 1485 1661 1484
4 3589 2723 1276 1022
4 3589 2720 2721 1022
4 3589 1270 1698 1269
4 3443 1657 1656 1485
4 1643 1489 1488 1427
4 1598 1483 1597 1478
4 3913 3642 3482 3481
4 3675 761 3651 759
4 3642 3496 3482 3475
4 3544 3532 3528 3449
4 3532 3521 3448 3436
4 3945 3449 3884 3446
4 3521 3439 3442 3438
4 3715 769 765 764
4 3935 3761 3758 3727
4 3875 3778 3762 3466
4 3597 578 778 571
4 3860 3853 3839 3776
4 3888 3814 3822 3449
4 3521 3466 3469 3442
4 3493 1545 1544 1473
4 3521 3466 3442 3439
4 3955 3940 3895 3829
4 3873 3807 3835 3802
4 3591 3545 2645 2644
4 3766 3577 787 786
4 3608 1495 1494 1493
4 3996 3711 3672 3528
4 3445 1468 1441 1439
4 3496 3476 3480 3475
4 3765 3438 3441 3437
4 4102 3963 3973 3685
4 3696 789 3577 788
4 3780 1518 3528 1517
4 3577 3496 628 627
4 3996 3672 3909 3528
4 3815 3810 3811 3767
4 3653 1496 3619 1492
4 3751 2366 2446 2259
4 3803 3696 3795 621
4 3709 1522 1523 907
4 3529 3442 3441 3437
4 3613 863 3464 858
4 3765 3449 3438 3437
4 3670 3528 1129 1128
4 3608 1524 3551 1303
4 3448 3441 3442 3437
4 3847 3834 3466 3439
4 3631 1968 1984 1798
4 3705 3608 3689 904
4 1550 1477 1476 910
4 1550 914 911 910
4 1550 914 912 911
4 1589 1537 1478 1423
4 3644 2985 3591 2980
4 1560 1557 1550 914
4 1505 1480 1501 923
4 3445 2717 3434 1592
4 1595 1589 1501 928
4 3445 1550 1477 1476
4 1568 1480 1562 923
4 1505 1501 1480 1423
4 1505 1480 1425 1422
4 1505 924 1480 923
4 1505 1504 1480 924
4 1622 1538 1514 1483
4 1329 1524 1323 1303
4 1514 1510 1483 1018
4 1615 1483 1614 1424
4 3589 1048 3541 1047
4 1632 1514 1624 985
4 1676 1652 1655 1489
4 1616 1614 1615 1483
4 1607 1483 1606 1424
4 1610 1012 1011 980
4 1698 1685 1686 1679
4 1621 1483 1620 1424
4 1652 1643 1488 1486
4 3601 2302 2306 2273
4 1619 1611 1616 1483
4 1607 965 1606 964
4 1619 1616 1617 1483
4 1606 1483 1605 1424
4 1609 980 1011 957
4 3589 1626 1627 1483
4 1607 973 965 964
4 1604 1483 1603 1424
4 1676 1621 1619 975
4 1621 1486 1483 1424
4 1605 1598 1596 963
4 1604 972 1603 957
4 1605 1596 964 963
4 1607 973 971 970
4 1611 1015 1012 980
4 1512 1016 1018 960
4 1512 1018 961 960
4 1512 961 1018 957
4 1512 1018 1510 957
4 3589 1483 1512 1016
4 1514 984 985 983
4 1698 1644 1679 1483
4 3589 1515 1538 1483
4 3589 1276 1045 1022
4 1538 1514 1515 985
4 3666 3121 3115 3032
4 1629 1628 1627 1483
4 1632 1624 1514 1483
4 1616 1483 1615 1424
4 1538 986 987 985
4 3589 1538 1622 1483
4 1676 980 977 975
4 1538 1515 986 985
4 3594 3471 3590 3442
4 1517 1516 1134 877
4 3731 3705 3717 904
4 3696 796 778 421
4 1519 1136 1134 1130
4 3743 3529 3439 3438
4 1519 1151 1140 1125
4 1519 1140 1151 1136
4 1520 1134 1132 1131
4 1520 1519 1134 1131
4 3787 3704 3714 3697
4 1520 1519 1151 1134
4 1521 1134 1516 877
4 3606 520 1572 402
4 1521 1520 1519 1151
4 1573 1463 1146 1098
4 3606 566 3602 563
4 1521 1516 1151 1125
4 1521 1151 1519 1125
4 3617 2950 2951 2762
4 3755 3716 3698 3696
4 3528 1519 3468 1136
4 3464 1464 1487 1156
4 3884 3829 3447 3446
4 3493 822 821 530
4 3464 1147 1141 1139
4 1560 918 1557 914
4 1592 1542 1541 1540
4 1527 1252 1251 940
4 1527 1251 1252 941
4 1527 953 1252 940
4 1527 1252 953 941
4 3536 2745 2750 2738
4 1528 1252 953 939
4 1556 1555 1554 916
4 1528 1233 1252 938
4 1528 1252 939 938
4 1530 1529 1263 1190
4 1530 1268 956 955
4 3527 1588 1532 1528
4 1531 1263 956 948
4 1531 955 1263 947
4 1531 1263 948 947
4 1531 956 1268 955
4 1531 1268 1263 955
4 1531 1263 1268 956
4 1532 1252 1232 1231
4 3445 1550 1479 1477
4 1532 1252 1176 1172
4 1532 1528 1252 1172
4 1532 1252 1233 1232
4 1532 1252 1528 1233
4 1540 1539 1268 1263
4 3536 2720 2721 1698
4 1588 1251 1252 936
4 1533 1262 1268 1258
4 1534 1193 1268 1189
4 1535 1268 1529 1189
4 1534 1268 1193 1192
4 1534 1533 1268 1192
4 1535 1530 1268 956
4 3434 1234 1237 1230
4 1537 1536 1268 1263
4 1592 1264 1537 1263
4 3536 3453 2657 2656
4 1540 1263 945 944
4 1542 1263 1536 874
4 1540 1268 1539 952
4 1540 1539 1263 944
4 1537 1228 1234 872
4 1592 1530 1535 956
4 1537 1263 1264 872
4 1537 1536 1263 872
4 1537 1264 1228 872
4 1632 1627 1624 1483
4 1624 1622 1514 1483
4 1676 1654 1661 1653
4 1539 1268 1263 952
4 1592 1268 1537 1267
4 1539 952 1263 943
4 1539 1263 944 943
4 1540 956 1268 952
4 1542 1535 1533 1268
4 1542 1541 1540 1268
4 1542 1268 1536 1263
4 1592 1542 1533 1262
4 1542 1541 1268 1263
4 1541 951 1263 874
4 1542 1541 1263 874
4 1541 1540 1268 1263
4 3539 1252 1251 1166
4 3434 1268 1267 1266
4 1593 1592 1589 927
4 1542 1537 1268 1262
4 1542 1537 1536 1268
4 1542 1535 1268 956
4 1542 1268 1540 956
4 3862 796 3696 424
4 3889 3849 3809 3775
4 3644 1475 3549 1474
4 3765 3529 3441 3439
4 3659 763 3627 762
4 3448 3442 3441 3440
4 4036 3919 3971 3800
4 3608 1490 1495 906
4 3448 3441 3447 3440
4 4266 4265 819 818
4 3577 3484 3496 3483
4 3754 3529 3436 3435
4 3616 3439 3521 3438
4 3855 3836 3823 3758
4 4156 4061 1573 1368
4 3543 2395 2233 526
4 1578 1569 846 530
4 4144 4097 4058 3915
4 3607 3469 3521 3466
4 3772 3751 3687 3628
4 3521 3447 3449 3446
4 3464 1524 1435 1432
4 1573 1152 1102 1096
4 3625 3616 3521 3442
4 3709 3468 1518 907
4 3780 1523 3528 1522
4 3677 3607 3672 3583
4 3717 3705 905 904
4 3620 2179 3558 2178
4 3469 3449 3442 3439
4 4266 4265 818 817
4 4268 4266 845 844
4 3607 3594 3532 3521
4 3765 3447 3448 3441
4 3908 3841 3803 3795
4 1588 1169 1454 1112
4 1560 1499 920 919
4 3434 1264 1234 1228
4 1588 953 940 939
4 1554 916 915 914
4 1588 1227 1250 936
4 1581 936 1570 910
4 1591 1565 1561 1506
4 1564 1562 1480 924
4 1581 1570 1499 910
4 3445 1567 3444 1566
4 3445 1550 3444 1479
4 1557 918 916 914
4 1560 1499 914 910
4 3536 2730 2729 2728
4 3754 3529 3440 3436
4 3711 3672 3528 3449
4 3857 3801 3812 3783
4 4272 4258 1367 1366
4 3804 1804 3543 1803
4 3447 3441 3446 3440
4 1553 1545 1473 1365
4 1553 1545 1552 1473
4 3544 3532 3448 3436
4 3765 3449 3441 3440
4 1580 1576 1560 922
4 3434 1237 1234 903
4 1581 1560 1499 922
4 3536 2725 2726 1698
4 1576 1500 922 921
4 3445 1589 1590 1577
4 1557 1554 1550 914
4 1591 1590 1589 1501
4 3445 1581 1580 1560
4 1555 917 1498 916
4 1588 1582 1476 936
4 1588 1528 953 939
4 1566 929 1503 923
4 3445 1555 3444 1554
4 1588 1250 1251 936
4 3536 2721 2722 1698
4 1588 1582 936 926
4 1592 1540 1539 952
4 1568 1567 1566 923
4 3947 3909 3847 3664
4 4269 4265 4251 4248
4 1582 1571 1570 936
4 3539 1255 1254 1166
4 3922 3780 1376 1373
4 1560 919 1558 918
4 1588 938 937 936
4 3463 1592 1531 955
4 1588 1586 1582 926
4 3445 3444 1591 1561
4 3539 1227 1226 1165
4 1588 938 939 926
4 1592 1537 1589 950
4 3465 1588 1527 926
4 1581 1499 1560 910
4 1582 1571 936 926
4 3445 1590 3444 1577
4 3445 3444 1564 1480
4 3445 3444 1568 1562
4 1564 1480 1504 924
4 3682 3536 3088 3087
4 3536 2736 2738 2732
4 3580 1572 520 405
4 1564 1504 925 924
4 1564 925 1563 924
4 1565 1507 1561 1506
4 1591 1501 1589 923
4 1592 1540 1541 950
4 1589 1480 1501 1423
4 3445 1595 1589 1580
4 1592 1542 1536 950
4 3434 899 1043 876
4 3445 1560 1558 1557
4 1589 1501 928 927
4 1592 1539 1540 950
4 1589 950 1501 927
4 3445 1582 1595 1581
4 1592 1530 956 955
4 1588 940 1527 926
4 1588 937 938 926
4 1581 1476 936 910
4 1588 1528 1229 954
4 3984 3903 3488 3487
4 3591 3545 2983 2640
4 3696 421 778 419
4 3549 1573 1102 1096
4 3688 3653 3619 1492
4 1579 1578 845 530
4 1579 1473 1578 530
4 3569 1140 3528 1136
4 1575 1547 1543 1473
4 1579 1575 1574 1473
4 1578 1473 1569 530
4 1578 846 845 530
4 1575 1543 1544 1473
4 3947 3729 3909 3633
4 1575 1544 1545 1473
4 1575 1545 1574 1473
4 4091 4085 4011 4001
4 1592 1542 1535 1533
4 1576 1500 1499 922
4 1576 1499 1560 922
4 3445 1568 3444 1567
4 3536 2728 2729 1698
4 1592 1542 1540 956
4 1589 1501 1537 1423
4 1580 1577 1576 921
4 1592 1535 1542 956
4 1591 1506 1501 923
4 3434 1592 1264 1228
4 1582 1570 1581 936
4 3527 1588 1232 1231
4 3536 2655 3453 2653
4 1579 1575 1473 530
4 1579 1574 1578 1473
4 3985 3918 3984 3903
4 3715 850 843 778
4 3661 2309 3565 2300
4 1579 845 844 530
4 1579 844 1575 530
4 3757 3717 3705 905
4 3608 908 905 904
4 3846 3705 3757 3689
4 3609 3570 3577 840
4 3448 3440 3447 3436
4 3678 3006 3267 2838
4 3445 1594 1595 1582
4 3539 1250 1227 1165
4 1582 1581 1476 936
4 3539 1223 1224 936
4 3445 1564 1563 1562
4 1588 953 1527 940
4 4259 4250 4255 4245
4 4272 4267 4261 4256
4 4262 4259 4258 4241
4 3539 1227 1588 936
4 4260 4246 4244 4231
4 1588 1527 953 941
4 1589 1537 1501 950
4 1589 1480 1568 923
4 3445 1580 1589 1577
4 3567 1592 3463 1529
4 1585 1260 1252 936
4 1588 1253 1260 936
4 1585 1252 938 936
4 1585 1252 1233 938
4 3445 1454 1450 1440
4 1592 950 1589 927
4 1586 1571 1582 926
4 1586 1583 1571 926
4 3539 1588 1476 936
4 4262 4253 4256 4250
4 3539 936 1476 910
4 3539 1165 900 897
4 1588 953 942 941
4 1592 1537 1264 1228
4 1591 1502 1590 1501
4 3445 1591 3444 1590
4 3445 1568 1567 1566
4 3445 2718 3434 2717
4 1591 1503 1506 923
4 1591 1566 1503 923
4 3434 1237 903 902
4 1592 1589 1537 1478
4 3445 3434 2718 2713
4 1594 1589 928 927
4 1594 1593 1589 927
4 1676 1643 1621 977
4 1610 1483 1609 1424
4 1611 1012 1610 980
4 1599 1511 1510 957
4 1599 959 958 957
4 1599 958 1511 957
4 1600 1510 1596 957
4 1600 1596 966 957
4 1600 1599 1510 957
4 1600 966 959 957
4 1600 959 1599 957
4 1601 1596 967 966
4 1601 1600 1596 966
4 1607 1602 1603 1483
4 1607 1603 1605 1483
4 1607 971 1602 970
4 1607 1603 1602 971
4 1607 972 1603 971
4 1607 1605 1603 964
4 1607 972 973 964
4 1607 1603 972 964
4 1608 1607 1602 970
4 1608 1602 1483 1424
4 1608 1483 1607 1424
4 1608 1602 1607 1483
4 1619 1617 1616 975
4 1616 1615 1614 1024
4 1619 1618 1617 974
4 1616 1024 1614 1015
4 1616 1015 1611 975
4 1616 1614 1611 1015
4 1616 1033 1025 1024
4 3589 1276 1270 1045
4 1616 1033 1024 1015
4 1614 1024 1023 1017
4 1614 1024 1017 1015
4 1616 1025 1615 1024
4 1614 1612 1611 1015
4 1614 1613 1612 1017
4 1614 1017 1612 1015
4 1614 1023 1613 1017
4 1619 1617 975 974
4 1677 1676 1489 1488
4 1617 1035 975 974
4 1617 1035 1033 975
4 1617 1033 1616 975
4 1686 1685 1270 1269
4 1676 1652 1486 1483
4 1676 1611 980 975
4 1676 1611 1610 980
4 1699 1696 1270 1247
4 1652 1643 1486 1483
4 1676 1619 1611 975
4 3443 1660 1659 1485
4 1676 980 979 978
4 1647 1645 1646 996
4 1621 1620 1619 975
4 1621 977 976 975
4 1621 976 1620 975
4 1624 1622 988 985
4 1637 1635 1028 1021
4 1622 1514 1538 985
4 1622 987 988 985
4 1622 1538 987 985
4 3589 1514 1515 1483
4 3589 1623 1624 1483
4 3589 1054 1047 1045
4 1632 1629 1627 1483
4 3666 3114 3113 3032
4 1624 989 990 988
4 3589 1054 1048 1047
4 3589 2679 1698 1276
4 3589 1240 1684 1239
4 1632 1000 1001 995
4 3589 1265 1242 1241
4 1633 1632 1001 985
4 1633 1001 1002 985
4 3074 3032 3634 3003
4 3589 1049 3541 1048
4 3589 1265 1698 1242
4 3589 1265 1241 1240
4 1632 1631 1000 995
4 1680 1007 1009 1006
4 1626 1624 1625 990
4 1626 991 992 990
4 1626 1625 991 990
4 3589 1629 1698 1483
4 1633 1514 1632 985
4 1632 1629 995 993
4 1627 1624 1626 990
4 1627 992 993 990
4 1627 1626 992 990
4 3074 3003 3634 3002
4 1632 1627 1629 993
4 1678 982 981 980
4 1632 1624 1627 990
4 1629 1627 1628 993
4 1629 994 995 993
4 1629 1628 994 993
4 1637 1028 1034 1021
4 1632 1629 1631 995
4 3432 1698 1699 1696
4 1632 993 1001 990
4 1632 1627 993 990
4 1631 1629 1630 995
4 1631 999 1000 995
4 1631 1630 999 995
4 1634 1002 1013 985
4 1634 1633 1002 985
4 3589 1509 1512 1483
4 1678 1667 1674 1666
4 1647 1637 1645 997
4 1678 1665 1672 1664
4 1685 1269 1051 1050
4 1637 1636 1635 1483
4 1637 1636 1029 1028
4 1637 1021 1034 997
4 1635 1026 1028 1021
4 3464 1524 1416 1399
4 1635 1027 1028 1026
4 1647 1639 1637 997
4 1680 1514 1634 985
4 1680 985 1009 957
4 1637 1029 1034 1028
4 1637 1635 1636 1028
4 1658 1656 1657 1485
4 1652 1643 1489 1488
4 1699 1694 1698 1693
4 1647 997 1645 996
4 3589 1624 1625 1483
4 1676 1652 1489 1488
4 1676 1610 1611 1483
4 1640 1639 1635 1483
4 1641 1640 1635 1483
4 1638 1013 1014 1009
4 1638 1634 1013 1009
4 1639 1021 1637 997
4 1678 1666 1673 1665
4 1647 1637 1639 1483
4 1639 1009 1021 997
4 1639 1014 1021 1009
4 1639 1638 1014 1009
4 1640 1026 1635 1021
4 1640 1635 1639 1021
4 1641 1027 1635 1026
4 1641 1635 1640 1026
4 1642 998 1006 997
4 3432 1701 1700 1698
4 1647 1646 1645 1483
4 1699 1693 1698 1686
4 3432 1698 1063 1061
4 1698 1269 1684 1265
4 1677 1676 1486 1483
4 1676 979 1652 978
4 1683 1678 1682 982
4 1685 1684 1269 1050
4 1680 1004 1009 1003
4 1680 1009 1004 980
4 1680 1676 1510 957
4 1680 1634 1638 1009
4 1676 1652 1488 1486
4 1678 981 1677 980
4 1645 997 1036 996
4 1645 1034 1036 997
4 1645 1637 1034 997
4 1680 1510 1514 957
4 1648 1647 1642 1483
4 1680 1514 1510 1483
4 1683 1673 1674 1483
4 1698 1684 1633 1632
4 1680 1008 1009 1007
4 1680 1009 980 957
4 1680 1634 1009 985
4 1680 980 1676 957
4 1680 1644 1007 1006
4 3589 1684 1698 1630
4 1698 1690 1689 1061
4 1648 998 1642 997
4 1648 1642 1647 997
4 1702 1698 1276 1275
4 1678 1676 1677 1483
4 1676 1660 1659 1032
4 3589 1054 3462 1049
4 1686 1685 1684 1270
4 1678 1672 1671 1664
4 1683 1668 1675 1667
4 1676 1643 1652 1483
4 3432 1698 1694 1693
4 1683 1675 1674 1667
4 1674 1673 1485 1483
4 3589 2721 2722 1022
4 1693 1270 1692 1063
4 1676 1652 1643 978
4 1676 1610 1609 980
4 1676 980 1609 957
4 1676 1510 1609 1483
4 1655 1652 1643 1489
4 1655 1652 1649 1643
4 1655 1489 1643 1428
4 1655 1643 1649 1428
4 1657 1651 1652 1030
4 3443 1658 1657 1485
4 1656 1652 1650 1649
4 1656 1655 1652 1649
4 3443 1659 1658 1485
4 1684 1265 1269 1050
4 1676 1653 1660 1032
4 3443 1661 1485 1484
4 1657 1652 1651 1650
4 1657 1656 1652 1650
4 1698 1697 1682 1681
4 1672 1670 1671 1485
4 1676 1611 1619 1483
4 1698 1273 1684 1270
4 1672 1669 1670 1485
4 1698 1686 1685 1684
4 2219 2210 2211 2209
4 1698 1696 1695 1694
4 1702 1272 1271 1270
4 1676 1656 1655 1652
4 1698 1684 1645 1637
4 1677 1676 1660 1659
4 1678 1677 1670 1669
4 1680 1644 1679 1007
4 1678 1677 1486 1483
4 1677 1676 1488 1486
4 1698 1270 1684 1269
4 1680 1644 1642 1483
4 1676 1609 1510 957
4 1676 1619 1621 1483
4 3589 1239 1238 1054
4 3589 1625 1626 1483
4 3432 1691 1698 1061
4 1698 1693 1687 1686
4 1676 1621 1643 1483
4 1680 1638 1634 1483
4 1698 1680 1681 1483
4 1698 1685 1679 1644
4 1698 1684 1685 1642
4 1698 1693 1063 1061
4 1684 1240 1241 1050
4 1698 1684 1636 1635
4 1691 1269 1061 1059
4 1698 1646 1647 1483
4 1698 1629 1630 1483
4 1698 1689 1697 1688
4 1698 1647 1648 1483
4 3589 1269 1698 1265
4 1698 1691 1690 1061
4 1698 1688 1697 1687
4 1698 1631 1632 1483
4 1684 1242 1265 1050
4 1698 1637 1645 1483
4 1698 1645 1646 1483
4 1698 1636 1637 1483
4 1698 1630 1631 1483
4 3589 1622 1623 1483
4 1698 1686 1697 1680
4 1698 1632 1633 1483
4 1698 1679 1680 1483
4 1698 1635 1636 1483
4 1698 1684 1647 1646
4 1698 1633 1634 1483
4 1698 1684 1639 1638
4 1698 1634 1638 1483
4 1676 1661 1660 1653
4 1677 1664 1671 1663
4 1676 1657 1656 1652
4 1676 1658 1657 1652
4 1676 1658 1652 1030
4 1676 1659 1658 1030
4 1676 1032 1659 1030
4 1678 1671 1677 1664
4 1677 1676 1655 1489
4 1677 1676 1656 1655
4 1683 1489 1669 1483
4 1677 1676 1659 1658
4 1678 1677 1488 1486
4 1677 1676 1661 1660
4 1677 1662 1669 1654
4 1677 1663 1670 1662
4 1677 1671 1670 1663
4 1678 1677 1489 1488
4 1677 1676 1657 1656
4 1677 1676 1658 1657
4 1677 1669 1661 1654
4 1677 1661 1676 1654
4 1683 1672 1673 1669
4 1683 1678 1673 1672
4 1678 1677 1660 1659
4 1683 1486 1489 1483
4 1678 1677 1671 1670
4 1683 1678 1486 1483
4 1678 1677 1655 1489
4 1678 1677 1656 1655
4 1683 1659 1669 1489
4 1678 1677 1659 1658
4 1683 1670 1672 1669
4 1678 1677 1661 1660
4 1678 1677 1669 1661
4 1683 1678 1670 1669
4 1678 1677 1657 1656
4 1678 1677 1658 1657
4 1683 1004 1005 982
4 1680 1510 1676 1483
4 1682 1676 1678 1483
4 1680 1642 1647 1483
4 1680 1642 1644 1006
4 1680 1647 1642 997
4 1680 1638 1639 1009
4 1680 1006 1009 997
4 1680 1642 1006 997
4 1680 1009 1639 997
4 1680 1639 1647 997
4 1683 1682 1004 982
4 3589 1276 1275 1274
4 1698 1683 1674 1483
4 1683 1674 1678 1667
4 1682 1680 1676 1483
4 1682 1004 982 980
4 1682 982 1678 980
4 1682 1680 1004 980
4 1682 1004 1680 1003
4 1682 1680 1681 1003
4 1682 1678 1676 980
4 1682 1676 1680 980
4 1683 1488 1489 1486
4 1683 1678 1488 1486
4 1683 1678 1489 1488
4 1683 1656 1659 1489
4 1683 1660 1669 1659
4 1683 1678 1660 1659
4 1683 1671 1672 1670
4 1683 1678 1671 1670
4 1683 1678 1672 1671
4 1683 1655 1656 1489
4 1683 1678 1655 1489
4 1683 1678 1656 1655
4 1683 1658 1659 1656
4 1683 1678 1659 1658
4 1683 1661 1669 1660
4 1683 1678 1661 1660
4 1683 1678 1669 1661
4 1683 1657 1658 1656
4 1683 1678 1657 1656
4 1683 1678 1658 1657
4 1686 1269 1052 1051
4 1686 1685 1269 1051
4 1687 1686 1270 1269
4 1687 1269 1055 1052
4 1687 1686 1269 1052
4 1688 1270 1687 1061
4 1688 1687 1270 1269
4 1688 1269 1056 1055
4 1688 1687 1269 1055
4 1698 1642 1644 1483
4 3432 1698 1693 1692
4 1689 1270 1688 1061
4 1689 1688 1270 1269
4 1689 1269 1057 1056
4 1689 1688 1269 1056
4 1690 1269 1058 1057
4 1690 1689 1269 1057
4 1698 1684 1648 1647
4 1690 1270 1689 1061
4 1690 1689 1270 1269
4 1691 1269 1059 1058
4 1691 1690 1269 1058
4 1691 1269 1270 1061
4 1691 1270 1690 1061
4 1691 1690 1270 1269
4 1693 1687 1686 1270
4 1693 1687 1270 1061
4 1692 1063 1269 1062
4 1692 1269 1243 1062
4 1698 1683 1675 1674
4 1693 1269 1244 1243
4 1693 1692 1269 1243
4 1693 1269 1270 1244
4 1693 1692 1270 1269
4 3589 2723 2679 1276
4 3589 1511 1510 1483
4 1694 1270 1245 1244
4 1694 1693 1270 1244
4 3432 1698 1696 1695
4 1695 1270 1246 1245
4 1695 1694 1270 1245
4 1696 1695 1270 1246
4 1700 1699 1698 1686
4 1696 1695 1694 1270
4 3589 1275 1698 1274
4 3536 3142 3175 2745
4 1698 1674 1485 1483
4 1698 1641 1635 1483
4 1698 1684 1641 1640
4 1698 1638 1639 1483
4 1698 1684 1640 1639
4 1698 1640 1641 1483
4 1698 1639 1640 1483
4 1699 1693 1686 1270
4 1699 1694 1693 1270
4 1699 1696 1694 1270
4 1700 1270 1249 1248
4 1700 1699 1270 1248
4 1700 1686 1684 1270
4 1700 1699 1686 1270
4 1702 1684 1698 1273
4 1702 1271 1701 1270
4 1701 1270 1271 1249
4 1701 1700 1270 1249
4 1702 1684 1273 1270
4 1702 1700 1698 1684
4 1702 1700 1701 1698
4 1702 1700 1684 1270
4 1702 1701 1700 1270
4 3491 2142 1762 294
4 3510 1790 3507 1789
4 1786 1731 1732 1729
4 1791 1733 1737 1732
4 3491 771 772 505
4 2363 2359 2360 1997
4 3510 1788 3507 1787
4 3507 1759 1784 727
4 3498 816 3497 810
4 3138 3134 3649 3097
4 3543 1900 3506 1898
4 3648 3626 1801 1800
4 3497 524 525 497
4 4051 3888 3949 3884
4 3519 1776 1777 296
4 3507 727 2181 667
4 2143 1741 1742 1740
4 3507 1792 2190 1791
4 1783 1730 1729 1706
4 1765 727 1758 294
4 3543 3507 1789 1788
4 1759 1707 1705 1704
4 3507 1761 1760 727
4 3477 3423 2444 2364
4 1793 1738 1739 1737
4 1906 1904 1905 1851
4 1916 1799 1744 1739
4 2016 1961 1955 1942
4 1791 1787 1790 1733
4 3497 513 506 461
4 1790 1735 1736 1734
4 1791 1786 1732 1729
4 3497 801 799 461
4 1916 1799 1739 1737
4 2366 2093 2092 2091
4 3497 806 803 801
4 1881 1833 367 336
4 1862 1728 1781 1727
4 2364 2007 2008 2005
4 1791 1782 1729 1705
4 1784 1783 1782 1706
4 1761 1760 1756 1703
4 2227 528 2219 527
4 3628 520 521 512
4 1806 1801 1805 1748
4 1771 1716 1769 1705
4 3510 1785 3507 1782
4 1866 1812 1865 1810
4 2366 2358 2365 2096
4 3530 2307 2255 2234
4 2414 2314 2175 2174
4 1906 1852 1853 1851
4 3543 1790 1791 1787
4 1771 1769 1758 1705
4 3519 1774 1775 78
4 1906 1904 1851 1849
4 3549 2612 2613 1463
4 1783 1729 1782 1706
4 2349 2342 2343 2308
4 2183 2181 2182 2146
4 1782 1706 1729 1705
4 1906 1905 1904 520
4 1799 1798 1746 1744
4 3497 514 513 461
4 3819 3804 3648 1801
4 1866 1813 1812 1810
4 3543 523 3497 522
4 3742 3053 3169 2949
4 1799 1791 1793 1737
4 3519 1776 1775 829
4 3497 825 824 807
4 3497 833 521 512
4 1866 1813 1810 1718
4 3543 525 2190 510
4 3477 3424 2340 2339
4 1873 1872 1819 1818
4 2143 1794 2141 1740
4 1780 1727 1726 1724
4 3491 1772 1769 76
4 1911 1907 1906 520
4 1898 1845 1837 1813
4 1790 1734 1736 1733
4 3549 3293 1473 1472
4 1781 296 1780 255
4 3538 3426 2173 2172
4 1878 1877 1823 1822
4 1791 1790 1736 1733
4 1873 1819 1820 1818
4 1806 1752 1753 1748
4 3491 1769 1772 505
4 2414 2347 2321 2320
4 1863 1722 1775 1718
4 1798 1797 1745 1744
4 2146 2145 1968 1795
4 1800 1799 1747 1737
4 1772 76 1764 75
4 3772 3769 1905 1904
4 1798 1745 1746 1744
4 3508 1871 3503 1870
4 3497 479 494 478
4 3575 3302 2992 2883
4 2366 2127 2110 2106
4 3536 1698 3165 1485
4 1799 1795 1798 1744
4 2189 2188 2147 2146
4 1799 1795 1744 1739
4 3507 1761 727 294
4 3510 1786 3507 1785
4 1765 294 1758 241
4 1769 1766 1758 1705
4 1771 1770 1769 1716
4 1774 78 1773 77
4 3491 1770 1769 505
4 1791 1787 1733 1732
4 1766 1763 1762 1710
4 1786 1782 1785 1729
4 1777 296 1776 255
4 3628 1870 1871 520
4 3497 506 825 461
4 1762 294 241 75
4 1862 1781 1780 1727
4 1768 727 1767 294
4 2142 1768 1767 1709
4 1776 78 1775 77
4 1778 829 1777 296
4 1766 1765 1758 1705
4 1758 294 1756 241
4 1760 1708 1704 1703
4 1760 1704 1756 1703
4 1760 1759 1756 1704
4 1760 1708 1707 1704
4 1760 1707 1759 1704
4 1761 1756 294 241
4 3507 1793 2190 1792
4 1761 1756 727 294
4 3510 1761 3507 241
4 1767 294 1766 241
4 2142 1762 294 241
4 1766 1710 1762 1709
4 1873 1818 1820 1817
4 1769 1763 1766 1711
4 3519 1776 296 78
4 1769 1713 1716 1711
4 1772 1769 76 75
4 1764 1719 1757 1711
4 1772 727 1764 505
4 1768 294 1767 241
4 1766 294 1765 241
4 1766 727 1765 294
4 3628 519 520 518
4 1766 1713 1712 1705
4 1766 1712 1765 1705
4 1772 1769 727 505
4 1769 1716 1713 1705
4 1766 1713 1711 1710
4 1766 1711 1763 1710
4 2142 727 1768 294
4 2142 294 1768 241
4 1767 1714 1713 1709
4 1767 1713 1766 1709
4 1768 1715 1714 1709
4 1768 1714 1767 1709
4 1779 296 1778 255
4 1777 1724 1723 1722
4 1771 1717 1770 1716
4 1799 1793 1739 1737
4 1771 1718 1716 1705
4 1772 1769 1716 1711
4 1772 1719 1764 1711
4 1772 1764 1763 1711
4 1772 1763 1769 1711
4 3543 1780 1781 296
4 3543 1766 1767 727
4 1776 296 78 77
4 1777 1723 1776 1722
4 1775 1773 1771 1718
4 1775 1722 1721 1720
4 3497 828 835 827
4 1775 1721 1774 1720
4 1775 1774 1773 1720
4 1775 1722 1720 1718
4 1775 1720 1773 1718
4 3497 515 834 511
4 1875 1821 1822 1820
4 3497 835 834 830
4 1780 1724 1777 1722
4 1780 296 1779 255
4 3497 799 798 461
4 1793 1792 1738 1737
4 3628 3503 1873 1872
4 1779 1725 1778 1724
4 1779 1726 1725 1724
4 1800 1791 1799 1737
4 1779 1778 1777 1724
4 3543 1762 1763 727
4 1780 1777 1775 1722
4 3477 2301 3423 2300
4 3628 1864 1869 520
4 3543 1756 1758 727
4 1786 1785 1731 1729
4 2213 2191 2193 2185
4 3543 527 2395 526
4 1784 1759 1706 1705
4 1784 1706 1782 1705
4 1784 1782 1758 1705
4 2190 2187 2188 2183
4 3423 2349 2308 2306
4 1790 1787 1788 1733
4 1791 1782 1786 1729
4 2143 1740 1742 1739
4 2143 1793 1794 1739
4 1873 1872 1871 520
4 1916 1799 1746 1744
4 2172 2166 2171 1924
4 1913 1833 1881 323
4 1901 1896 1879 520
4 3580 1908 1909 520
4 3543 1784 1783 1782
4 1808 1803 1804 1750
4 1888 1839 1840 1835
4 3309 3211 2922 2907
4 3536 2746 3165 2694
4 1913 1901 1902 1848
4 1870 1869 1864 520
4 3497 827 826 825
4 3428 2204 2205 2190
4 1904 1903 1850 1849
4 1913 1906 1853 1849
4 1808 1802 1803 1749
4 3497 833 834 828
4 2522 2513 2514 2501
4 1806 1800 1801 1747
4 3497 826 836 825
4 3601 2364 3423 2300
4 2229 2213 2190 527
4 1806 1805 1752 1748
4 1808 1754 1755 1753
4 3508 1877 3503 1875
4 1893 1839 1835 1747
4 1806 1748 1753 1747
4 1806 1801 1748 1747
4 3507 727 667 294
4 3683 3576 2349 2272
4 2420 2367 2316 2314
4 2201 2200 2147 2146
4 1808 1750 1755 1749
4 1808 1803 1750 1749
4 2415 2409 2413 528
4 1808 1807 1754 1753
4 1808 1751 1755 1750
4 1808 1804 1751 1750
4 1808 1804 1806 1751
4 1808 1806 1807 1753
4 3543 1776 1777 829
4 2366 2008 2364 2007
4 2162 2161 1986 1918
4 1808 1753 1755 1751
4 1808 1806 1753 1751
4 3610 3575 3559 3303
4 1886 1885 1884 520
4 1863 1862 1780 1727
4 1863 1810 1727 1722
4 1863 1809 1862 1727
4 1863 1727 1780 1722
4 1863 1775 1771 1718
4 3543 1892 1893 1804
4 3580 1572 521 520
4 1862 1809 1728 1727
4 1866 1863 1771 1718
4 1863 1810 1809 1727
4 3543 525 3497 524
4 1889 1813 1866 1705
4 2366 2117 2118 2114
4 3648 2395 2414 2236
4 1863 1780 1775 1722
4 3543 3506 1889 1888
4 1863 296 1862 255
4 1868 1815 1811 347
4 3638 3611 3501 2250
4 1870 1811 1817 344
4 1900 1898 1899 1845
4 1870 1816 1817 1811
4 1913 1848 1860 1820
4 2229 2217 2213 527
4 3580 407 1572 405
4 1862 296 1781 255
4 1868 401 307 256
4 3509 1897 3506 1890
4 1881 368 409 367
4 3580 530 522 521
4 1913 1873 1820 344
4 1900 1846 1847 1845
4 3644 2991 3451 2988
4 1873 1870 1871 1817
4 3628 1868 3503 1864
4 1906 1904 1902 520
4 3678 2844 3294 2839
4 2988 2573 2987 2560
4 2645 2591 2592 2590
4 3940 3884 3895 3865
4 3543 1807 1808 1806
4 3580 2247 1883 520
4 1887 1832 1881 1827
4 3543 3477 2414 527
4 2219 528 2216 527
4 1879 1875 1873 520
4 3871 3808 3788 3773
4 3774 3459 3549 3458
4 3461 2633 3458 2618
4 3858 2609 3549 1099
4 1913 1858 1860 1853
4 2617 2613 2614 2560
4 2613 1095 1101 1094
4 3461 2616 3458 2615
4 3502 2250 3501 1882
4 3461 2613 3458 2612
4 3858 3774 3549 3458
4 3502 1910 3501 1909
4 3549 2607 2610 1463
4 3628 527 3543 526
4 3580 527 525 523
4 1881 341 520 328
4 1881 408 520 341
4 3543 2143 2145 1793
4 3628 3497 833 521
4 1359 1357 1524 1356
4 3580 520 1883 410
4 2613 1101 1463 1100
4 3549 3458 2635 2634
4 3580 1572 3549 530
4 1889 1835 1813 1705
4 3628 520 512 490
4 1870 355 1864 344
4 1866 1813 1718 1705
4 1866 1810 1863 1718
4 3477 2349 3423 2306
4 3538 2226 2180 2179
4 1904 1903 1902 520
4 1893 1804 1892 1751
4 1893 1806 1804 1751
4 1893 1889 1800 1747
4 3549 3458 2617 2616
4 3628 523 3543 522
4 3477 2302 3423 2301
4 3901 2638 3549 2637
4 2306 2273 2302 1940
4 2259 2090 2252 2089
4 3804 1801 3543 1800
4 3543 1890 1897 1889
4 3543 1867 3506 1866
4 3628 521 833 512
4 3543 1779 1780 296
4 3543 1898 1894 1866
4 3628 3503 1878 1877
4 3509 1889 3506 1888
4 3509 1890 3506 1889
4 1873 1871 1872 1818
4 3509 3506 1893 1888
4 1901 1879 1841 1820
4 1896 1895 1842 1841
4 3580 3501 1909 1908
4 1911 1854 1858 1853
4 2017 1960 1964 1959
4 1873 1817 1820 344
4 3549 2635 2636 1463
4 1913 1910 1881 1827
4 3543 1863 1780 1775
4 1881 1833 368 367
4 1879 1875 1878 1822
4 1878 1875 1877 1822
4 3543 2414 2395 527
4 1879 1878 1825 1822
4 3575 3302 3303 3299
4 3543 1779 1778 1777
4 2325 2315 2318 2306
4 1868 1811 1864 347
4 1906 1905 1852 1851
4 1878 1823 1825 1822
4 3819 1891 3804 1804
4 1904 1902 1903 1849
4 2366 2001 2364 2000
4 3628 3580 524 523
4 3549 3458 2614 2613
4 3628 481 512 355
4 1906 1851 1853 1849
4 3574 3506 3543 3505
4 3558 2314 3426 2179
4 1911 1906 1907 1853
4 1879 1822 1841 1820
4 1881 408 341 336
4 2172 2167 2166 1921
4 1878 1877 1875 520
4 3628 3503 1895 1879
4 1879 1873 1875 1820
4 3580 1909 1910 520
4 3543 1889 1893 1888
4 3658 2485 3588 2461
4 3628 518 520 490
4 1894 1867 1866 1813
4 1881 409 520 408
4 2441 2439 2388 2387
4 2366 2364 2010 2006
4 1881 1833 336 323
4 1901 1841 1848 1820
4 1875 1874 1821 1820
4 1913 1911 1858 1853
4 3543 1806 1808 1804
4 2359 2273 2283 1989
4 2441 2436 2385 2382
4 3648 2206 1984 1800
4 2080 2027 2022 2021
4 1875 1874 1873 520
4 1904 1850 1851 1849
4 3648 2226 3626 1985
4 3580 530 527 522
4 1893 1888 1889 1835
4 3543 2190 1797 1795
4 3543 1800 1889 1791
4 1873 1871 1870 520
4 2093 2019 1966 1961
4 3543 526 2190 525
4 3751 2085 3723 2084
4 1913 1902 1901 520
4 3543 524 3497 523
4 3549 1470 1471 1466
4 1901 1879 1896 1841
4 1879 1825 1841 1822
4 1901 1879 1873 520
4 1873 520 1870 355
4 2156 2150 2155 1973
4 3628 1879 1895 520
4 1913 1906 1911 1853
4 1913 1820 1860 344
4 1913 1853 1860 1849
4 1914 1910 1908 520
4 1993 1962 1992 1961
4 1911 1907 1854 1853
4 3751 3580 2522 2446
4 1901 1873 1879 1820
4 1863 1810 1722 1718
4 3549 2640 2983 1463
4 1879 1875 1822 1820
4 1864 401 347 344
4 1864 347 1811 344
4 1866 1718 1771 1705
4 1893 1892 1838 1751
4 3933 3930 3925 3864
4 3509 3506 1900 1898
4 1866 1771 1758 1705
4 3508 1873 3503 1872
4 3594 3470 3521 3469
4 3549 2643 2644 1463
4 3617 2950 2762 2751
4 3543 2190 1793 1792
4 3549 1474 1475 1473
4 3543 2190 1792 1791
4 3580 1884 1885 520
4 3872 3859 3772 3751
4 3804 3543 2233 1800
4 1868 1864 520 401
4 3628 355 833 354
4 1870 1864 1811 344
4 3575 2883 2992 2881
4 1875 1873 1874 1820
4 1896 1879 1895 1841
4 2249 1876 370 368
4 3644 1487 1462 1455
4 1881 367 408 336
4 3519 1770 78 76
4 3508 1874 3503 1873
4 1879 1878 1875 520
4 3751 2088 3723 2087
4 1901 1843 1848 1841
4 1899 1889 1897 1835
4 1882 1881 1833 1828
4 1882 1833 1834 1828
4 1883 410 520 409
4 2249 370 1883 368
4 1883 370 369 368
4 1883 369 410 368
4 1883 410 409 368
4 2249 2247 1883 370
4 1910 1908 1909 1855
4 3538 2235 2237 2234
4 1914 1857 1861 1855
4 1910 1909 1908 520
4 3549 2983 2984 1463
4 2522 2503 2515 2485
4 2429 2371 2397 2370
4 3502 1909 3501 1908
4 3678 3637 2838 2833
4 3549 3458 2633 2618
4 2987 1461 2986 1453
4 3549 3458 2616 2615
4 3549 1471 1474 1466
4 1887 1881 1884 1827
4 1886 1884 1885 1824
4 1887 1884 1886 1827
4 3580 3501 1910 1909
4 1886 1831 1827 1824
4 1886 1827 1884 1824
4 1887 1884 1881 520
4 1887 1886 1884 520
4 3580 3501 1887 1886
4 1887 1831 1832 1827
4 1887 1886 1831 1827
4 3580 3501 2250 1882
4 3581 3246 3252 3006
4 1889 1791 1800 1737
4 1893 1835 1889 1747
4 1893 1838 1839 1751
4 1889 1758 1791 1705
4 1889 1866 1758 1705
4 1889 1800 1747 1737
4 1889 1747 1835 1737
4 1889 1791 1737 1705
4 1889 1737 1835 1705
4 3898 3703 3804 3543
4 3819 3509 3506 1892
4 3497 836 830 825
4 3628 1895 1896 520
4 2414 2314 2307 2175
4 2429 2422 2397 528
4 2237 1930 2236 1924
4 3497 525 498 497
4 1893 1839 1888 1835
4 3497 827 835 826
4 1892 1804 1891 1751
4 1892 1796 1838 1751
4 1892 1891 1796 1751
4 1893 1800 1806 1747
4 1893 1753 1806 1751
4 1893 1839 1753 1751
4 1893 1806 1753 1747
4 1893 1753 1839 1747
4 1894 1837 1814 1813
4 1894 1814 1867 1813
4 2213 2191 2190 527
4 3477 2382 2348 2340
4 1899 1898 1866 1813
4 1897 1889 1890 1835
4 1897 1836 1844 1835
4 1897 1890 1836 1835
4 1898 1837 1894 1813
4 1899 1866 1889 1813
4 1899 1846 1845 1813
4 1899 1845 1898 1813
4 1899 1844 1846 1835
4 1899 1897 1844 1835
4 1899 1835 1846 1813
4 1899 1889 1835 1813
4 1900 1899 1846 1845
4 3530 2236 2307 2235
4 3508 1895 3503 1879
4 3575 2992 3309 2881
4 1901 1896 1843 1841
4 2219 2217 2218 2209
4 2146 2143 2141 1968
4 3507 2146 2190 1794
4 2206 1983 1984 1800
4 3508 1879 3503 1878
4 3769 3687 3723 3657
4 3580 1913 1914 520
4 2187 2131 2146 2130
4 3575 3309 2883 2881
4 3600 307 315 304
4 3543 1898 3506 1894
4 2395 2225 2344 2226
4 2339 2332 2333 2308
4 1913 1860 1857 1827
4 3637 3006 2837 2820
4 2236 1936 2161 1918
4 3673 3629 758 576
4 2400 2351 2381 2346
4 3628 1878 1879 520
4 1910 1884 1880 520
4 3543 2190 1799 1798
4 3543 1891 1892 1804
4 1916 1747 1799 1737
4 1910 1856 1857 1855
4 3859 3769 3772 3751
4 1913 1912 1911 520
4 2231 2222 2223 2221
4 1983 1800 1799 1747
4 1910 1880 1884 1826
4 3580 520 407 405
4 1914 1913 1910 520
4 3549 3458 2615 2614
4 1910 1884 1827 1826
4 1913 1860 1833 323
4 1910 1909 1856 1855
4 3543 1889 1899 1866
4 1910 1827 1857 1826
4 3644 1471 3536 1469
4 3543 1983 2233 1800
4 3751 3580 3679 2522
4 3543 1785 1786 1782
4 3751 2446 2366 2087
4 3819 1804 3804 1803
4 3543 1792 1793 1791
4 1913 1912 1859 1858
4 3543 1777 1776 1775
4 1910 1881 1884 520
4 3543 1983 1800 1799
4 3580 1910 3501 1880
4 1913 1859 1860 1858
4 1910 1884 1881 1827
4 3549 2639 2642 1463
4 3628 3580 526 525
4 3628 3580 528 527
4 3644 2645 3591 2640
4 3549 1467 1573 1463
4 3549 1463 1101 1100
4 1913 1857 1910 1827
4 3543 1862 1781 1780
4 2217 2214 2213 527
4 2364 2104 2103 2005
4 4081 3982 4019 3969
4 2172 1924 1926 1921
4 2420 2413 2414 2347
4 1914 1910 1913 1857
4 1376 1373 1524 1372
4 3267 2801 2860 2799
4 2176 1933 1988 1930
4 1914 1908 1910 1855
4 1913 1833 1860 1827
4 3644 2984 3549 2983
4 1913 1901 1873 520
4 1913 520 1873 355
4 3543 1863 3506 296
4 1913 1901 1848 1820
4 1913 355 1873 344
4 3543 1781 1862 296
4 1913 1873 1901 1820
4 3543 1863 1862 1780
4 3543 2141 2143 1794
4 1913 1881 1910 520
4 3543 1777 1778 829
4 1913 1911 1912 1858
4 1913 1849 1860 1848
4 1913 1902 1849 1848
4 1913 1902 1906 1849
4 1913 1906 1902 520
4 1913 1911 1906 520
4 1914 1860 1861 1857
4 3543 1866 3506 1865
4 1914 1913 1860 1857
4 3784 783 3766 778
4 1913 355 344 323
4 1913 344 1860 323
4 1913 328 355 323
4 1913 1881 328 323
4 1913 520 355 328
4 1913 1881 520 328
4 3580 1914 1908 520
4 3543 1862 1863 296
4 3543 1784 1782 1758
4 3543 1794 2143 1793
4 3543 1786 1791 1782
4 3543 1782 1791 1758
4 3543 1793 1799 1791
4 3543 1894 1867 1866
4 3543 2190 2141 1794
4 3543 1773 3497 1771
4 3543 1866 1771 1758
4 3543 1893 1889 1800
4 3543 1775 1773 1771
4 3549 2617 2618 1463
4 3543 1806 1893 1800
4 2366 2123 2127 2100
4 1993 1963 1962 1961
4 3628 3600 3504 3503
4 2229 2190 2213 2184
4 2019 2001 2006 1942
4 3543 3497 1775 829
4 2159 2157 2158 1979
4 3543 1889 1866 1758
4 2146 1968 1798 1797
4 3508 1875 3503 1874
4 2438 2426 2427 529
4 3543 3497 525 510
4 2235 2234 1934 1930
4 2237 1924 2166 1921
4 3497 825 806 461
4 3648 1985 3626 1984
4 3628 525 3543 524
4 2180 2175 1929 1928
4 2364 2020 2019 2005
4 2455 2286 2278 2276
4 3519 1773 1774 78
4 2006 1942 2001 1941
4 3648 2206 2226 1985
4 2196 2195 2147 2146
4 3601 2364 2300 2077
4 2216 2213 2214 527
4 2162 1986 1987 1918
4 3430 2148 2150 2147
4 2213 2190 2191 2184
4 2188 2183 2187 2146
4 2237 2236 2166 1924
4 3543 2142 1768 1767
4 2160 2150 1973 1968
4 2205 2197 2148 2144
4 3507 294 667 221
4 2013 2006 2012 1943
4 2183 2146 2182 2129
4 2160 2150 2159 1973
4 2182 2129 2146 2128
4 2146 2145 2143 1968
4 3497 497 498 478
4 2290 2267 2271 2266
4 2166 2164 2165 1919
4 2180 2178 1931 1921
4 2166 2163 2164 1918
4 3661 2309 2301 2256
4 3648 2233 2395 2226
4 2420 2367 2319 2317
4 3687 3657 2083 2080
4 3610 3559 3407 3304
4 3508 1878 3503 1877
4 3538 2178 2180 2167
4 3538 2173 3426 2167
4 3626 2226 2236 1936
4 2313 2306 2312 2304
4 3628 3503 1874 1873
4 2366 2078 2077 1993
4 2232 2216 2231 528
4 2365 2259 2252 2251
4 2082 2081 2080 2027
4 3607 3583 3544 3528
4 2609 2607 1463 1100
4 3538 2164 2166 2163
4 2617 2615 2616 2562
4 2082 2080 2016 1961
4 2233 1799 2190 1798
4 2012 2006 2011 1943
4 3584 2324 3477 2313
4 3898 3543 3804 3506
4 2006 1943 1942 1941
4 3872 3751 3628 3580
4 2366 2083 2364 2076
4 3772 1906 3628 1905
4 2364 2103 2102 2005
4 3751 2259 3723 2088
4 2180 1932 1933 1931
4 2986 1205 1259 1116
4 3723 3657 3687 2081
4 3543 829 1778 296
4 2213 2193 2186 2185
4 2366 2364 2018 2017
4 2146 1968 2141 1794
4 3538 3426 2226 2178
4 3538 2179 2180 2178
4 2444 2366 2084 2082
4 2217 2214 2207 2192
4 3543 1791 1889 1758
4 3538 2172 2173 2167
4 2078 2077 1993 1963
4 2366 2127 2111 2110
4 3497 498 525 478
4 2283 2273 2277 1989
4 2231 2216 2230 528
4 2441 2439 2438 529
4 3580 1572 530 521
4 2082 2029 2027 1961
4 2308 1948 2268 1947
4 2166 2164 1919 1918
4 2206 2190 2146 1797
4 3804 3543 3648 2233
4 2178 2167 2169 1921
4 3507 2181 2128 221
4 3628 833 3600 307
4 2414 2297 2292 2289
4 4271 1573 4263 1368
4 2190 2146 2145 2143
4 3427 2190 2205 2146
4 2232 2190 2231 2184
4 2414 2319 2320 2316
4 2230 528 2229 527
4 2339 2338 2332 2308
4 3751 2366 2088 2087
4 2316 2292 2294 2253
4 3538 2226 2176 2175
4 3687 3477 2364 2300
4 2180 2178 2179 1931
4 2403 529 2396 528
4 2190 2146 2141 1794
4 2231 2230 2229 527
4 2008 1954 1953 1942
4 2166 2165 1920 1919
4 2420 2316 2414 2314
4 2080 2027 2025 1963
4 2217 2215 2208 2207
4 2013 2012 1958 1943
4 2216 2193 2213 527
4 3477 2338 2339 2310
4 3427 2232 2224 2184
4 2166 1920 1924 1919
4 3516 678 220 219
4 2306 1947 2273 1940
4 2366 2118 2120 2114
4 3538 2172 2167 2166
4 3819 1892 3804 1891
4 2414 2395 2238 2234
4 3804 1806 3543 1805
4 3628 524 3543 523
4 3520 2282 3420 2258
4 3271 3270 3206 3011
4 3740 3430 2160 2146
4 3648 1984 3626 1800
4 2229 2216 2228 528
4 2217 2214 2215 2207
4 2316 2261 2292 2253
4 2307 2254 2255 2253
4 3464 1524 1325 1301
4 3538 2166 2236 2163
4 2219 2218 2210 2209
4 2366 2081 2364 2080
4 2237 2235 2236 1930
4 2219 2216 2218 527
4 3497 522 523 495
4 3426 2238 2395 2234
4 2172 1925 1926 1924
4 3592 3430 3572 2159
4 2093 1966 2040 1961
4 2163 2161 2162 1918
4 2080 2078 1993 1963
4 2236 2163 2166 1918
4 2013 1958 1959 1943
4 3426 2314 2414 2174
4 2273 2272 1951 1949
4 2080 2074 2078 2021
4 2418 2416 2415 529
4 2080 2025 2027 2021
4 2080 2027 1963 1961
4 2019 2013 1959 1943
4 2080 2076 2075 2022
4 2446 2445 2444 530
4 2522 2521 2493 2485
4 2080 1963 1993 1961
4 2414 2294 2297 2293
4 2366 2127 2122 2121
4 2019 2016 2001 1942
4 3628 488 490 487
4 3543 1771 3497 1770
4 2643 2589 2590 2586
4 2414 2238 2307 2234
4 2338 2337 2331 2306
4 2006 2001 2000 1941
4 3648 2236 3626 2226
4 2359 2356 1996 1994
4 3497 828 827 506
4 2011 2006 2010 1943
4 2016 1955 2009 1942
4 2364 2001 2005 2000
4 3538 2180 2226 2174
4 3628 3503 1872 1871
4 2016 2009 2001 1942
4 3623 2479 3520 2478
4 2213 2185 2192 2184
4 2016 1956 2014 1955
4 2365 2358 2252 2094
4 2016 1993 1992 1961
4 2366 2125 2121 2114
4 2019 1964 1966 1959
4 2366 2016 1993 1992
4 2019 2018 1965 1964
4 2366 2102 2106 2019
4 2363 2302 2273 1940
4 3576 2354 2284 2283
4 2366 2100 2358 2099
4 3576 2354 2355 2284
4 2408 2407 2402 528
4 2349 2308 2343 2268
4 2236 2161 2163 1918
4 2233 1983 2206 1800
4 2414 2297 2298 2293
4 2444 2083 2364 2080
4 2016 1961 1956 1955
4 2019 2013 2017 1959
4 2235 1934 1935 1930
4 2008 1953 2007 1942
4 2007 2002 2001 1942
4 2007 1953 1950 1942
4 2007 1950 2002 1942
4 2008 2007 2001 1942
4 3543 3506 1900 1899
4 2009 1955 1954 1942
4 2009 1954 2008 1942
4 2016 2014 2009 1955
4 2009 2008 2001 1942
4 3426 2176 2226 2175
4 2012 1957 1958 1943
4 3648 2233 2226 2206
4 2012 2011 1957 1943
4 2019 1959 1966 1943
4 2366 2364 2016 1992
4 2011 1952 1957 1943
4 2011 2010 1952 1943
4 2366 2015 2017 2013
4 2395 2394 2233 528
4 2019 1961 2016 1942
4 2017 2015 1960 1959
4 2273 1947 1989 1940
4 2364 2363 2004 1992
4 2365 2095 2358 2094
4 2019 1965 1966 1964
4 2522 2514 2515 2501
4 2017 2013 2015 1959
4 2522 2515 2503 2501
4 3543 1803 1808 1802
4 2366 2076 2364 2075
4 3430 2156 2159 2150
4 3294 3287 3267 3286
4 2093 2039 2092 2038
4 3423 2357 2356 2355
4 2019 1966 1961 1942
4 1359 1312 1524 1311
4 2114 2113 2059 2057
4 2019 2017 1964 1959
4 2019 2017 2018 1964
4 2019 2006 2013 1943
4 2336 2334 2335 2306
4 3477 2415 2349 2348
4 2019 1943 1966 1942
4 2019 2006 1943 1942
4 2237 2180 1930 1921
4 2423 529 2394 528
4 3872 3751 3772 3628
4 3492 727 668 667
4 2300 2078 2079 1938
4 3628 3543 3497 522
4 3940 3884 3865 3829
4 3687 3565 3477 2300
4 2080 1993 2016 1961
4 2078 2025 2024 1963
4 2080 2078 2025 2021
4 2259 2092 2252 2091
4 2366 2093 2082 2016
4 3687 2364 2083 2076
4 3687 2364 2444 2083
4 2080 2075 2074 2021
4 2364 2014 2016 2004
4 2089 2088 2087 2034
4 2086 2085 2082 2029
4 2366 2078 2080 2074
4 3520 2457 2459 2455
4 2080 2023 2076 2022
4 2259 2091 2252 2090
4 3520 3420 2481 2480
4 2080 2025 2078 1963
4 3520 2365 2456 2281
4 2114 2019 2111 1966
4 3445 1593 1594 1586
4 2438 2427 2437 529
4 2082 2027 2080 1961
4 3477 2415 2413 528
4 2089 2036 2034 2029
4 2364 2010 2006 2005
4 3477 528 2414 527
4 2366 2099 2358 2098
4 2097 2044 2042 2040
4 2366 2364 2012 2011
4 2446 2444 2085 2084
4 3858 2611 3549 2610
4 2093 2091 2082 2029
4 3751 2087 3723 2086
4 2080 2022 2075 2021
4 2106 2051 2052 2050
4 2268 1948 1949 1947
4 2413 2399 2400 2353
4 2349 2348 2342 2308
4 2442 2390 2391 2382
4 2364 2013 2012 2005
4 2091 2038 2036 2029
4 3509 1900 3506 1899
4 2364 2101 2020 2005
4 3628 3580 529 528
4 2506 2462 2469 2286
4 2093 2082 2016 1961
4 2091 2036 2089 2029
4 2356 2284 2355 1994
4 2101 1967 2047 1966
4 2106 2048 2052 1966
4 2102 2047 2048 1966
4 3517 3427 2199 2150
4 3267 2828 2778 2777
4 2366 2364 2020 2019
4 2101 2020 1967 1966
4 2106 2102 2104 2048
4 2102 2019 2101 1966
4 2114 2061 2066 2060
4 2101 2019 2020 1966
4 2444 2364 2366 2081
4 3502 3501 1910 1880
4 2150 1972 1973 1971
4 2286 2280 2281 2274
4 2106 2102 2048 1966
4 2106 2104 2050 2048
4 2111 2052 2057 1966
4 3588 3420 2459 2453
4 3576 2283 3423 2277
4 3248 3227 3247 3011
4 2715 1020 1022 1019
4 2509 2502 2463 2286
4 3427 2206 2233 2190
4 2114 2062 2066 2061
4 2106 2019 2102 1966
4 4272 4267 4271 4261
4 3454 3089 3453 2659
4 3687 2081 3657 2080
4 2233 528 2232 527
4 2366 2017 2019 2013
4 2259 2093 2252 2092
4 2613 1144 1463 1101
4 2988 2574 2626 2573
4 2910 2892 2775 2774
4 3538 2237 2180 2176
4 2228 2216 2227 528
4 2114 2057 2066 1966
4 3477 529 2415 528
4 3751 3723 3687 2081
4 2280 2278 2279 2274
4 2609 2556 2555 2554
4 3420 2485 2522 2280
4 2078 2024 2077 1963
4 2316 2314 2260 2255
4 2422 2370 2399 2353
4 2106 2105 2051 2050
4 2150 1971 1973 1970
4 2238 1934 2234 1930
4 2520 2468 2282 2281
4 2366 2111 2114 2019
4 3420 2259 2366 2258
4 3687 2300 2364 2074
4 2236 2166 1924 1918
4 2089 2034 2087 2029
4 3536 2749 2750 2745
4 2230 2216 2229 528
4 2504 2492 2486 2286
4 2415 2407 2408 528
4 2080 2027 2023 2022
4 2366 2113 2114 2111
4 3901 3798 3777 3745
4 2079 2078 2074 2021
4 2079 2026 2025 2021
4 2079 2025 2078 2021
4 3575 3302 3306 3019
4 3678 3293 2844 2843
4 2082 2028 2081 2027
4 1434 1524 1401 1319
4 3601 3557 2363 2362
4 2093 2040 2039 2038
4 2434 2432 2433 2425
4 3772 3769 1906 1905
4 3824 3628 3504 3503
4 2082 2029 2028 2027
4 3658 2461 3588 2455
4 2083 2076 2080 2023
4 3497 829 833 828
4 3477 2348 2349 2339
4 2083 2027 2030 2023
4 2083 2080 2027 2023
4 3520 2456 2457 2286
4 2366 2117 2114 2113
4 2366 2082 2081 2080
4 2089 2036 2035 2034
4 2259 2089 2252 2088
4 3687 2076 3657 2075
4 3623 2482 2480 2479
4 2085 2032 2031 2029
4 2085 2031 2084 2029
4 2443 2439 2440 529
4 3777 3549 3293 3252
4 2085 2084 2082 2029
4 2086 2033 2032 2029
4 2086 2032 2085 2029
4 2089 2087 2082 2029
4 2087 2086 2082 2029
4 2087 2034 2033 2029
4 2087 2033 2086 2029
4 2091 2089 2082 2029
4 2091 2090 2089 2036
4 2089 2035 2088 2034
4 2093 2016 2019 1961
4 2121 2045 2098 2044
4 2093 2092 2091 2038
4 2091 2038 2037 2036
4 2259 2094 2252 2093
4 2363 2362 2003 1998
4 2093 2040 2029 1961
4 2114 2111 2113 2057
4 2091 2037 2090 2036
4 2093 2029 2082 1961
4 2093 2040 2038 2029
4 2093 2038 2091 2029
4 2366 2093 2091 2082
4 2231 2229 2221 2184
4 2364 2078 2300 2077
4 2121 2066 2072 2040
4 2363 1998 2004 1997
4 2121 2114 2066 2040
4 2111 2106 2110 2052
4 2097 2043 2096 2042
4 2097 2096 2095 2042
4 2366 2114 2121 2093
4 2097 2095 2093 2040
4 3536 2735 3092 2631
4 2444 2443 2442 529
4 2097 2042 2095 2040
4 2095 2094 2093 2040
4 2233 2232 2190 527
4 2095 2042 2041 2040
4 2095 2041 2094 2040
4 2366 2010 2011 2006
4 2420 2395 2414 528
4 3588 2485 3420 2461
4 2097 2044 2043 2042
4 2423 2420 529 528
4 2182 2146 2181 2128
4 3525 3205 3252 3203
4 2121 2072 2045 2044
4 3426 2170 2171 2166
4 2121 2071 2072 2070
4 2121 2072 2067 2045
4 2402 2401 2400 528
4 3520 2457 2455 2286
4 3461 2617 3458 2616
4 2366 2127 2113 2112
4 3678 3267 2842 2835
4 2100 2068 2069 2046
4 2282 2281 2274 2251
4 2102 2101 2047 1966
4 2364 2004 2016 1992
4 2233 2225 2226 2206
4 2111 2056 2057 2052
4 2104 2102 2103 2048
4 2111 2019 2106 1966
4 2104 2049 2050 2048
4 2104 2103 2049 2048
4 2114 2063 2066 2059
4 2106 2104 2105 2050
4 2106 2050 2052 2048
4 2113 2058 2059 2057
4 3427 2233 2225 2224
4 2366 2103 2104 2102
4 2113 2107 2108 2053
4 2111 2106 2052 1966
4 2113 2112 2058 2057
4 2229 2228 2220 2212
4 2114 2065 2066 2064
4 2114 2064 2066 2063
4 2316 2307 2255 2253
4 2236 1935 1936 1930
4 2366 2095 2094 2093
4 2231 528 2230 527
4 3772 1905 3628 1904
4 2111 2110 2056 2052
4 2114 2059 2066 2057
4 2114 2111 2057 1966
4 3543 1778 1779 296
4 2113 2111 2112 2057
4 2113 2054 2059 2053
4 2113 2108 2054 2053
4 2117 2055 2063 2054
4 2338 2336 2337 2306
4 2121 2070 2072 2066
4 2114 2066 2040 1966
4 2114 2040 2093 1966
4 2114 2093 2019 1966
4 3543 1787 1791 1786
4 2366 2114 2093 2019
4 2236 1924 1936 1918
4 3601 2300 2363 1993
4 2116 2061 2114 2060
4 2116 2114 2115 2060
4 2117 2109 2055 2054
4 2117 2108 2109 2054
4 2117 2113 2108 2054
4 2117 2063 2114 2059
4 2117 2114 2113 2059
4 2117 2063 2059 2054
4 2117 2059 2113 2054
4 2118 2064 2114 2063
4 2118 2114 2117 2063
4 2366 2127 2124 2116
4 2120 2065 2114 2064
4 2120 2114 2118 2064
4 2121 2098 2097 2044
4 2121 2093 2114 2040
4 2121 2097 2093 2040
4 2121 2072 2044 2040
4 2121 2044 2097 2040
4 2122 2067 2046 2045
4 2122 2046 2099 2045
4 2122 2099 2098 2045
4 2122 2098 2121 2045
4 2122 2121 2067 2045
4 2123 2068 2100 2046
4 2123 2100 2099 2046
4 2123 2099 2122 2046
4 2123 2067 2068 2046
4 2123 2122 2067 2046
4 2366 2012 2013 2006
4 2300 2079 2074 1938
4 2124 2062 2114 2061
4 2124 2114 2116 2061
4 3520 3420 2457 2456
4 2125 2070 2121 2066
4 2125 2121 2114 2066
4 2125 2114 2124 2062
4 2125 2070 2066 2062
4 2125 2066 2114 2062
4 3477 2312 2325 2311
4 2316 2307 2314 2255
4 2126 2071 2121 2070
4 2126 2121 2125 2070
4 3520 2259 2365 2258
4 2213 2193 2191 527
4 2160 2146 2150 1968
4 2146 1968 1794 1793
4 3538 2237 2238 2234
4 2237 1930 1924 1921
4 2206 1798 2190 1797
4 2232 2231 2223 2184
4 2150 2149 1971 1970
4 2155 2152 2153 1975
4 2217 2216 2215 527
4 2455 2449 2454 2448
4 3507 1784 1783 727
4 2146 1968 1797 1795
4 2226 1986 2161 1936
4 2150 2147 1969 1968
4 2190 2182 2183 2181
4 2155 1975 1977 1973
4 2150 2146 2147 1968
4 2206 2146 1798 1797
4 3538 3426 2169 2168
4 3510 1784 3507 1759
4 2229 2213 2217 2192
4 3669 2199 3517 2149
4 2188 2187 2147 2146
4 3543 1761 1756 727
4 2143 1794 1740 1739
4 3543 2190 727 510
4 3628 487 512 481
4 2142 1766 1762 1709
4 2142 1767 1766 1709
4 2143 2141 1741 1740
4 2145 1743 1795 1739
4 3428 2183 2190 2182
4 2145 1795 1793 1739
4 2145 1793 2143 1739
4 2145 1742 1743 1739
4 2145 2143 1742 1739
4 2159 2150 2156 1973
4 3510 3507 1784 1783
4 2159 1979 1981 1978
4 2159 1978 1981 1973
4 3592 2159 3572 2158
4 2200 2137 2147 2136
4 3631 2146 1968 1798
4 3427 2232 2233 2224
4 2150 2147 2148 1969
4 2199 1972 2150 1971
4 2159 2156 1978 1973
4 2150 1970 1973 1969
4 2150 2148 2149 1970
4 2150 2148 1970 1969
4 2150 1969 1973 1968
4 2159 2158 1980 1979
4 3538 3426 2168 2167
4 3624 2177 3558 2167
4 2152 2150 2151 1973
4 2155 2152 1975 1973
4 2366 2116 2124 2114
4 2152 1974 1975 1973
4 2155 2150 2152 1973
4 2155 1976 1977 1975
4 2152 2151 1974 1973
4 2155 2153 1976 1975
4 3617 3552 3142 3101
4 3538 2238 2237 2226
4 2194 2188 2189 2146
4 2187 2146 2183 2130
4 2206 1984 1983 1799
4 3572 2157 3427 2154
4 3430 2149 2150 2148
4 2161 1936 1986 1918
4 2156 1977 1978 1973
4 2156 2155 1977 1973
4 2400 2378 2381 2353
4 3538 3426 2178 2169
4 2160 2159 1981 1973
4 2233 2206 1983 1799
4 2190 526 527 510
4 2159 2157 1979 1978
4 2160 1981 1982 1973
4 2160 1973 1982 1968
4 2159 2156 2157 1978
4 3739 3536 3456 3453
4 4272 4261 4271 1368
4 2226 1985 1986 1936
4 2183 2130 2146 2129
4 2237 2166 2167 1921
4 3628 1903 1904 520
4 2166 1919 1924 1918
4 2237 2180 2176 1930
4 3538 2171 2172 2166
4 3538 2180 2237 2167
4 3538 2236 2235 2226
4 2236 1930 1936 1924
4 2190 2146 1797 1795
4 2213 2191 2185 2184
4 3751 3628 3580 2444
4 2190 525 526 510
4 3631 1799 2206 1798
4 3624 3558 3426 2167
4 2178 1923 1931 1921
4 2217 2207 2209 2192
4 2180 1929 1933 1928
4 2213 2186 2192 2185
4 3426 2238 2234 2226
4 2169 2167 2168 1921
4 3497 1769 1770 505
4 2172 2171 1925 1924
4 1362 1361 1524 1359
4 2169 1922 1923 1921
4 2169 2168 1922 1921
4 4271 4263 4270 1368
4 2219 2218 2217 527
4 2173 2167 2172 1921
4 2173 1926 1927 1921
4 2173 2172 1926 1921
4 2190 2145 2146 1795
4 3491 220 678 219
4 3516 220 3491 89
4 3631 2206 3534 2146
4 2180 2174 2175 1928
4 2178 2169 1923 1921
4 3556 3516 3491 90
4 3464 1328 1524 1301
4 3620 2178 3558 2177
4 2429 2423 2422 529
4 2236 2235 1935 1930
4 2366 2008 2007 2001
4 2180 2179 1932 1931
4 2273 1949 1989 1947
4 3538 3429 2165 2164
4 2231 2190 2229 2184
4 2366 2016 2014 2009
4 3497 835 836 826
4 2232 2231 2190 527
4 3426 2170 2166 2165
4 2176 1988 1933 1929
4 2180 1931 1933 1921
4 2363 1940 2004 1938
4 3751 2444 2082 2081
4 2180 2176 1933 1929
4 2180 2167 2178 1921
4 2180 1933 2176 1930
4 2237 2167 2180 1921
4 2180 1933 1930 1921
4 3538 2226 2237 2176
4 3751 2446 2086 2085
4 2190 2146 2143 2141
4 3543 2190 3507 727
4 3543 3507 1790 1789
4 3626 1985 2226 1936
4 3510 3507 1761 1760
4 3543 1789 1790 1788
4 3543 3507 1791 1790
4 3507 2146 1794 1793
4 3543 3507 1785 1782
4 3543 1783 1784 727
4 3507 2181 2190 2146
4 2217 2215 2214 527
4 3428 2187 2190 2183
4 2217 2213 2214 2192
4 2194 2189 2147 2146
4 2238 2234 2237 1930
4 3428 2189 2190 2188
4 3631 2206 2146 1798
4 2237 2234 2235 1930
4 2319 2264 2262 2261
4 3428 2201 2202 2190
4 2231 2229 2230 2221
4 2187 2147 2146 2131
4 3428 2196 2200 2190
4 3430 3427 2148 2147
4 3428 2195 2196 2190
4 3575 3559 3303 3302
4 3428 2194 2195 2190
4 2195 2194 2147 2146
4 3428 2194 2190 2189
4 2395 2233 2225 2226
4 3631 1984 2206 1799
4 3543 1893 3506 1888
4 3631 1984 1799 1798
4 2363 1997 2004 1989
4 3517 2198 2151 2150
4 2194 2181 2183 2146
4 2188 2132 2147 2131
4 2188 2147 2187 2131
4 3427 2157 2156 2154
4 2194 2190 2183 2181
4 2194 2190 2189 2188
4 2189 2133 2147 2132
4 2189 2147 2188 2132
4 2194 2183 2188 2146
4 2364 2002 2005 2001
4 3416 3401 3373 3324
4 3427 2205 2190 2184
4 3538 2226 2175 2174
4 2232 2223 2224 2184
4 3430 3427 2147 2146
4 2216 2214 2215 527
4 2194 2190 2188 2183
4 2194 2134 2147 2133
4 2194 2147 2189 2133
4 2204 2148 2147 2144
4 2195 2135 2147 2134
4 2195 2147 2194 2134
4 2200 2196 2147 2146
4 3428 2202 2203 2190
4 3428 2190 2205 2184
4 3428 2200 2201 2190
4 2196 2136 2147 2135
4 2196 2147 2195 2135
4 2199 2150 2149 1971
4 3669 3517 2205 2149
4 3358 3053 3039 2993
4 2200 2147 2196 2136
4 2200 2195 2196 2146
4 2200 2196 2195 2190
4 2202 2147 2201 2138
4 2200 2194 2195 2146
4 2203 2140 2147 2139
4 2200 2195 2194 2190
4 3428 2203 2204 2190
4 2204 2144 2147 2140
4 2202 2201 2147 2146
4 2202 2139 2147 2138
4 2201 2138 2147 2137
4 2201 2147 2200 2137
4 2202 2200 2201 2146
4 2202 2201 2200 2190
4 2202 2181 2194 2146
4 2202 2194 2200 2146
4 2202 2190 2194 2181
4 2202 2200 2194 2190
4 2203 2147 2202 2139
4 2204 2147 2203 2140
4 2203 2202 2147 2146
4 2205 2148 2204 2144
4 3517 2152 3427 2151
4 3427 2206 2190 2146
4 2204 2203 2147 2146
4 3358 3039 2994 2993
4 2204 2202 2203 2146
4 3427 2205 2149 2148
4 2204 2203 2202 2190
4 3427 2205 2148 2147
4 2205 2204 2148 2147
4 3430 2159 2160 2150
4 2205 2204 2147 2146
4 2205 2190 2181 2146
4 2205 2181 2202 2146
4 2205 2202 2204 2146
4 2205 2190 2202 2181
4 2205 2204 2202 2190
4 3427 2205 2147 2146
4 3517 2153 3427 2152
4 3427 2233 2232 2190
4 2228 528 2227 527
4 2316 2294 2307 2253
4 3427 2190 2232 2184
4 3538 2162 2163 2161
4 3517 2198 2154 2153
4 3430 2150 2160 2146
4 3517 2198 2152 2151
4 3427 2154 2155 2153
4 3534 2206 3430 2146
4 3538 2176 2180 2175
4 2217 2208 2209 2207
4 2232 528 2231 527
4 3669 3517 2199 2198
4 3628 1906 3580 1905
4 3538 3426 2172 2171
4 2394 2232 2233 528
4 3517 2199 3427 2149
4 2231 2230 2222 2221
4 2233 2190 2206 1798
4 2229 2227 2219 527
4 2229 2228 2227 527
4 3430 2147 2150 2146
4 2366 2127 2126 2125
4 2229 2217 2219 2209
4 3517 2199 2198 2150
4 2216 2191 2193 527
4 3425 2288 2414 2287
4 2227 2216 2219 528
4 3426 2237 2226 2176
4 2238 1937 1934 1930
4 4272 4270 4271 4267
4 2216 527 528 510
4 2216 2190 527 510
4 2216 2190 2191 527
4 3428 2188 2190 2187
4 2364 2102 2101 2005
4 2366 2113 2127 2107
4 2233 527 2190 526
4 2522 2485 2281 2280
4 2229 2219 2217 527
4 3517 2154 3427 2153
4 2362 2360 2361 1998
4 2282 2258 2281 2251
4 3517 3427 2205 2149
4 2229 2212 2221 2211
4 2229 2227 2228 2212
4 2231 2229 2190 527
4 3692 2483 3588 2458
4 3427 2225 2233 2206
4 3517 2151 3427 2150
4 3517 2198 2153 2152
4 3640 3422 2360 2357
4 2229 2220 2221 2212
4 3427 2156 2155 2154
4 3461 2615 3458 2614
4 3624 3426 2173 2167
4 3538 2226 2179 2178
4 3430 2206 3427 2146
4 3538 2175 2180 2174
4 2366 2082 2080 2016
4 2273 2268 1949 1947
4 2229 2209 2221 2192
4 2366 2018 2019 2017
4 3477 2339 2349 2309
4 2229 2227 2212 2211
4 2229 2219 2211 2209
4 2229 2211 2221 2209
4 2229 2219 2227 2211
4 2229 2213 2192 2184
4 3729 3633 3672 3607
4 2229 2192 2221 2184
4 2363 1993 2004 1992
4 2273 2268 2272 1949
4 3520 2481 3420 2456
4 2233 2206 1799 1798
4 2442 2415 2382 2349
4 2363 2003 2004 1998
4 2366 2112 2113 2111
4 2366 2122 2123 2099
4 2366 2007 2002 2001
4 2414 2298 2299 2293
4 3543 1759 1784 1758
4 2231 2221 2223 2184
4 3543 1771 1769 1758
4 3574 303 829 296
4 3426 2414 2176 2175
4 3520 3420 2286 2285
4 2366 2364 2017 2015
4 3426 2172 2171 2170
4 2522 2521 2503 2495
4 3267 2871 2870 2854
4 2297 2246 2292 2244
4 3549 2616 2617 1463
4 2338 2331 2332 2306
4 2336 2329 2330 2306
4 2435 2431 2425 2385
4 2362 2361 1999 1998
4 2337 2330 2331 2306
4 2366 2127 2115 2114
4 3549 2633 2634 1463
4 2520 2468 2281 2280
4 3477 3423 2364 2300
4 2414 2238 2395 2237
4 3644 3536 1470 1466
4 2349 2309 2339 2306
4 3549 2644 2645 1463
4 2522 2502 2509 2501
4 3628 3503 1871 1870
4 3580 527 526 525
4 3611 1572 3580 408
4 3551 1524 1315 1314
4 3580 1906 1907 520
4 2249 1830 1876 1828
4 2249 2248 1830 1828
4 3461 2612 3458 2611
4 2249 1876 1829 370
4 3753 3659 3627 3597
4 2249 1829 2247 370
4 2249 1876 1833 1828
4 2249 1833 1881 1828
4 2249 1883 409 368
4 2249 409 1881 368
4 2249 520 1881 409
4 2249 1883 520 409
4 2249 1833 1876 368
4 2249 1881 1833 368
4 2250 2248 2249 1828
4 2250 2249 1881 1828
4 2250 1882 1881 520
4 3678 3267 2834 2833
4 3751 2446 2085 2084
4 2250 1881 2249 520
4 2250 2249 2248 520
4 2422 2421 2368 2367
4 3687 2444 2081 2080
4 2416 2401 2402 529
4 3901 2639 3549 2638
4 3824 3772 3702 3628
4 3751 2522 3522 2259
4 3420 2485 2286 2285
4 1433 1524 1432 1417
4 3751 2446 2522 2259
4 2366 2364 2015 2013
4 3751 3687 3628 2444
4 3777 3644 3745 3294
4 3549 1468 1473 1467
4 3687 2083 3657 2076
4 3872 3772 3769 1906
4 2297 2294 2246 2242
4 3549 3458 2612 2611
4 3426 2395 2344 2226
4 2307 2295 2254 2253
4 3426 2414 2420 2395
4 3558 2169 3426 2168
4 2348 2340 2342 2308
4 2366 2364 2103 2102
4 3538 2163 2236 2161
4 2414 2296 2297 2289
4 2366 2087 2086 2082
4 2611 2607 2610 2554
4 3648 3543 2414 2395
4 1362 1359 1524 1304
4 3543 2190 1798 1797
4 2364 2008 2009 2005
4 2431 2425 2385 2382
4 3558 2177 2169 2168
4 2308 2268 2306 1947
4 2431 2428 2430 2412
4 2309 2306 2302 2256
4 2366 2364 2127 2106
4 3426 2180 2226 2179
4 2366 2121 2122 2098
4 3601 2077 2300 1993
4 2307 2255 2237 2176
4 3477 2442 3423 2349
4 2420 2347 2414 2319
4 2413 2409 2408 528
4 2414 2236 2395 2235
4 2290 2269 2271 2262
4 2364 2005 2009 2004
4 2273 1951 1989 1949
4 2400 2353 2381 2351
4 2292 2244 2267 2239
4 2290 2271 2267 2262
4 2307 2238 2255 2234
4 2348 2339 2340 2306
4 2363 1993 2300 1938
4 2366 2016 2080 1993
4 2359 1996 1997 1994
4 2290 2270 2271 2269
4 2419 2405 2406 529
4 2402 2346 2400 2345
4 2306 2268 2273 1947
4 2366 2016 2364 2014
4 2366 2123 2100 2099
4 2366 2079 2364 2078
4 3644 3433 1475 1474
4 2444 2366 2085 2084
4 2420 2367 2317 2316
4 2366 2127 2120 2118
4 2283 1990 1991 1989
4 2335 2334 2328 2306
4 2283 2277 1990 1989
4 2282 2274 2275 2251
4 2366 2127 2112 2111
4 2366 2080 2083 2076
4 3520 2366 2094 2093
4 2446 2366 2086 2085
4 2522 2520 2259 2258
4 2366 2364 2079 2074
4 2364 2015 2013 2005
4 2366 2101 2102 2019
4 2366 2364 2102 2101
4 2286 2278 2280 2274
4 2366 2097 2095 2093
4 3751 3687 2444 2081
4 2364 2105 2104 2005
4 2431 2419 2428 2411
4 3671 2312 3477 2311
4 2366 2098 2358 2097
4 3580 520 408 407
4 3477 2444 2442 529
4 3858 3549 1100 1099
4 2441 2438 2387 2385
4 2435 2398 2399 529
4 2366 2097 2096 2095
4 2366 2121 2097 2093
4 2366 2096 2365 2095
4 3550 1411 3464 1410
4 2400 2399 2378 2353
4 3601 3423 2301 2300
4 2364 2017 2015 2005
4 2422 2413 2399 528
4 2414 2288 2289 2287
4 2366 2364 2104 2103
4 2366 2019 2093 2016
4 2366 2364 2106 2105
4 2366 2077 2364 1993
4 2366 2127 2108 2107
4 2366 2092 2259 2091
4 2366 2124 2125 2114
4 2422 2420 2421 2367
4 2365 2281 2258 2251
4 2364 2011 2010 2005
4 3872 3859 1907 1906
4 3671 3584 3477 2313
4 3646 1307 3579 1306
4 2293 2241 2242 2240
4 2414 2307 2176 2175
4 2455 2454 2452 2448
4 2297 2242 2246 2240
4 2316 2255 2261 2253
4 3426 2226 2180 2174
4 3538 2234 2238 2226
4 2394 529 2216 528
4 3477 2309 2349 2301
4 3576 2277 3423 2273
4 2366 2127 2358 2100
4 3558 2168 3426 2167
4 2294 2253 2246 2242
4 2292 2261 2267 2253
4 3649 3134 3098 3097
4 3538 2169 2178 2167
4 2292 2289 2244 2239
4 2297 2294 2292 2246
4 2292 2290 2291 2266
4 3426 2237 2238 2226
4 2310 2306 2309 2256
4 2336 2335 2329 2306
4 2292 2267 2290 2266
4 2289 2287 2288 2239
4 2289 2243 2244 2239
4 2289 2288 2243 2239
4 2396 2378 2379 2373
4 3426 2395 2238 2237
4 3464 1411 1524 1410
4 2307 2255 2175 2174
4 2297 2293 2294 2242
4 2366 2122 2099 2098
4 2292 2287 2289 2239
4 2364 2012 2011 2005
4 2413 2409 2352 2351
4 3549 2634 2635 1463
4 2292 2262 2267 2261
4 2292 2290 2267 2262
4 2292 2246 2267 2244
4 2297 2293 2242 2240
4 2292 2253 2267 2246
4 2307 2294 2295 2253
4 2314 2255 2307 2174
4 2366 2109 2117 2108
4 3648 3543 2395 2233
4 2294 2253 2292 2246
4 2431 2428 2412 2411
4 2307 2255 2176 2175
4 2444 2366 2082 2081
4 2316 2260 2261 2255
4 2366 2364 2006 2000
4 3509 1899 3506 1897
4 3558 2177 2168 2167
4 1359 1333 1524 1312
4 2400 2381 2378 2373
4 2314 2260 2255 2174
4 2337 2336 2330 2306
4 2438 2386 2387 2385
4 2338 2332 2308 2306
4 1327 1326 1524 1304
4 2366 2126 2127 2121
4 2297 2292 2289 2244
4 3601 3423 2306 2302
4 2297 2289 2296 2244
4 2481 2456 2480 2450
4 2366 2002 2364 2001
4 2446 2444 2366 2085
4 2366 2006 2019 2001
4 2418 2415 2416 2382
4 2297 2245 2246 2244
4 2297 2296 2245 2244
4 2312 2306 2311 2303
4 2325 2324 2315 2306
4 2311 2306 2310 2257
4 2414 2235 2395 2234
4 2298 2293 2297 2240
4 2419 2410 2411 2382
4 2413 2408 2409 2351
4 2313 2305 2306 2304
4 2299 2241 2293 2240
4 2299 2293 2298 2240
4 2310 2257 2306 2256
4 3464 1420 1524 1415
4 2366 2127 2123 2122
4 2300 1993 2077 1938
4 2300 2077 2078 1938
4 2366 2093 2259 2092
4 2366 2089 2088 2087
4 3425 2414 2347 2322
4 2307 2255 2238 2237
4 2366 2364 2105 2104
4 2363 2004 1993 1938
4 2302 2300 2301 1938
4 2302 1939 1940 1938
4 2302 2301 1939 1938
4 2363 2302 1940 1938
4 2366 2080 2078 1993
4 3464 1524 1417 1415
4 1434 1364 1524 1319
4 3661 2301 2309 2300
4 2312 2304 2306 2303
4 3601 3423 2302 2301
4 2311 2303 2306 2257
4 2366 2075 2364 2074
4 2314 2307 2175 2174
4 2414 2323 2347 2320
4 3640 3422 3557 2361
4 2366 2016 2009 2001
4 3259 3252 3203 3199
4 2366 2364 2083 2080
4 3464 1414 1524 1413
4 2444 2364 2081 2080
4 2309 2302 2301 2256
4 2362 1999 2003 1998
4 3426 2175 2226 2174
4 2414 2297 2294 2292
4 3576 2357 2355 2354
4 3426 2414 2395 2237
4 2364 2127 2105 2005
4 2319 2316 2317 2261
4 2319 2263 2264 2261
4 2319 2317 2263 2261
4 3464 1416 1524 1414
4 2320 2290 2292 2262
4 2320 2316 2319 2261
4 2320 2319 2262 2261
4 2320 2262 2292 2261
4 2320 2292 2316 2261
4 3940 3884 3829 3435
4 2321 2269 2290 2262
4 2321 2290 2320 2262
4 2334 2326 2328 2306
4 2456 2278 2286 2274
4 2322 2270 2290 2269
4 2322 2290 2321 2269
4 3477 2325 2336 2311
4 2323 2320 2319 2262
4 2323 2264 2265 2262
4 2323 2319 2264 2262
4 3423 2308 2349 2268
4 3584 2334 3477 2326
4 3425 2292 2414 2291
4 2324 2306 2313 2305
4 2324 2315 2306 2305
4 3373 3169 3324 3170
4 2325 2311 2312 2306
4 1359 1358 1524 1357
4 2325 2312 2313 2306
4 2325 2313 2324 2306
4 3624 2173 3426 2172
4 2326 2325 2318 2306
4 2435 2432 2431 529
4 2334 2325 2326 2306
4 2366 2115 2116 2114
4 2336 2311 2325 2306
4 2414 2292 2320 2290
4 2327 2326 2318 2306
4 2364 1993 2363 1992
4 2328 2326 2327 2306
4 2366 2127 2109 2108
4 2364 2079 2300 2078
4 2366 2105 2106 2104
4 2366 2089 2087 2082
4 2335 2328 2329 2306
4 2366 2364 2011 2010
4 3780 1151 1524 1150
4 3584 3424 3477 2334
4 3373 3175 3169 3170
4 2339 2338 2308 2306
4 2349 2348 2308 2306
4 2429 2427 2426 528
4 2364 2019 2018 2005
4 2363 2360 2362 1998
4 2336 2325 2334 2306
4 2366 2078 2364 2077
4 2359 2284 2356 1994
4 2366 2104 2106 2102
4 3575 3303 3304 3299
4 2402 2400 2401 2345
4 2366 2121 2098 2097
4 2339 2310 2338 2306
4 2363 2359 1997 1989
4 2366 2364 2101 2020
4 2363 2273 2359 1989
4 2366 2079 2078 2074
4 2338 2310 2311 2306
4 2339 2309 2310 2306
4 2338 2311 2336 2306
4 2366 2011 2012 2006
4 2400 2378 2399 2373
4 2349 2339 2348 2306
4 2349 2309 2302 2301
4 2435 2399 2432 529
4 2366 2009 2008 2001
4 2366 2108 2113 2107
4 2366 2097 2358 2096
4 2364 2127 2106 2105
4 2349 2309 2306 2302
4 2364 2018 2017 2005
4 2366 2013 2019 2006
4 2365 2094 2259 2093
4 2340 2339 2333 2308
4 2444 530 2443 529
4 2422 2399 2413 2353
4 2348 2340 2308 2306
4 2340 2339 2308 2306
4 3576 3423 2349 2272
4 2341 2340 2333 2308
4 3423 2442 2391 2349
4 2342 2340 2341 2308
4 3683 2349 2343 2268
4 3683 2273 3576 2272
4 3538 2236 2226 2161
4 2414 2316 2320 2292
4 2366 2110 2111 2106
4 2364 2007 2005 2002
4 3601 2362 2363 2360
4 3425 2414 2322 2290
4 2400 2380 2381 2375
4 2443 2440 2441 529
4 2522 2519 2521 2496
4 3520 2281 2282 2258
4 3584 2325 3477 2324
4 2395 527 2233 526
4 2400 2346 2381 2345
4 2400 2375 2381 2373
4 2421 529 2420 528
4 4143 4031 4100 4008
4 3745 2845 3635 2841
4 2414 2291 2292 2290
4 3576 2273 3423 2272
4 3576 2284 3423 2283
4 3683 2354 3576 2273
4 2356 1995 1996 1994
4 2356 2355 1995 1994
4 2363 1989 2004 1940
4 2366 2364 2019 2018
4 2366 2091 2089 2082
4 2359 1991 1997 1989
4 2359 2283 1991 1989
4 2366 2014 2364 2009
4 2366 2127 2116 2115
4 2455 2453 2449 2448
4 2366 2106 2111 2019
4 2366 2091 2090 2089
4 2366 2091 2259 2090
4 2365 2252 2259 2094
4 2366 2089 2259 2088
4 2365 2358 2274 2251
4 2365 2258 2259 2251
4 2366 2090 2259 2089
4 2366 2095 2365 2094
4 2366 2127 2117 2109
4 2359 2283 2284 1991
4 2365 2096 2358 2095
4 2366 2117 2113 2108
4 2359 1994 1997 1991
4 2359 2284 1994 1991
4 2366 2006 2001 2000
4 2366 1993 2364 1992
4 2432 2399 2396 529
4 2364 2009 2014 2004
4 2366 2019 2016 2001
4 2366 2080 2075 2074
4 2366 2007 2364 2002
4 2366 2125 2126 2121
4 2420 2414 2413 528
4 2366 2020 2101 2019
4 2366 2120 2127 2114
4 2366 2364 2013 2012
4 2366 2127 2125 2124
4 2422 2367 2370 2353
4 2366 2009 2364 2008
4 2363 2360 1998 1997
4 2365 2252 2358 2251
4 2363 2273 1989 1940
4 2366 2085 2084 2082
4 2402 529 2401 528
4 2366 2127 2118 2117
4 2366 2086 2085 2082
4 2364 2300 2079 2074
4 1359 1356 1524 1333
4 2363 2300 2302 1938
4 3477 3424 2336 2335
4 2365 2274 2281 2251
4 2414 2323 2320 2319
4 2422 2397 2399 2370
4 3477 2313 2325 2312
4 2394 2216 2232 528
4 3516 678 3491 220
4 3294 3267 3293 3286
4 2422 2421 2420 528
4 3477 3424 2338 2337
4 3614 3479 114 113
4 2401 529 2400 528
4 3426 2314 2180 2179
4 3538 2236 2237 2235
4 2420 2319 2414 2317
4 2422 2420 2367 2353
4 3477 3424 2337 2336
4 2414 2294 2316 2292
4 3588 2459 3420 2458
4 3538 2235 2234 2226
4 2414 2289 2292 2287
4 2431 2419 2415 529
4 2395 528 2233 527
4 3576 2354 2283 2277
4 3683 2272 2349 2268
4 3576 2355 3423 2284
4 3576 2357 3423 2355
4 3601 2364 2077 1993
4 3601 2363 2302 2273
4 2445 2443 2444 530
4 2413 2408 2400 528
4 2431 2411 2425 2382
4 459 458 778 434
4 2441 2438 2436 529
4 3601 2301 2302 2300
4 3687 2364 2076 2075
4 3477 2310 2339 2309
4 3426 2234 2235 2226
4 3601 2360 2363 2359
4 3753 3597 3673 3586
4 3423 2349 2272 2268
4 3646 3579 3578 1306
4 3477 2382 2415 2348
4 3575 3309 3302 2883
4 3575 3302 3019 2992
4 3672 3583 3449 3446
4 3544 3448 3532 3447
4 3543 1866 1865 1863
4 3628 522 3497 521
4 2414 2295 2307 2294
4 2435 2431 2432 2425
4 3558 2179 3426 2178
4 2414 2320 2321 2290
4 2444 2392 2366 2364
4 3477 2349 2306 2302
4 2415 2402 2407 528
4 2414 2307 2238 2237
4 2436 2398 2435 529
4 3901 3745 3777 3644
4 2414 528 2395 527
4 2399 2398 2397 528
4 2399 529 2398 528
4 3477 2340 2348 2339
4 2414 2307 2316 2294
4 2397 2371 2376 2370
4 2420 2367 2347 2319
4 3520 2478 2480 2456
4 2414 2314 2316 2307
4 2399 2396 529 528
4 2418 2416 2417 2383
4 2431 2415 2419 2382
4 2397 2376 2371 2369
4 3267 3245 2858 2777
4 2429 2371 2426 2369
4 2429 2397 2422 2370
4 2429 2397 2371 2369
4 2426 2371 2372 2369
4 3628 1905 3580 520
4 2398 529 2397 528
4 2427 529 2426 528
4 2435 2432 2434 2425
4 2430 2404 2428 529
4 3267 2910 2892 2775
4 2431 2396 2403 529
4 2441 2436 2438 2385
4 2419 2406 2418 529
4 2417 2400 2401 529
4 2399 2378 2396 2373
4 2399 2397 2398 2376
4 2429 2426 2427 2369
4 2399 2376 2378 2370
4 2399 2397 2376 2370
4 2399 2377 2378 2376
4 2399 2398 2377 2376
4 3426 2414 2237 2176
4 2429 529 2422 528
4 2419 2418 2415 529
4 2399 2370 2378 2353
4 2413 2400 2399 528
4 2423 2420 2421 529
4 2441 2440 2439 529
4 2429 2426 529 528
4 3543 1799 1800 1791
4 2414 2317 2319 2316
4 3477 2413 2414 528
4 2437 2397 2436 529
4 3426 2179 2226 2178
4 2408 2402 2400 528
4 2418 2416 2383 2382
4 3657 2300 2074 1938
4 2436 2431 2435 2385
4 3426 2420 2414 2314
4 2414 2321 2322 2290
4 3426 2180 2314 2174
4 2439 2429 2426 529
4 2427 2397 529 528
4 3477 2349 2302 2301
4 2436 2415 2431 2382
4 2443 2423 2429 529
4 2441 2389 2390 2388
4 3477 2337 2338 2336
4 1362 1524 1319 1304
4 1434 1418 1524 1364
4 3477 2306 3423 2302
4 3477 2309 2301 2300
4 2431 2403 2430 529
4 1435 1432 1524 1418
4 3426 2414 2175 2174
4 3543 833 3497 829
4 3543 1897 1899 1889
4 2431 2419 2411 2382
4 1361 1360 1524 1359
4 3508 1872 3503 1871
4 3464 1421 1524 1420
4 3420 2522 2530 2446
4 2414 2307 2237 2176
4 2420 2367 2353 2347
4 2429 2427 2397 2369
4 2431 2428 2419 529
4 2441 2387 2390 2385
4 2414 2347 2323 2319
4 2418 2406 2400 529
4 3423 2392 2444 2364
4 3477 2335 2336 2334
4 2403 2396 2399 528
4 2403 2399 2400 528
4 2403 2399 2396 2373
4 2403 2400 2399 2373
4 2643 2642 2639 1463
4 2417 2401 2416 529
4 2522 2282 2520 2258
4 2443 2441 2442 529
4 2522 2495 2503 2493
4 2443 530 2423 529
4 2404 529 2403 528
4 3628 1871 1872 520
4 3153 3111 3101 3100
4 2423 2394 2395 528
4 2442 2441 2415 529
4 3274 3224 3254 3222
4 2405 529 2404 528
4 2441 2385 2390 2382
4 2423 2421 2422 529
4 2405 2403 2400 528
4 2405 2404 2403 528
4 3373 3358 2998 2995
4 2422 2420 2413 528
4 3420 2522 2259 2258
4 2405 2375 2400 2373
4 2405 2400 2403 2373
4 2405 2403 2404 2373
4 3522 2259 2520 2258
4 3610 3406 3575 3300
4 2405 2374 2375 2373
4 2405 2404 2374 2373
4 2431 2424 2425 2412
4 2429 2397 2427 528
4 2406 2400 529 528
4 2406 529 2405 528
4 2406 2405 2400 528
4 2438 2437 2436 529
4 2438 2437 2386 2385
4 2406 2380 2400 2375
4 2406 2400 2405 2375
4 2436 2431 2415 529
4 2441 2440 2389 2388
4 2436 2431 2385 2382
4 2419 2418 2410 2382
4 2415 529 2402 528
4 2438 2436 2437 2385
4 2408 2351 2400 2346
4 2408 2400 2402 2346
4 2436 2435 2431 529
4 2431 2430 2428 529
4 2408 2402 2407 2346
4 2415 2382 2349 2348
4 3477 2336 2338 2311
4 1432 1420 1524 1418
4 3425 2414 2292 2287
4 2428 2404 2405 529
4 2442 2382 2391 2349
4 2422 2368 2370 2367
4 2414 2347 2322 2321
4 3423 2357 2359 2356
4 2408 2350 2351 2346
4 2408 2407 2350 2346
4 3477 3424 2339 2338
4 3425 2291 2414 2290
4 2536 2526 2533 530
4 2428 2405 2419 529
4 2437 2427 2397 529
4 3464 1412 1524 1411
4 2441 2388 2390 2387
4 2413 2353 2400 2351
4 2413 2400 2408 2351
4 2420 2353 2413 2347
4 3477 2311 2338 2310
4 2420 2317 2414 2316
4 2435 2425 2434 2385
4 3575 3019 3406 2992
4 2418 2384 2410 2383
4 2418 2417 2384 2383
4 2413 2352 2353 2351
4 4051 4002 1358 1357
4 2418 2400 2417 529
4 3640 3422 2361 2360
4 3416 3401 3347 3081
4 3477 3424 2335 2334
4 2441 2439 2440 2388
4 1435 1524 1434 1418
4 3519 506 663 453
4 2431 2430 2424 2412
4 3648 2395 2236 2226
4 3628 1904 1905 520
4 2416 2402 2415 529
4 3477 2334 2336 2325
4 2430 2403 2404 529
4 2419 2415 2418 2382
4 2441 2438 2439 2387
4 3751 2084 3723 2082
4 2418 2383 2410 2382
4 2418 2417 2416 529
4 2422 2413 2420 2353
4 2432 2396 2431 529
4 3601 2359 2363 2273
4 3671 2313 3477 2312
4 2441 2436 2415 529
4 3477 2324 2325 2313
4 2415 2408 2409 528
4 3477 2442 2415 529
4 2439 2426 2438 529
4 2422 2399 2397 528
4 2423 2395 2420 528
4 2442 2441 2390 2382
4 3543 1770 3497 1769
4 2431 2412 2425 2411
4 2443 2429 2439 529
4 3477 2415 2442 2349
4 2441 2415 2436 2382
4 2446 530 2444 529
4 3420 2482 2481 2480
4 2478 2456 2365 2358
4 3692 3420 2482 2456
4 3520 2366 2259 2258
4 2456 2451 2278 2274
4 2456 2281 2365 2274
4 2456 2286 2281 2274
4 3520 2365 2281 2258
4 3623 3520 3421 2478
4 2455 2285 2286 2276
4 3588 2483 2459 2458
4 2455 2278 2454 2276
4 3520 2365 2259 2093
4 1326 1524 1324 1323
4 2457 2451 2452 2278
4 2455 2452 2454 2278
4 2456 2358 2451 2274
4 3520 2281 2286 2280
4 2456 2365 2358 2274
4 2457 2456 2451 2278
4 2457 2448 2452 2447
4 2457 2455 2452 2448
4 2457 2286 2456 2278
4 2457 2452 2455 2278
4 2457 2455 2286 2278
4 2522 2508 2512 2507
4 3520 2286 2455 2285
4 3623 2482 3420 2480
4 2459 2453 2455 2448
4 2459 2448 2457 2447
4 2459 2457 2458 2447
4 2459 2455 2457 2448
4 3520 3420 2458 2457
4 3520 2094 2365 2093
4 2987 2986 1116 1115
4 2461 2285 2455 2276
4 2461 2455 2454 2276
4 2461 2454 2460 2276
4 2609 2608 2607 2554
4 3692 3588 3420 2458
4 3644 3536 1474 1469
4 3588 2461 3420 2455
4 2260 2180 3620 2179
4 2503 2490 2491 2286
4 3536 3445 1485 1471
4 3543 1797 1798 1795
4 3420 2446 2366 2259
4 2520 2515 2467 2286
4 2520 2282 2468 2258
4 2617 2615 2614 1463
4 2513 2472 2466 2286
4 3678 2838 3637 2837
4 3420 2282 2522 2258
4 2526 2525 2518 2517
4 2522 2515 2520 2485
4 3751 3580 2446 2444
4 2879 2877 2876 2875
4 1326 1324 1524 1304
4 3520 2480 2481 2456
4 3419 2501 2522 2500
4 3537 2477 3520 2365
4 3520 2478 2456 2365
4 3658 2484 2485 2285
4 3537 2478 3520 2477
4 2480 2474 2475 2473
4 2477 2476 2473 2358
4 2478 2365 2477 2358
4 2478 2477 2473 2358
4 2478 2451 2456 2358
4 2478 2473 2451 2358
4 2480 2456 2451 2450
4 2480 2479 2474 2473
4 3420 2446 2393 2366
4 2480 2451 2475 2450
4 3520 2479 2480 2478
4 2480 2456 2478 2451
4 2480 2478 2479 2473
4 2480 2473 2475 2451
4 2480 2478 2473 2451
4 3692 2458 3420 2457
4 3692 2457 3420 2456
4 3520 2456 2286 2281
4 3537 3421 3520 2478
4 3623 3421 2479 2478
4 2710 2694 2709 2693
4 3420 2461 2485 2285
4 2522 2520 2282 2281
4 3549 3294 3293 1472
4 2609 2556 2554 1094
4 2530 2445 2446 530
4 3580 3549 3252 1473
4 3420 2481 2482 2456
4 3588 2459 2483 2453
4 3419 2502 2522 2501
4 3420 2522 2446 2259
4 3520 2259 2366 2093
4 3580 3549 1473 530
4 2503 2495 2490 2286
4 2553 2537 2538 530
4 3420 2286 2485 2280
4 3420 2522 2281 2280
4 2522 2509 2513 2501
4 2493 2485 2484 2285
4 3260 3200 3203 3011
4 3086 2632 2631 2577
4 3175 3142 3165 2751
4 2522 2493 2503 2485
4 2502 2494 2463 2286
4 3520 3420 2459 2458
4 2799 2794 2774 2768
4 3413 3100 3101 3099
4 2500 2486 2487 2286
4 2493 2484 2489 2285
4 2493 2286 2485 2285
4 2493 2489 2286 2285
4 3502 1885 3501 1884
4 2520 2467 2468 2286
4 3520 2458 2459 2457
4 3658 2485 2461 2285
4 3520 3420 2366 2258
4 2495 2489 2490 2286
4 2495 2493 2489 2286
4 2553 2530 2532 530
4 3412 3144 3165 3101
4 2553 2445 2530 530
4 3419 2522 2521 2505
4 2613 2612 2611 1463
4 3580 2248 2249 520
4 3549 3458 2634 2633
4 2619 2594 2595 2566
4 2504 2500 2503 2286
4 2505 2486 2500 2286
4 3419 2510 2522 2509
4 2503 2493 2495 2286
4 3409 3261 3264 3252
4 3543 2233 1983 1799
4 3520 2477 2478 2365
4 3520 3420 2281 2280
4 2511 2464 2465 2286
4 3267 2861 2860 2854
4 2522 2521 2505 2504
4 2501 2487 2488 2286
4 2501 2500 2487 2286
4 2502 2488 2494 2286
4 2502 2501 2488 2286
4 2503 2500 2501 2286
4 2522 2503 2504 2500
4 2503 2485 2493 2286
4 2633 2613 2617 2560
4 3520 3420 2282 2281
4 2509 2501 2502 2286
4 2504 2491 2492 2286
4 2504 2503 2491 2286
4 2505 2500 2504 2286
4 2505 2504 2486 2286
4 2522 2511 2512 2510
4 2507 2469 2470 2286
4 2507 2506 2469 2286
4 2841 2787 2840 2786
4 2841 2788 2787 2786
4 3253 3252 3248 3227
4 2983 2643 2645 2588
4 2508 2470 2471 2286
4 2508 2507 2470 2286
4 2513 2471 2472 2286
4 2512 2510 2511 2286
4 2513 2508 2471 2286
4 2511 2465 2462 2286
4 2512 2506 2507 2286
4 2510 2463 2464 2286
4 2510 2509 2463 2286
4 2511 2510 2464 2286
4 2522 2510 2512 2509
4 2512 2511 2462 2286
4 2512 2462 2506 2286
4 2512 2509 2510 2286
4 2522 2521 2504 2503
4 2522 2504 2505 2500
4 2512 2507 2508 2286
4 2512 2508 2509 2286
4 2522 2496 2521 2485
4 2522 2509 2512 2508
4 2513 2501 2509 2286
4 2513 2509 2508 2286
4 3053 2993 2994 2926
4 3094 2627 1208 1206
4 2522 2501 2503 2500
4 2515 2466 2467 2286
4 2515 2514 2466 2286
4 2514 2501 2513 2286
4 3420 2522 2282 2281
4 2522 2485 2520 2281
4 2522 2513 2509 2508
4 3297 3252 3293 1473
4 2515 2485 2503 2286
4 2515 2503 2501 2286
4 2515 2501 2514 2286
4 2613 1100 2607 1094
4 3199 3197 3198 3011
4 2522 2507 2512 2506
4 2522 2521 2495 2493
4 2520 2286 2468 2280
4 2520 2281 2485 2280
4 2520 2485 2286 2280
4 2520 2485 2515 2286
4 2609 2607 2608 1463
4 3267 2838 3006 2837
4 3278 2553 2552 530
4 3283 2553 3282 1473
4 3269 2523 3258 530
4 2530 2522 2526 530
4 3545 3455 3451 2619
4 2553 2532 2536 530
4 3420 2530 2522 2485
4 2526 2518 2519 2517
4 3269 2548 2549 530
4 3164 3158 3162 3157
4 2526 2524 2525 2517
4 2526 2519 2522 2496
4 2526 2498 2519 2496
4 3281 3280 3230 3229
4 2526 2499 2519 2498
4 3419 2522 2505 2500
4 2526 2523 2524 2516
4 2526 2524 2523 530
4 2526 2525 2524 530
4 3257 2523 2524 530
4 3278 1473 2553 530
4 2526 2517 2519 2516
4 2526 2524 2517 2516
4 2535 2534 2529 2499
4 2658 2604 2605 2603
4 3267 2805 2860 2803
4 2530 2446 2522 530
4 2543 2535 2529 2499
4 2658 2646 2598 2577
4 3412 3165 3175 3142
4 2530 2526 2522 2496
4 2530 2496 2522 2485
4 3420 2446 2530 2393
4 3420 2530 2496 2393
4 3420 2496 2530 2485
4 2613 1144 1101 1080
4 2553 2533 2534 530
4 2553 2536 2537 530
4 3270 3266 3268 3011
4 3320 3062 3319 3013
4 2553 2539 2533 530
4 2533 2499 2526 2498
4 2536 2530 2526 530
4 3580 3501 1886 1885
4 2536 2532 2530 530
4 2537 2536 2533 530
4 3278 3274 1473 530
4 3358 3081 3001 3000
4 3549 2642 2643 1463
4 2553 2551 2552 530
4 2535 2533 2534 2499
4 2548 2547 2540 2519
4 2543 2540 2535 2499
4 3267 2956 2959 2872
4 2535 2534 2533 530
4 2536 2497 2498 2496
4 2536 2532 2497 2496
4 2536 2530 2532 2496
4 2536 2533 2526 2498
4 2536 2498 2526 2496
4 2536 2526 2530 2496
4 2537 2528 2531 2527
4 2537 2533 2536 2498
4 2537 2531 2528 2499
4 2553 2550 2551 530
4 2537 2531 2499 2498
4 2537 2499 2533 2498
4 2553 2535 2550 530
4 3461 2618 3458 2617
4 2860 2805 2802 2798
4 3254 3224 3250 3222
4 2611 2610 2607 1463
4 3245 3218 3243 2851
4 2539 2533 2537 2499
4 2539 2537 2528 2499
4 2539 2528 2537 2527
4 2539 2537 2538 2527
4 2539 2537 2533 530
4 2539 2538 2537 530
4 2987 2613 2560 1080
4 3732 2515 2522 2514
4 2548 2540 2541 2519
4 2545 2543 2540 2535
4 2545 2544 2543 2535
4 3309 2872 3267 2854
4 2547 2533 2526 530
4 2547 2535 2533 530
4 3192 1485 1475 1474
4 2547 2526 2533 2499
4 2547 2533 2535 2499
4 2547 2535 2540 2499
4 2547 2519 2526 2499
4 2547 2540 2519 2499
4 2548 2523 2526 2516
4 2548 2526 2523 530
4 2548 2547 2526 530
4 2548 2526 2547 2519
4 2553 2534 2535 530
4 2548 2526 2519 2516
4 2548 2519 2541 2516
4 2549 2523 2548 2516
4 2553 2538 2539 530
4 3279 3274 3278 3224
4 2549 2541 2542 2516
4 2549 2548 2541 2516
4 3274 3272 1473 530
4 2549 2548 2523 530
4 2839 2782 2835 2780
4 3792 3739 3742 3536
4 3644 3549 2641 1463
4 2551 2544 2545 2535
4 2551 2550 2544 2535
4 2551 2545 2540 2535
4 2551 2540 2547 2535
4 2551 2535 2547 530
4 2551 2550 2535 530
4 2611 2610 2557 2554
4 2552 2547 2551 2540
4 3274 2547 3272 530
4 2552 2551 2547 530
4 2552 2545 2546 2540
4 2552 2551 2545 2540
4 3502 1887 3501 1886
4 3580 1914 3501 1908
4 3272 3258 3254 1473
4 2609 2555 2608 2554
4 3271 3236 3237 3206
4 3638 3501 3502 2250
4 3858 1102 1152 1101
4 3745 3433 3582 2992
4 3536 2655 2631 2630
4 3574 302 303 296
4 2613 1463 2607 1100
4 3267 2909 2910 2908
4 3455 2989 3451 2982
4 447 434 778 430
4 3536 2723 2679 1698
4 2724 2679 2723 2671
4 2628 1208 2627 1206
4 2628 1592 2627 1208
4 3589 2721 2720 1483
4 3597 581 778 580
4 2609 1100 1099 1093
4 3580 520 410 409
4 3580 1473 3252 530
4 3536 3093 2745 2738
4 2799 2793 2794 2767
4 3858 2610 3549 2607
4 3267 2957 2959 2956
4 2987 2560 2573 1080
4 3644 2987 1455 1453
4 2987 2573 1111 1105
4 2613 2607 2554 1094
4 2613 2611 2607 1463
4 2987 1259 2986 1205
4 2613 2612 2559 2558
4 3502 1882 3501 1881
4 3644 1487 1455 1454
4 2613 2554 2560 1094
4 2613 2560 1095 1094
4 2613 1101 1095 1080
4 3584 2326 3477 2325
4 3445 1479 3444 1477
4 3644 2981 2982 1463
4 3644 2991 2988 1463
4 3257 2524 3256 530
4 2609 1094 1100 1093
4 2609 1100 1463 1099
4 3580 1886 1887 520
4 2609 2554 2607 1094
4 2637 2613 2633 2560
4 3549 1474 1468 1466
4 3591 2641 3545 2619
4 2617 2614 2561 2560
4 3580 1887 3501 1881
4 3536 2654 2656 2646
4 3901 3745 3644 2644
4 2609 2556 1094 1093
4 2617 2614 2613 1463
4 3871 3464 1151 1150
4 2613 2607 2611 2554
4 3549 1473 1475 1472
4 2613 2559 2560 2558
4 3580 1880 1884 520
4 2755 2705 2748 2700
4 3549 2645 2640 1463
4 2715 1022 1044 1019
4 3580 3501 1882 1881
4 3225 3216 3204 3011
4 3682 2627 1592 1208
4 3452 2755 3450 2754
4 3455 3451 2991 2988
4 2987 1116 1112 1111
4 3587 3070 3433 3069
4 3452 2739 3450 2738
4 2658 2631 2646 2577
4 3678 2843 3637 2842
4 3536 2655 2646 2631
4 2718 2714 2713 2660
4 3638 3611 2250 2248
4 3536 2756 3165 2753
4 3863 2610 3858 2607
4 3863 3858 2608 2607
4 2987 1462 2986 1461
4 2613 2558 2560 2554
4 3536 3165 2756 2748
4 3935 3843 3785 3759
4 3611 3580 3501 2250
4 2617 2563 2564 2562
4 3549 1474 1471 1469
4 3549 1572 1573 530
4 3858 3549 1573 1101
4 3267 2870 2869 2854
4 3543 2190 2233 1799
4 3502 1884 3501 1880
4 3580 1910 1880 520
4 2617 2616 2563 2562
4 3611 424 1572 407
4 3628 3477 3543 527
4 2617 2561 2564 2560
4 3549 2615 2616 1463
4 3536 3092 3088 3087
4 2633 2618 2617 1463
4 3751 2446 2087 2086
4 3777 2844 3678 2839
4 3536 3453 3090 3089
4 3580 2522 2446 530
4 2633 2617 2613 1463
4 2656 2646 2654 2598
4 3433 3357 3322 3321
4 2641 2572 2594 2566
4 2982 2629 2623 1463
4 2987 1455 2986 1454
4 3872 3859 1911 1907
4 3644 3451 2990 2989
4 3644 1588 3445 1467
4 2987 2986 1463 1116
4 3644 2626 2987 1463
4 3644 2989 2990 1463
4 3536 2738 2750 2710
4 3644 1487 1465 1464
4 2986 1455 1453 1116
4 2988 2987 2626 1463
4 3644 1465 2987 1464
4 2986 1454 1455 1116
4 2988 2982 2980 1463
4 3644 3451 2991 2990
4 2716 1208 2628 1206
4 2715 1044 2714 1019
4 2723 1222 1276 1020
4 3682 1592 3542 1208
4 3536 3093 3095 2745
4 2656 2600 2603 2598
4 3098 3097 2765 2760
4 2982 2981 2571 2570
4 3644 1588 2986 1259
4 3536 3453 2658 2657
4 2982 2981 2629 1463
4 2982 2629 2981 2570
4 2982 2571 2572 2570
4 3536 2710 2750 2694
4 3644 2986 1588 1116
4 2991 2988 2990 2568
4 3682 3094 3652 3092
4 3455 2982 3451 2981
4 3682 3536 3542 1592
4 3536 2716 3445 1592
4 3086 2578 2632 2577
4 3798 3678 3777 2844
4 2645 2644 2591 2590
4 3580 2249 2247 520
4 2633 2564 2580 2560
4 2633 2617 2564 2560
4 2633 2565 2580 2564
4 2633 2618 2565 2564
4 3240 3218 3239 2851
4 3611 3562 3580 1572
4 3723 2259 2252 2088
4 3644 2982 2989 1463
4 3543 1795 1799 1793
4 3549 2611 2612 1463
4 3580 3501 1885 1884
4 2987 1111 1112 1105
4 3536 3094 3092 2714
4 3871 1153 3464 1149
4 3580 408 1572 407
4 2984 2983 2637 1463
4 3536 3175 3165 2751
4 3364 3359 3360 1475
4 2639 2638 2637 1463
4 3536 2709 2710 2694
4 3536 2752 3165 2746
4 3553 889 3464 884
4 2988 2984 2980 2574
4 2635 2633 2634 2580
4 2635 2581 2582 2580
4 2635 2634 2581 2580
4 3536 2738 2739 2735
4 3461 2634 3458 2633
4 2636 2635 2633 1463
4 3536 3445 1698 1485
4 3872 3789 3751 3580
4 3644 1454 2986 1116
4 2637 2584 2574 2560
4 2636 2633 2635 2580
4 3644 1465 1487 1454
4 3502 3501 1887 1881
4 2636 2582 2583 2580
4 2636 2635 2582 2580
4 2637 2633 2636 2580
4 2637 2633 2613 1463
4 2637 2636 2633 1463
4 3858 3549 1101 1100
4 3536 2735 2719 2714
4 3644 2987 1465 1463
4 2987 2986 1487 1464
4 2637 2580 2584 2560
4 2637 2633 2580 2560
4 2987 2986 1465 1463
4 2987 1465 2986 1464
4 2637 2583 2584 2580
4 2637 2636 2583 2580
4 3613 3464 863 862
4 3580 1911 1912 520
4 3536 2653 3453 2646
4 3691 3307 3315 3018
4 3536 3453 3091 3090
4 3536 1485 3165 1471
4 3267 2862 2861 2854
4 3644 2987 3451 1259
4 3678 3006 2838 2837
4 3267 2839 2835 2833
4 3742 3536 3739 3453
4 3691 3315 3595 3017
4 3644 3451 2987 2626
4 3588 2483 2455 2453
4 2643 2639 2586 2584
4 2639 2637 2638 2584
4 2639 2585 2586 2584
4 2639 2638 2585 2584
4 3398 3397 1475 1472
4 3536 2748 2755 2710
4 3536 2738 2755 2732
4 3267 2813 2860 2805
4 3267 2836 3006 2775
4 2641 2593 2594 2572
4 2983 2645 2643 1463
4 2641 2594 2619 2566
4 2641 2619 2623 2566
4 3634 3032 3585 3004
4 2643 2639 2642 2586
4 3267 2859 2854 2799
4 3536 3175 2749 2745
4 3536 3373 3358 1474
4 3549 2985 2980 1463
4 3536 2656 2658 2646
4 2645 2644 2643 1463
4 3538 3518 3429 2163
4 2643 2590 2588 2584
4 2983 2588 2645 2587
4 2643 2637 2639 2584
4 3536 3086 2632 2631
4 2645 2643 2644 2590
4 3294 3267 2844 2843
4 3433 3358 1475 1474
4 3573 3039 3053 2993
4 2645 2643 2590 2588
4 3267 2865 2867 2863
4 3691 3018 3315 3017
4 2645 2590 2592 2588
4 3538 3429 2164 2163
4 3644 1592 3445 1588
4 3536 2742 3095 2740
4 2960 2910 2891 2884
4 3536 3175 2750 2749
4 3309 3267 3210 3208
4 3315 3018 3307 3012
4 3309 2868 2872 2854
4 3309 2885 3302 2883
4 3536 2745 3095 2742
4 2988 2574 2573 2560
4 3358 3039 2995 2994
4 2988 2980 2984 1463
4 2658 2656 2657 2603
4 3358 3085 3081 3039
4 3455 2981 3451 2629
4 2655 2653 2646 2598
4 2656 2654 2600 2598
4 2740 2652 2686 2651
4 3089 2658 2659 2605
4 3542 1592 1262 1208
4 3454 3090 3453 3089
4 3536 2655 2653 2646
4 3549 2980 2641 1463
4 3536 2735 2731 2730
4 2735 2683 2734 2682
4 2735 2680 2730 2673
4 3589 3434 2715 1044
4 3589 2719 2715 1483
4 3536 2718 3445 2717
4 2724 2673 2672 2671
4 2663 2622 2628 2621
4 2726 2674 2725 2673
4 2738 2691 2708 2650
4 3589 2722 2723 1022
4 2720 1022 2719 1020
4 3536 2657 2658 2656
4 3742 2741 3536 2740
4 2989 2982 2988 1463
4 3644 3536 1471 1470
4 3644 2983 3549 2640
4 2982 2980 2641 2572
4 3763 3536 3682 3453
4 2658 2657 2604 2603
4 2655 2630 2601 2577
4 2655 2631 2630 2577
4 2655 2646 2631 2577
4 2655 2601 2598 2577
4 2655 2598 2646 2577
4 2655 2601 2599 2598
4 2655 2599 2653 2598
4 2658 2603 2605 2598
4 3536 2755 2738 2710
4 3644 1588 1467 1454
4 3580 1907 1911 520
4 3455 2990 3451 2989
4 2983 2640 2645 1463
4 3142 2950 2750 2749
4 3536 2743 2745 2742
4 3536 3165 2747 2710
4 3536 3089 3093 2658
4 3434 1268 1043 903
4 2755 2732 2738 2708
4 2730 2728 2726 2675
4 2717 1044 2716 1019
4 2665 2663 2664 2628
4 3434 1208 2716 1044
4 2665 2663 2628 2621
4 2728 1698 2727 1276
4 2714 1044 2713 1019
4 3358 3066 3067 3058
4 3722 3611 3580 3501
4 3452 3450 2733 2731
4 3536 3450 2739 2738
4 2730 2680 2675 2673
4 2724 2672 2679 2671
4 2721 1022 2720 1020
4 3549 2618 2633 1463
4 2726 2725 2724 2673
4 2725 1276 2724 1222
4 2730 2726 2724 2673
4 3452 2737 3450 2736
4 2745 2688 2691 2651
4 2738 2605 2708 2577
4 3445 1467 1454 1440
4 3309 3211 2957 2956
4 2714 2662 2661 2660
4 2714 2661 2713 2660
4 3536 2724 2723 2719
4 3742 3053 2949 2926
4 3452 2738 3450 2737
4 3536 2734 2735 1698
4 2729 1698 2728 1276
4 2725 1698 2724 1276
4 3452 3450 2731 2730
4 3536 2722 2720 2719
4 3283 3281 3274 1473
4 2867 2860 2863 2806
4 3568 3008 3009 3007
4 3002 2998 3000 2932
4 2742 2740 2741 2686
4 2953 2845 2841 2788
4 2710 2702 2703 2693
4 2755 2708 2738 2703
4 3267 2867 2866 2854
4 3192 3178 3172 1475
4 3455 3451 2988 2626
4 3597 602 778 583
4 2745 2690 2691 2689
4 2755 2738 2710 2703
4 2750 2746 2694 2692
4 2750 2693 2696 2692
4 3042 3026 3027 3013
4 4271 4267 4270 4263
4 2710 2703 2696 2693
4 3644 3451 2982 2981
4 3309 3267 2911 2907
4 3267 2841 2839 2775
4 3445 1481 3444 1480
4 3358 3039 2999 2998
4 3159 3154 3105 3101
4 2738 2631 2658 2577
4 3267 2839 2842 2835
4 2732 2708 2712 2706
4 2755 2711 2708 2703
4 2724 1698 2679 1276
4 2748 2700 2705 2699
4 2755 2701 2711 2700
4 2723 2670 2722 2667
4 3445 1588 1586 1582
4 3374 3175 3176 1475
4 2730 1698 2729 1276
4 3450 3160 3107 3101
4 3445 1580 1577 1576
4 2738 2735 2631 2577
4 2750 2694 2693 2692
4 2720 1698 2719 1483
4 2738 2708 2732 2706
4 2745 2691 2738 2650
4 2735 2684 2683 2682
4 3267 2960 3207 2898
4 2753 2700 2748 2699
4 2710 2709 2702 2693
4 3644 2623 2629 1463
4 3536 3373 3175 3169
4 3580 1887 1881 520
4 2726 1698 2725 1276
4 2730 2675 2726 2673
4 2739 2738 2685 2684
4 2748 2704 2705 2703
4 3536 2723 2724 2679
4 2755 2711 2732 2708
4 2735 2719 2714 2662
4 2718 1044 2717 1019
4 3434 1268 1208 1043
4 2723 1022 2722 1020
4 3092 2735 2714 2620
4 3536 3445 1470 1466
4 3536 2729 2730 1698
4 2714 2662 2621 2620
4 2730 2677 2728 2675
4 2730 2680 2677 2675
4 3536 3165 3175 1469
4 2719 2667 2666 2662
4 2723 2679 1276 1222
4 3445 1444 1471 1443
4 3434 1597 1483 1478
4 3092 2620 3087 2579
4 2718 2717 2714 2660
4 3445 1581 1595 1580
4 2717 2664 2716 2628
4 2717 2665 2662 2660
4 2717 2662 2714 2660
4 2717 2662 2665 2621
4 2717 2714 2662 2621
4 2717 2665 2628 2621
4 3094 2714 2621 2620
4 3589 1600 1599 1483
4 3434 1597 1478 1423
4 3536 2719 3445 2715
4 3536 3373 3169 3053
4 3628 3580 2444 529
4 3644 1463 1465 1454
4 3093 2647 2650 2605
4 2724 2723 2719 2667
4 2723 2671 2670 2667
4 2724 2673 2671 2667
4 2735 2684 2662 2620
4 3589 1601 1600 1483
4 3589 2722 2721 1698
4 2721 1698 2720 1483
4 3589 1047 1046 1045
4 3445 2716 2717 1592
4 3536 2737 2738 2736
4 2735 2684 2680 2673
4 2722 2721 2720 2668
4 2722 2670 2669 2668
4 3536 2627 2628 1592
4 2722 2669 2721 2668
4 3536 2714 3445 2713
4 2722 2670 2668 2667
4 2722 2668 2720 2667
4 2722 2720 2719 2667
4 2723 2722 2719 2667
4 3536 3165 2709 2694
4 3536 2717 3445 2716
4 3536 3445 2718 2713
4 3536 2726 2725 2724
4 2730 2680 2678 2677
4 3536 3450 2738 2737
4 2738 2658 2605 2577
4 2724 1276 2679 1222
4 2726 1276 2725 1222
4 2727 1276 2726 1222
4 2738 2707 2708 2706
4 2730 2678 2729 2677
4 2726 2675 2674 2673
4 2730 1276 2729 1222
4 2730 2729 2728 2677
4 2728 1276 2727 1222
4 2735 2734 2733 2682
4 2729 1276 2728 1222
4 2738 2650 2708 2605
4 2728 2677 2676 2675
4 3092 2579 3086 2577
4 2728 2727 2726 2675
4 2728 2676 2727 2675
4 3411 3154 3165 3153
4 3536 2753 2755 2748
4 2739 2735 2738 2684
4 3563 3561 3414 3131
4 2735 2662 2714 2620
4 2735 2733 2731 2681
4 3450 1276 2730 1222
4 3452 3450 3101 2748
4 2735 2682 2733 2681
4 2735 2684 2682 2681
4 2738 2732 2736 2706
4 2735 2681 2731 2680
4 2735 2684 2667 2662
4 2735 2667 2719 2662
4 2735 2724 2719 2667
4 2735 2730 2724 2673
4 2735 2684 2673 2667
4 2735 2673 2724 2667
4 2738 2737 2707 2706
4 2755 2754 2701 2700
4 3536 3445 2719 1698
4 3413 3126 3129 3125
4 2738 2736 2737 2706
4 2738 2708 2684 2577
4 2738 2708 2685 2684
4 3450 1698 2730 1276
4 2738 2684 2735 2577
4 3536 2646 2658 2631
4 2738 2703 2708 2696
4 2738 2710 2703 2696
4 2745 2743 2744 2689
4 2750 2745 2749 2691
4 3644 2987 2986 1454
4 3536 2733 2734 1698
4 3452 3450 2734 2733
4 3580 1881 1882 520
4 3742 3734 2949 2744
4 3445 1568 1589 1480
4 3525 3409 3252 3205
4 3093 3091 2649 2648
4 2745 2651 2691 2650
4 2742 2686 2688 2651
4 2742 2740 2686 2651
4 2742 2687 2688 2686
4 2742 2741 2687 2686
4 3115 2942 2943 2941
4 3192 3163 3164 1474
4 3524 3118 3053 3002
4 2960 2898 2896 2888
4 2745 2743 2689 2688
4 2750 2696 2738 2691
4 2745 2744 2690 2689
4 3536 3092 2735 2714
4 2799 2774 2775 2768
4 2745 2742 2743 2688
4 3093 2648 2650 2647
4 3536 2723 2722 2719
4 3536 2719 2715 2714
4 2959 2956 2957 2902
4 2750 2695 2696 2691
4 3265 3264 3252 3249
4 2959 2956 2902 2819
4 2748 2710 2747 2703
4 2959 2902 2904 2819
4 3445 1560 1550 1476
4 3536 3450 2755 2754
4 2755 2711 2705 2700
4 2960 2888 2896 2887
4 3175 3169 3170 3142
4 2750 2749 2695 2691
4 3412 3144 3101 3100
4 3299 2963 2965 2962
4 3536 3453 2654 2646
4 2750 2738 2745 2691
4 3445 3444 1482 1478
4 3549 2609 2608 1463
4 2750 2694 2710 2693
4 2750 2710 2696 2693
4 2750 2710 2738 2696
4 3536 1471 3165 1469
4 3267 2954 2953 2841
4 2751 2746 2750 2692
4 2751 2696 2697 2692
4 2751 2750 2696 2692
4 2752 2746 2751 2692
4 3267 2858 2828 2777
4 2752 2697 2698 2692
4 2752 2751 2697 2692
4 3563 3131 3413 3130
4 2755 2748 2753 2700
4 2755 2753 2754 2700
4 2755 2710 2748 2703
4 3549 1474 1473 1468
4 3536 2730 2726 2724
4 2755 2705 2711 2703
4 2755 2748 2705 2703
4 2756 2753 2748 2699
4 3445 1580 1576 1560
4 3450 2734 2733 1698
4 3101 2761 2762 2760
4 2910 2900 2901 2899
4 3253 3252 3227 3225
4 2907 2905 2906 2901
4 3598 3137 3412 3136
4 3644 3591 2985 2984
4 3450 2731 2730 1698
4 3450 3165 3160 3101
4 3450 3165 3101 2747
4 3536 3175 2751 2750
4 3450 2748 3165 2747
4 3568 3408 3215 3214
4 3433 3315 3318 3042
4 3452 3450 2756 2753
4 3649 3144 3598 3098
4 3395 3377 3387 1472
4 3571 3568 3410 3243
4 3299 2962 2965 2961
4 3097 2764 2765 2759
4 3101 3099 3100 2760
4 3267 2923 3210 2910
4 2960 2895 2892 2884
4 2960 2891 2889 2888
4 2960 2892 2910 2884
4 3126 2759 2948 2757
4 3412 3135 3127 3126
4 3129 3125 3126 2947
4 3309 3267 2894 2892
4 3210 2960 2910 2891
4 3568 3006 3245 2775
4 3309 3211 2959 2957
4 3413 3412 3098 3097
4 3411 3153 3165 3152
4 3098 2765 2766 2760
4 2779 2778 2775 2773
4 3901 2636 3549 2635
4 2959 2901 2904 2899
4 2841 2840 2839 2786
4 2863 2860 2862 2806
4 3408 3297 3291 3271
4 3502 1886 3501 1885
4 3581 3193 3246 3007
4 3011 3009 3010 2823
4 3573 2996 3039 2994
4 2844 2790 2843 2786
4 3267 2854 2800 2799
4 3267 2837 2839 2833
4 3549 1573 1473 530
4 3253 3227 3248 3011
4 2778 2774 2775 2773
4 3901 2637 3549 2636
4 2860 2803 2798 2797
4 3777 3678 3746 3252
4 2839 2835 2833 2780
4 2778 2776 2774 2773
4 2778 2776 2769 2768
4 2778 2769 2777 2768
4 2778 2775 2774 2768
4 2778 2774 2776 2768
4 3851 3777 3746 3549
4 3678 3267 2835 2834
4 3551 1524 1314 1309
4 3267 2958 2955 2879
4 3777 3294 3745 2840
4 2835 2834 2833 2780
4 3745 3294 2845 2841
4 3409 3226 3252 3225
4 3461 2614 3458 2613
4 3926 3901 3458 2634
4 2883 2877 2879 2788
4 3591 2985 3545 2980
4 3644 2645 3549 2644
4 3575 3017 3306 3016
4 3581 3007 3246 3006
4 3678 2838 3267 2833
4 2839 2784 2837 2774
4 3926 3458 3461 2634
4 2910 2901 2884 2774
4 2883 2880 2878 2877
4 2828 2778 2777 2768
4 2799 2794 2768 2767
4 3538 2170 3426 2165
4 2860 2801 2797 2794
4 3266 3265 3252 3249
4 3575 3019 3306 3017
4 3416 3003 3169 3002
4 3115 3004 2938 2936
4 3267 3210 2923 2919
4 3575 3406 3018 3017
4 2801 2799 2800 2794
4 2801 2795 2797 2794
4 2801 2800 2795 2794
4 2867 2863 2809 2806
4 3267 2835 2834 2833
4 2872 2870 2871 2817
4 2870 2869 2816 2814
4 2910 2909 2900 2899
4 3536 3453 2659 2658
4 2870 2816 2817 2814
4 2910 2884 2892 2774
4 2867 2812 2814 2811
4 2959 2903 2904 2902
4 2860 2805 2813 2802
4 3267 2955 2954 2841
4 3597 582 778 581
4 3568 3206 3212 3011
4 3644 3536 3445 1592
4 3408 3293 3297 3252
4 2960 2891 2888 2887
4 2860 2775 2799 2774
4 2860 2799 2794 2774
4 3252 3216 3225 3203
4 3226 3219 3220 3011
4 2860 2798 2806 2797
4 3412 3171 3176 3161
4 3245 3244 2857 2856
4 2865 2863 2864 2809
4 3267 2799 2860 2775
4 3568 3408 3206 3011
4 2863 2808 2809 2806
4 3309 3267 2895 2894
4 2860 2794 2806 2774
4 2860 2797 2806 2794
4 3464 1524 1419 1371
4 2892 2885 2883 2880
4 2860 2799 2801 2794
4 3726 3129 3413 3101
4 2839 2837 2775 2774
4 3257 3256 1473 530
4 3294 1473 3293 1472
4 2883 2879 2841 2788
4 2841 2786 2839 2774
4 2867 2863 2865 2809
4 2841 2788 2786 2774
4 3267 2864 2863 2854
4 3011 2824 2825 2823
4 3267 2832 2859 2831
4 3217 2849 2850 2848
4 3549 3293 3252 1473
4 3243 2853 2856 2851
4 3267 2831 2859 2827
4 3267 2803 2860 2801
4 3243 3218 3240 2851
4 3751 3679 3522 2522
4 3283 3275 3250 3224
4 2859 2772 2793 2771
4 2828 2775 2778 2768
4 2828 2799 2768 2767
4 2828 2827 2799 2767
4 2828 2799 2775 2768
4 3245 2779 2858 2778
4 2859 2793 2799 2767
4 2859 2832 2772 2771
4 2859 2831 2832 2771
4 2832 2831 2830 2770
4 3568 3267 3408 3007
4 2832 2772 2771 2770
4 2832 2771 2831 2770
4 3926 2635 3901 2634
4 2839 2833 2837 2780
4 3798 3637 3678 2844
4 3663 3253 3259 3252
4 3299 2964 2965 2963
4 3663 3259 3525 3252
4 3254 2525 2526 530
4 2835 2781 2834 2780
4 3252 3226 3227 3225
4 3751 2086 3723 2085
4 2839 2786 2784 2774
4 2860 2801 2803 2797
4 2837 2836 2775 2774
4 2839 2784 2786 2780
4 2841 2839 2775 2774
4 2839 2837 2784 2780
4 2839 2786 2782 2780
4 2837 2784 2783 2774
4 2837 2783 2836 2774
4 3751 2366 2259 2088
4 2838 2837 2833 2780
4 2838 2785 2784 2780
4 2838 2784 2837 2780
4 2844 2843 2839 2786
4 3901 2635 3458 2634
4 3777 3549 3644 3294
4 2844 2791 2790 2786
4 3306 2967 2972 2966
4 2895 2894 2892 2884
4 2883 2878 2881 2877
4 3901 2642 3549 2639
4 3644 2644 3549 2643
4 2842 2835 2839 2782
4 2842 2786 2789 2782
4 2842 2839 2786 2782
4 3678 3293 2843 2842
4 2843 2842 2839 2786
4 2843 2790 2789 2786
4 2843 2789 2842 2786
4 2879 2877 2875 2788
4 2860 2804 2806 2802
4 3245 3243 3244 2856
4 2863 2862 2808 2806
4 2860 2813 2804 2802
4 3271 3270 3236 3206
4 3568 3243 3245 3218
4 3267 2869 2867 2854
4 3267 2959 2910 2872
4 3243 2855 2856 2853
4 3267 2862 2863 2860
4 2860 2802 2806 2798
4 3622 3568 3408 3240
4 3267 2861 2862 2860
4 3408 3286 3293 3267
4 3267 2864 2865 2863
4 3212 3206 2826 2825
4 2867 2809 2814 2806
4 3258 3257 1473 530
4 3644 3591 3621 3457
4 3267 2863 2862 2854
4 3536 2658 2738 2631
4 3267 3210 3208 2960
4 3267 2865 2864 2854
4 3272 3269 3258 1473
4 3568 3213 3214 3212
4 3218 3011 3217 2825
4 3006 2820 2779 2775
4 3523 2508 2522 2507
4 3245 3009 3218 2823
4 3309 3211 2920 2919
4 3644 1474 3549 1469
4 3006 2836 2837 2820
4 3006 2836 2820 2775
4 2859 2799 2827 2767
4 2859 2827 2831 2767
4 2859 2771 2793 2767
4 2859 2831 2771 2767
4 3309 2911 3211 2907
4 2862 2861 2807 2806
4 2862 2807 2808 2806
4 2862 2860 2861 2806
4 2870 2814 2817 2806
4 2867 2866 2812 2811
4 2865 2810 2811 2809
4 3267 2828 2827 2799
4 2867 2865 2866 2811
4 2865 2864 2810 2809
4 3267 2866 2867 2865
4 2867 2865 2811 2809
4 2870 2860 2867 2806
4 2867 2811 2814 2809
4 3622 3408 3242 3240
4 2870 2867 2869 2814
4 2870 2867 2814 2806
4 2883 2881 2879 2877
4 2872 2871 2818 2817
4 2872 2818 2819 2817
4 3309 3211 3210 2921
4 2910 2775 2860 2774
4 2910 2901 2891 2884
4 3742 2743 3536 2742
4 2883 2880 2877 2788
4 3678 3637 3006 2837
4 3176 3171 3166 3161
4 3591 2980 3545 2641
4 3433 3069 3070 3065
4 3742 3734 2744 2743
4 2960 2896 2895 2887
4 3252 3247 3248 3227
4 3742 2744 3536 2743
4 2892 2788 2841 2774
4 3093 3089 3090 2647
4 3596 3214 3408 3213
4 3742 3734 2742 2741
4 3115 3002 3004 2936
4 2895 2887 2886 2884
4 3536 2741 2742 2740
4 2892 2883 2841 2788
4 2892 2841 2775 2774
4 2910 2860 2870 2806
4 3309 3294 3287 3267
4 2892 2884 2788 2774
4 2895 2886 2894 2884
4 3585 3416 3081 3003
4 3358 3039 3000 2999
4 3254 3252 1473 530
4 3210 2897 3208 2891
4 3302 2930 2962 2929
4 3267 2883 2879 2841
4 2910 2870 2872 2817
4 2892 2880 2883 2788
4 2892 2884 2880 2788
4 2892 2884 2882 2880
4 2892 2882 2885 2880
4 2910 2870 2817 2806
4 2910 2817 2901 2806
4 2910 2860 2806 2774
4 2910 2806 2901 2774
4 2910 2872 2819 2817
4 2910 2819 2901 2817
4 3598 3137 3138 3132
4 3267 2828 2799 2775
4 3272 2547 2548 530
4 3598 3133 3412 3132
4 2911 2905 2907 2901
4 2911 2907 2910 2901
4 2919 2914 2917 2912
4 2923 2910 2907 2901
4 2923 2915 2916 2906
4 2923 2907 2906 2901
4 3267 2779 3245 2778
4 2923 2922 2915 2906
4 3210 2923 2919 2914
4 3644 2629 2981 1463
4 3635 2955 2992 2930
4 2923 2916 2919 2914
4 3258 2523 3257 530
4 2919 2916 2917 2914
4 3128 3120 2975 2926
4 2444 2392 3423 2391
4 3267 2960 2898 2896
4 3267 2910 2911 2907
4 3433 3417 3063 3062
4 3014 2977 2979 2929
4 2960 2891 2890 2889
4 3210 2913 2914 2912
4 3269 3258 1473 530
4 3267 2831 2858 2830
4 2923 2907 2922 2906
4 3257 3256 3254 1473
4 2923 2906 2916 2901
4 2960 2889 2898 2888
4 3210 2919 2920 2912
4 2923 2916 2914 2901
4 2960 2891 2887 2884
4 3612 3042 3027 3019
4 3591 3545 3451 2619
4 3433 3318 3065 3042
4 3002 3001 2935 2934
4 3361 3333 3355 3332
4 3416 3324 3373 3169
4 4271 1574 4263 1573
4 3610 3308 3300 3299
4 3012 2976 2977 2968
4 3644 3536 3433 1474
4 3210 2914 2897 2891
4 3165 3144 3160 3101
4 3393 3365 3358 1475
4 3302 2930 2992 2883
4 2985 2984 2980 1463
4 3039 2996 2998 2995
4 3536 3165 2748 2747
4 3742 3734 2741 2740
4 3418 3057 3358 3056
4 3118 3115 3117 2943
4 3280 2553 3279 1473
4 3039 2996 2995 2994
4 3309 2920 3267 2919
4 2995 2994 2928 2926
4 2998 2995 2931 2926
4 3294 3267 2840 2839
4 3426 2367 2420 2314
4 3309 2923 3211 2919
4 3454 2657 3453 2656
4 3053 2994 2995 2926
4 3309 3211 2962 2895
4 3085 3077 3078 3076
4 3113 3004 3112 2938
4 3433 3383 3406 3294
4 4271 4263 1574 1569
4 3373 3175 1475 1474
4 3165 3148 3149 3144
4 3292 2553 3285 1473
4 3575 3019 3017 3012
4 3000 2933 2934 2932
4 3575 3300 3302 3299
4 3524 3169 2998 2995
4 3165 3152 3154 3147
4 3165 3101 2710 2709
4 3374 3176 3192 1475
4 3309 3211 3207 2960
4 3085 3078 3074 2996
4 3585 3113 3416 3112
4 3309 3267 2896 2895
4 3536 2718 2714 2713
4 3412 3144 3099 3098
4 3118 3002 3115 2936
4 3069 3064 3068 3013
4 3274 3272 3254 1473
4 3433 3321 3318 3315
4 3118 2943 2945 2936
4 3036 3029 3030 3013
4 2998 2931 2932 2926
4 3644 1468 3536 1466
4 3379 3326 3330 3325
4 3126 2765 2948 2759
4 3126 2948 2765 2760
4 3358 3054 3055 3041
4 3142 2949 2950 2745
4 3589 3462 3541 1049
4 3742 3169 3142 2949
4 3450 3160 3165 1698
4 3524 3000 3002 2998
4 3416 2998 3169 2995
4 3413 3412 3099 3098
4 2953 2792 2845 2788
4 2953 2873 2792 2788
4 2955 2841 2879 2788
4 2955 2954 2841 2788
4 2954 2953 2841 2788
4 2954 2874 2873 2788
4 2954 2873 2953 2788
4 2955 2875 2874 2788
4 2955 2874 2954 2788
4 2956 2819 2872 2815
4 2956 2902 2819 2815
4 2959 2908 2910 2899
4 2959 2957 2903 2902
4 3267 2923 2910 2907
4 3279 3278 3274 1473
4 3267 2922 2923 2907
4 2958 2879 2876 2875
4 2958 2955 2879 2875
4 2959 2910 2901 2899
4 2959 2910 2872 2819
4 2959 2872 2956 2819
4 2959 2904 2901 2819
4 2959 2901 2910 2819
4 2960 2887 2895 2884
4 3210 2920 2921 2912
4 3210 2914 2919 2912
4 3267 2960 2896 2895
4 2992 2883 2930 2881
4 3524 3169 2995 2994
4 3081 3039 3001 3000
4 3575 3013 3014 3012
4 3039 2999 2998 2996
4 3413 3412 3127 3126
4 2992 2930 2958 2879
4 3298 3293 3294 1473
4 3311 3307 3691 3017
4 2992 2881 2930 2879
4 3165 1471 1485 1469
4 3064 3063 3023 3013
4 3063 3022 3023 3013
4 3165 3101 2747 2710
4 2994 2927 2928 2926
4 3302 2885 2962 2883
4 3524 3416 3122 3118
4 3524 3416 3117 3115
4 3002 2932 2936 2926
4 3002 2998 2932 2926
4 2995 2928 2931 2926
4 3309 3210 3267 2921
4 3064 3062 3063 3013
4 3585 3112 3416 3005
4 3835 3786 3802 3780
4 3369 3364 3367 1475
4 2980 2574 2593 2572
4 2980 2593 2641 2572
4 2982 2641 2980 1463
4 2985 2980 2984 2593
4 3742 3169 3536 3142
4 3644 2641 2619 1463
4 2987 1115 1116 1111
4 2982 2623 2641 1463
4 2982 2570 2572 2566
4 2982 2629 2570 2566
4 2982 2623 2629 2566
4 2982 2572 2641 2566
4 2982 2641 2623 2566
4 2983 2645 2640 2587
4 3536 3445 1471 1470
4 2987 1112 1164 1105
4 2983 2637 2643 2584
4 2983 2643 2588 2584
4 2984 2637 2983 2584
4 2984 2596 2593 2574
4 2984 2593 2980 2574
4 2984 2588 2596 2584
4 2984 2983 2588 2584
4 2984 2584 2596 2574
4 2984 2637 2584 2574
4 3538 3518 2163 2162
4 3536 3165 2752 2751
4 2985 2596 2597 2593
4 2985 2984 2596 2593
4 2987 2573 2569 1115
4 2986 1453 1461 1116
4 2988 2984 2637 1463
4 2986 1465 1463 1116
4 2987 1116 1463 1112
4 2986 1461 1462 1116
4 2988 2980 2982 2572
4 2986 1464 1465 1116
4 2987 2573 1115 1111
4 2986 1462 1459 1116
4 2987 1164 1463 1162
4 2986 1487 1464 1116
4 2988 2626 2987 2573
4 2986 1459 1487 1116
4 2987 1463 1164 1112
4 2987 1105 1164 1088
4 2987 2573 1105 1088
4 2988 2568 2574 2567
4 2988 2572 2982 2567
4 3644 1455 1461 1453
4 2987 1487 2986 1459
4 3644 1461 2987 1453
4 2987 2986 1462 1459
4 2987 1088 1162 1080
4 2987 2573 1088 1080
4 2987 1162 1463 1144
4 2987 1463 2613 1144
4 2987 1162 1144 1080
4 2987 1144 2613 1080
4 2988 2987 2613 2560
4 2988 2637 2984 2574
4 2988 2637 2613 1463
4 2988 2613 2987 1463
4 2988 2613 2637 2560
4 2988 2637 2574 2560
4 3817 3745 3644 3582
4 2989 2988 2982 2567
4 3455 2623 3451 2619
4 2991 2576 2574 2568
4 3536 2750 2751 2746
4 2990 2989 2988 1463
4 2990 2568 2988 2567
4 2990 2988 2989 2567
4 2991 2574 2988 2568
4 3682 3536 3092 3088
4 3454 2656 3453 2654
4 3536 2628 2716 1592
4 3549 2613 2614 1463
4 2991 2990 2988 1463
4 3817 3644 3745 3591
4 3012 2968 2977 2929
4 3172 3167 3168 3166
4 3309 2959 3211 2908
4 3053 2995 2998 2926
4 3745 2841 3635 2840
4 3568 3217 3218 3011
4 2992 2955 2958 2930
4 3192 3188 3163 1474
4 3297 3295 3254 1473
4 3745 3433 3309 3294
4 3113 3112 2940 2938
4 3742 3734 2743 2742
4 3585 3032 3112 3005
4 3617 2751 3142 2750
4 3065 3037 3042 3013
4 3306 3015 3016 2966
4 3358 3040 3085 3039
4 3267 2778 3245 2777
4 3281 2553 3280 1473
4 2994 2993 2927 2926
4 3115 3113 2941 2938
4 3306 2971 2972 2969
4 3002 2935 2936 2934
4 3002 3000 2934 2932
4 3000 2999 2933 2932
4 3064 3023 3024 3013
4 3416 3121 3118 3117
4 3416 2995 3169 2994
4 3115 3114 2942 2941
4 3413 3098 3099 3097
4 3000 2998 2999 2932
4 3165 3149 3145 3144
4 3002 2934 2936 2932
4 3666 3121 3416 3115
4 3053 2998 3002 2926
4 3002 3000 3001 2934
4 3115 3113 3114 2941
4 3080 3060 3073 3051
4 3063 3062 3022 3013
4 3564 3524 3124 3119
4 3115 2941 2943 2938
4 3004 2937 2938 2936
4 3004 3002 3003 2936
4 3004 3003 2937 2936
4 3433 3364 3383 1472
4 3113 2940 2941 2938
4 3037 3031 3026 3013
4 3042 3027 3019 3014
4 3112 2939 2940 2938
4 3112 3004 3005 2938
4 3009 3008 2822 2821
4 3245 2851 2858 2823
4 3009 2822 2823 2821
4 3258 3257 3254 1473
4 3285 2553 3284 1473
4 3267 2895 2894 2892
4 3267 2920 3210 2919
4 3240 3239 2852 2851
4 3267 2866 2865 2854
4 3267 2854 2801 2800
4 3284 2553 3283 1473
4 3259 3225 3253 3011
4 3309 3211 2956 2868
4 3615 3596 3271 3209
4 3419 2509 2522 2502
4 3247 3193 3194 3011
4 3267 2854 2859 2832
4 3523 2522 3419 2511
4 3217 3215 2849 2848
4 3748 3247 3252 3246
4 3253 3248 3195 3011
4 3011 3010 2824 2823
4 3267 2870 2910 2860
4 3009 3007 3008 2821
4 3218 2825 2851 2823
4 3568 3245 2779 2775
4 3270 3236 3206 3011
4 3243 3240 3241 2853
4 3568 3408 3239 3218
4 3218 3009 3011 2823
4 3568 3239 3240 3218
4 3218 3217 2850 2825
4 3217 2848 2850 2846
4 3212 3206 3209 2826
4 3245 2820 2858 2779
4 3218 3011 2825 2823
4 3270 3268 3266 3252
4 3216 3205 3202 3011
4 3568 3215 3217 3214
4 3378 3377 1475 1472
4 3373 3358 2995 2994
4 3014 3012 2977 2929
4 3014 3012 3013 2977
4 3014 2978 2979 2977
4 3014 3013 2978 2977
4 3309 2911 3267 2910
4 3575 3018 3406 3012
4 3309 2958 3267 2879
4 3595 3017 3406 3016
4 3310 3305 3301 2969
4 3309 3211 2909 2908
4 3306 3305 2971 2969
4 3309 2881 2992 2879
4 3402 3399 1475 1472
4 3306 3017 2968 2967
4 3017 2968 3012 2929
4 3309 3267 3208 2960
4 3018 2976 3012 2968
4 3018 3012 3017 2968
4 3019 3012 3014 2929
4 3019 3017 3012 2929
4 3309 3211 2911 2910
4 3306 2972 2962 2961
4 3309 2892 2962 2885
4 3524 3123 3124 3118
4 3411 3150 3165 3149
4 3358 3352 3347 3083
4 3042 3038 3026 3013
4 3320 3314 3022 3013
4 3433 3019 3406 3014
4 3367 3364 3365 1475
4 3038 3037 3026 3013
4 3124 3119 3120 2975
4 3039 3001 3000 2996
4 3298 2553 3297 1473
4 3358 3080 3085 3058
4 3309 2959 3267 2957
4 3309 2896 3211 2895
4 3433 3417 3320 3319
4 3039 3000 2999 2996
4 3112 3005 2939 2938
4 3568 2779 3267 2775
4 3042 3027 3014 3013
4 3450 2756 3165 2748
4 3054 3035 3047 3033
4 3575 3406 3017 3016
4 3079 3061 3072 3060
4 3054 3041 3043 3028
4 3282 2553 3281 1473
4 3037 3030 3031 3013
4 3037 3036 3030 3013
4 3745 3309 3433 2992
4 3413 3412 3142 3101
4 3309 3267 2881 2879
4 3065 3036 3037 3013
4 3464 1524 1433 1417
4 3042 3037 3038 3013
4 3597 583 778 582
4 3536 2731 2733 1698
4 3445 1482 1481 1480
4 3055 3040 3041 2997
4 3660 3433 3065 3036
4 3575 3406 3019 3014
4 3650 2414 2299 2293
4 3279 2553 3278 1473
4 3405 1475 3374 1472
4 3165 3145 3160 3144
4 3547 2297 2414 2296
4 3433 3320 3417 3062
4 3309 3267 2959 2908
4 3445 2714 3434 2713
4 3750 2307 2414 2295
4 3045 3043 3044 3033
4 1434 1524 1430 1401
4 3054 3043 3033 3028
4 3045 3034 3035 3033
4 3045 3044 3034 3033
4 3055 3041 3054 3028
4 3433 3038 3042 3037
4 3563 3412 3413 3125
4 3536 2715 3445 2714
4 3054 3033 3047 3028
4 3058 3050 3051 3048
4 3054 3045 3052 3035
4 3058 3055 3057 3048
4 3085 3080 3083 3073
4 3054 3043 3045 3033
4 3054 3045 3035 3033
4 3054 3052 3046 3035
4 3524 3169 3003 3002
4 3648 3543 3530 2414
4 3393 3358 3365 3341
4 3054 3046 3047 3035
4 3650 2414 3547 2299
4 3124 3118 3123 2945
4 3055 3041 3028 2997
4 3055 3028 3048 2997
4 3055 3047 3048 3028
4 3055 3054 3047 3028
4 3547 2298 2414 2297
4 3433 3322 3417 3318
4 3057 3055 3056 3048
4 3433 3068 3069 3064
4 3057 3049 3050 3048
4 3057 3056 3049 3048
4 3058 3057 3050 3048
4 3081 3001 3039 2996
4 3058 3040 3055 2997
4 3058 3048 3051 2997
4 3058 3055 3048 2997
4 3450 2735 2734 1698
4 3382 3298 3294 1473
4 3398 3396 3393 1475
4 3644 3445 1468 1467
4 3524 3416 3114 3113
4 3307 3018 3691 3017
4 3585 3005 3416 3004
4 3085 3083 3084 3076
4 3067 3058 3066 3051
4 3454 2658 3453 2657
4 3644 3451 2623 2619
4 3065 3021 3029 3013
4 3065 3029 3036 3013
4 3081 3074 3002 3001
4 3085 3084 3077 3076
4 3433 3319 3320 3062
4 3067 3059 3060 3051
4 3067 3066 3059 3051
4 3309 2921 3267 2920
4 2354 2273 3683 2272
4 3309 3267 2885 2883
4 3068 3025 3020 3013
4 3068 3024 3025 3013
4 3068 3064 3024 3013
4 3364 3328 3357 3315
4 3069 3068 3020 3013
4 3070 3021 3065 3013
4 3070 3065 3069 3013
4 3070 3020 3021 3013
4 3070 3069 3020 3013
4 3175 3142 2749 2745
4 3412 3176 3165 3161
4 3085 3076 3078 3073
4 3080 3067 3060 3051
4 3585 3113 3112 3032
4 3080 3067 3079 3060
4 3079 3071 3061 3060
4 3079 3067 3071 3060
4 3358 3083 3085 3080
4 3080 3072 3073 3060
4 3176 3175 3165 1474
4 3080 3079 3072 3060
4 3085 3081 3039 2996
4 3081 3074 3001 2996
4 3549 2614 2615 1463
4 3392 3375 3376 1472
4 3563 3413 3561 3130
4 3524 3003 3004 3002
4 3259 3252 3253 3225
4 3309 3211 2921 2920
4 3320 3319 3313 3013
4 3085 3039 3040 2996
4 3358 3039 2998 2995
4 3085 3058 3051 2997
4 3085 3051 3078 2997
4 3445 1588 1592 1586
4 3085 3083 3076 3073
4 3080 3058 3067 3051
4 3192 3177 3178 1475
4 3405 3400 3401 1472
4 3644 2988 2626 1463
4 3413 3101 3129 3099
4 3175 3142 2750 2749
4 3412 3165 3142 3101
4 3450 3101 2748 2747
4 3585 3032 3005 3004
4 3536 2754 2755 2753
4 3085 3058 3080 3051
4 3083 3080 3082 3073
4 3083 3075 3076 3073
4 3083 3082 3075 3073
4 3085 3074 3081 2996
4 3165 3147 3160 3145
4 3682 3536 3094 3092
4 3085 3073 3078 3051
4 3085 3080 3073 3051
4 3085 3040 2997 2996
4 3085 2997 3078 2996
4 3085 3040 3058 2997
4 3094 3092 2714 2620
4 3536 3450 3165 1698
4 3092 2620 2579 2577
4 3092 3086 2631 2577
4 3682 3088 3652 3087
4 3094 2628 2627 2621
4 3087 2620 2624 2579
4 3092 3087 3086 2579
4 3088 2625 2624 2620
4 3088 2624 3087 2620
4 3089 2606 2647 2605
4 3089 2659 2606 2605
4 3093 3090 2648 2647
4 3742 3142 3536 2744
4 3445 1482 1480 1478
4 3536 3095 3096 2740
4 3536 3094 2628 2627
4 3426 2420 2367 2344
4 3538 3429 2170 2165
4 3634 3585 3081 3003
4 3095 2740 2742 2651
4 3093 2649 2650 2648
4 3093 3090 3091 2648
4 3658 2461 2484 2285
4 3092 2631 2735 2577
4 3092 2735 2620 2577
4 3093 3089 2647 2605
4 3093 2745 2738 2650
4 3093 2658 3089 2605
4 3093 2650 2738 2605
4 3093 2738 2658 2605
4 3094 2717 2628 2621
4 3445 1591 1565 1561
4 3094 2714 2717 2621
4 3536 3094 2717 2628
4 3536 2679 2724 1698
4 3095 2742 2745 2651
4 3095 2651 2745 2650
4 3095 2745 3093 2650
4 3096 2652 2740 2651
4 3096 2740 3095 2651
4 3452 2754 3450 2753
4 3445 2715 3434 2714
4 3142 2949 2745 2744
4 3126 2765 3097 2760
4 3129 2948 2951 2947
4 3598 3133 3138 3097
4 3164 3163 3158 3157
4 3099 3097 3098 2760
4 3412 3135 3136 3127
4 3101 3100 2761 2760
4 3165 1485 1474 1469
4 3165 3159 3160 3147
4 3413 3412 3100 3099
4 3549 2608 2607 1463
4 3413 3130 3131 3125
4 3433 3321 3322 3318
4 3101 2762 2748 2747
4 3175 3142 2751 2750
4 3452 2756 3450 2748
4 3101 2762 2752 2751
4 3524 3169 3004 3003
4 3101 2762 2747 2710
4 4272 4271 4270 1368
4 3101 2752 2762 2746
4 3153 3152 3110 3100
4 3101 2746 2762 2694
4 3101 2762 2710 2709
4 3450 2733 2731 1698
4 3101 2762 2709 2694
4 3536 2735 2739 1698
4 3160 3106 3107 3101
4 3863 3858 2609 2608
4 3411 3155 3165 3147
4 3598 3138 3133 3132
4 3450 1702 1276 1272
4 3153 3111 3105 3101
4 3450 1702 3160 1698
4 3452 2736 3450 2732
4 3452 3450 2735 2734
4 3617 3142 2950 2750
4 3452 3450 2730 1222
4 3159 3105 3106 3101
4 3536 2755 3450 2732
4 3536 3450 2754 2753
4 3450 3165 2756 2753
4 3587 3433 3417 3064
4 3658 3588 2483 2455
4 3413 3129 3130 3125
4 3118 3115 2943 2936
4 3115 2938 2943 2936
4 3550 1328 3464 1301
4 3124 2975 3120 2926
4 3115 3004 3113 2938
4 1372 1370 1524 1369
4 1324 1320 1524 1304
4 3238 3615 3237 3212
4 3123 2973 2974 2945
4 3524 3415 3122 3121
4 3118 3053 3002 2926
4 3118 3117 2944 2943
4 3118 2944 2945 2943
4 3393 3378 1475 1472
4 3416 3121 3117 3115
4 3118 2936 2945 2926
4 3118 3002 2936 2926
4 3120 3119 3116 2975
4 3358 3071 3079 3067
4 3408 3242 3240 3239
4 3153 3101 3152 3100
4 3142 2950 2749 2745
4 3123 3118 3122 2945
4 3124 3053 3118 2926
4 3666 3115 3416 3114
4 3644 1588 1454 1116
4 3123 3122 2973 2945
4 3124 2974 2975 2945
4 3564 3120 3524 3119
4 3124 3123 2974 2945
4 3742 3536 3169 3053
4 3124 3120 3053 2926
4 3165 3146 3147 3145
4 3124 2945 2975 2926
4 3124 3118 2945 2926
4 3126 3097 3099 2760
4 3129 3126 2948 2947
4 3129 2762 2951 2760
4 3413 3127 3137 3126
4 3412 3144 3100 3099
4 3128 3120 3116 2975
4 3129 3101 2762 2760
4 3644 1467 3549 1463
4 3617 2762 3101 2751
4 3129 3099 3101 2760
4 3129 2951 2948 2760
4 3129 2948 3126 2760
4 3129 3126 3099 2760
4 3130 2947 2952 2946
4 3130 3125 2947 2946
4 3130 3125 3129 2947
4 3130 2951 2952 2947
4 3130 3129 2951 2947
4 3455 3451 2987 1205
4 3146 3101 3145 3100
4 3131 3125 3130 2946
4 3133 2764 3097 2759
4 3137 3136 2758 2757
4 3413 3126 3137 3097
4 3137 3097 3126 2759
4 3133 2763 2764 2759
4 3133 3132 2763 2759
4 3649 3134 3099 3098
4 3649 3598 3138 3097
4 3742 2742 3536 2741
4 3137 2758 2759 2757
4 3137 3127 3136 2757
4 3137 2759 3126 2757
4 3137 3126 3127 2757
4 3137 3132 3133 2759
4 3137 3133 3097 2759
4 3148 3143 3139 3100
4 3450 2739 2735 1698
4 3649 3098 3598 3097
4 3306 2972 2968 2929
4 3176 1475 3175 1474
4 3165 3142 2752 2751
4 3589 2719 2720 1022
4 3160 3159 3106 3101
4 3142 3101 2752 2751
4 3412 3176 3171 3170
4 3452 3101 2762 2748
4 3160 3144 3145 3101
4 3153 3110 3111 3100
4 3147 3145 3146 3101
4 3147 3101 3146 3100
4 3411 3147 3165 3146
4 4271 4261 1574 1573
4 3154 3152 3153 3101
4 3450 3107 3160 1272
4 3152 3109 3110 3100
4 3192 3183 3189 1475
4 3452 3450 2739 2735
4 3154 3153 3105 3101
4 3445 1471 1470 1443
4 3146 3102 3103 3100
4 3146 3145 3102 3100
4 3192 3176 3177 1475
4 3358 3082 3083 3080
4 3411 3159 3165 3154
4 3147 3103 3104 3100
4 3147 3146 3103 3100
4 3148 3101 3144 3100
4 3445 1467 1588 1454
4 3148 3134 3143 3099
4 3148 3144 3134 3099
4 3148 3143 3100 3099
4 3148 3100 3144 3099
4 3445 1589 1592 1478
4 3149 3145 3144 3101
4 3149 3144 3148 3101
4 3149 3148 3139 3100
4 3149 3101 3148 3100
4 3411 3146 3165 3145
4 3150 3139 3140 3100
4 3150 3149 3139 3100
4 3150 3101 3149 3100
4 3150 3145 3149 3101
4 3151 3141 3102 3100
4 3151 3102 3145 3100
4 3151 3140 3141 3100
4 3151 3150 3140 3100
4 3151 3145 3101 3100
4 3151 3101 3150 3100
4 3151 3145 3150 3101
4 3433 3364 3357 3321
4 3411 3156 3165 3155
4 3450 3160 1702 1272
4 3165 3153 3154 3152
4 3358 3079 3080 3067
4 3154 3147 3152 3101
4 3411 3165 3151 3145
4 3452 3450 2755 2732
4 3165 2746 3101 2694
4 3450 1702 1698 1276
4 3159 3147 3154 3101
4 3413 3412 3101 3100
4 3411 3165 3156 3152
4 3155 3104 3108 3100
4 3155 3147 3104 3100
4 3155 3101 3147 3100
4 3155 3152 3147 3101
4 3156 3109 3152 3100
4 3156 3108 3109 3100
4 3156 3155 3108 3100
4 3156 3152 3101 3100
4 3156 3101 3155 3100
4 3156 3152 3155 3101
4 3360 3359 3353 3352
4 3524 3124 3120 3053
4 3374 3373 3175 1475
4 3563 3561 3131 3130
4 3411 3149 3165 3148
4 3524 2995 3053 2994
4 3644 3451 3555 1259
4 3160 3145 3147 3101
4 3160 3147 3159 3101
4 3413 3412 3126 3125
4 3524 3416 3115 3114
4 3186 3162 3180 3157
4 3165 2752 3101 2746
4 3763 3456 3536 3453
4 3445 1594 1593 1589
4 3536 3453 2656 2654
4 3598 3144 3412 3098
4 3186 3172 3183 3168
4 3575 3406 3301 3300
4 3364 3329 3357 3328
4 3416 3373 2998 2995
4 3294 2844 3267 2839
4 3309 3211 2868 2854
4 3373 3358 2994 2993
4 3358 3055 3058 3040
4 3445 2715 2719 1483
4 3863 3858 1100 1099
4 3644 3451 2989 2982
4 3165 3101 2709 2694
4 3169 3053 3120 2926
4 3360 3359 3358 1475
4 3426 2395 2420 2344
4 3445 1482 3444 1481
4 3433 3358 3359 1475
4 3165 3150 3151 3145
4 3411 3151 3165 3150
4 3644 3549 2980 2641
4 3433 3315 3042 3019
4 3412 3175 3170 3142
4 3595 3306 3311 3015
4 3165 3142 3101 2752
4 3536 2719 2720 1698
4 3165 3149 3150 3145
4 3165 3155 3156 3152
4 3309 2957 3267 2956
4 3175 3165 1474 1469
4 3165 3155 3152 3147
4 3358 3039 3081 3000
4 3165 3154 3159 3147
4 3445 1451 1485 1444
4 3192 3165 1485 1474
4 3192 3164 3165 1474
4 3598 3412 3133 3097
4 3617 2950 2751 2750
4 3563 3413 3131 3125
4 3524 3416 3118 3117
4 3524 2998 3053 2995
4 3552 3413 3142 3101
4 3536 2738 2735 2631
4 3177 1475 3176 1474
4 3412 3175 3176 3170
4 3358 3056 3057 3055
4 3634 3081 3074 3002
4 3524 3169 3002 3001
4 3412 3135 3126 3125
4 3524 3115 3118 3002
4 3524 3120 3169 3053
4 3598 3412 3137 3132
4 3524 3004 3115 3002
4 3413 3133 3412 3097
4 3169 3120 3128 2926
4 3524 2999 3000 2998
4 3524 3169 2999 2998
4 3169 3128 2949 2926
4 3524 3169 3000 2999
4 3524 3001 3002 3000
4 3524 3169 3001 3000
4 3358 3352 3082 3080
4 3524 3114 3115 3113
4 3190 3186 3180 3179
4 3413 3129 3126 3099
4 3654 3242 3218 3217
4 3183 3174 3173 3168
4 3358 3058 3085 3040
4 3309 3267 3207 2898
4 3433 3315 3014 3013
4 3445 1592 1593 1586
4 3445 1593 1592 1589
4 3587 3433 3070 3065
4 3183 1475 3174 1474
4 3568 3408 3240 3239
4 3174 1475 3172 1474
4 3375 3361 3372 1472
4 3418 3058 3358 3057
4 3358 3352 3079 3071
4 3358 3352 3080 3079
4 3403 3399 3398 1475
4 3413 3137 3133 3097
4 3412 3161 3165 3144
4 3413 3099 3126 3097
4 3617 3101 3142 2751
4 3412 3176 3175 3165
4 3177 3176 3165 1474
4 3183 3174 3172 1474
4 3177 3165 3176 3161
4 3177 3176 3166 3161
4 3598 3136 3412 3135
4 3186 3164 3162 3157
4 3178 3167 3172 3166
4 3178 3172 3177 3166
4 3178 3172 1475 1474
4 3178 1475 3177 1474
4 3178 3177 3172 1474
4 3598 3138 3137 3136
4 3192 3191 3186 1474
4 3186 3177 3165 1474
4 3186 3183 3180 3168
4 3186 3165 3164 1474
4 3186 3183 3172 1474
4 3186 3172 3177 1474
4 3252 3246 3007 3006
4 3598 3138 3136 3135
4 3183 3173 3182 3168
4 3188 3186 3187 3157
4 3183 3172 3174 3168
4 3192 3189 3190 1474
4 3183 3182 3180 3168
4 3190 3189 3183 1474
4 3598 3098 3412 3097
4 3186 3162 3164 3161
4 3186 3180 3162 3161
4 3186 3177 3172 3166
4 3186 3172 3168 3166
4 3186 3168 3180 3166
4 3186 3164 3165 3161
4 3186 3165 3177 3161
4 3186 3177 3166 3161
4 3186 3166 3180 3161
4 3192 3186 3187 1474
4 3187 3180 3181 3157
4 3187 3186 3180 3157
4 3192 3174 3183 1475
4 3188 3163 3164 3157
4 3188 3164 3186 3157
4 3188 3187 3186 1474
4 3188 3164 3163 1474
4 3188 3186 3164 1474
4 3192 3187 3188 1474
4 3189 1475 3183 1474
4 3192 1475 3189 1474
4 3190 3180 3185 3179
4 3190 3183 3186 1474
4 3190 3184 3185 3182
4 3190 3189 3184 3182
4 3190 3186 3183 3180
4 3190 3183 3189 3182
4 3190 3183 3182 3180
4 3190 3182 3185 3180
4 3191 3186 3190 3179
4 3260 3203 3199 3011
4 3192 3190 3191 1474
4 3191 3190 3186 1474
4 3259 3252 3225 3203
4 3253 3195 3196 3011
4 3632 2522 3523 2508
4 3523 2512 2522 2511
4 3217 3214 3215 2848
4 3253 3225 3227 3011
4 3225 3204 3219 3011
4 3246 3193 3009 3008
4 3522 2522 2520 2259
4 3777 3678 3294 2839
4 3246 3193 3008 3007
4 3283 3282 3231 3230
4 3260 3203 3252 3199
4 3216 3202 3204 3011
4 3409 3261 3252 3227
4 3218 2850 2851 2825
4 3267 2854 2860 2813
4 3203 3200 3201 3011
4 3525 3252 3259 3199
4 3568 3408 3218 3217
4 3217 3212 3214 2846
4 3205 3201 3202 3011
4 3205 3203 3201 3011
4 3258 3254 3257 3250
4 3295 2553 3292 1473
4 3267 2854 2832 2830
4 3212 2829 2846 2826
4 3217 3214 2848 2846
4 3296 2553 3295 1473
4 3212 3011 3206 2825
4 3267 2910 2960 2892
4 3207 2898 2960 2889
4 3207 2960 2890 2889
4 3568 3009 3245 3007
4 3210 2921 2913 2912
4 3210 3208 2960 2891
4 3212 2826 2846 2825
4 3212 3209 2829 2826
4 3214 3212 3213 2846
4 3210 2910 2901 2891
4 3210 2901 2914 2891
4 3210 2910 2923 2901
4 3210 2923 2914 2901
4 3267 2858 2854 2830
4 3309 3207 3211 2898
4 3214 3213 2847 2846
4 3217 2846 2850 2825
4 3267 2960 2895 2892
4 3596 3238 3214 3213
4 3217 3212 2846 2825
4 3217 3011 3212 2825
4 3214 2847 2848 2846
4 3632 2514 2522 2513
4 3283 3230 3275 3224
4 3216 3203 3205 3011
4 3568 3010 3011 3009
4 3245 3218 2851 2823
4 3245 3243 2856 2851
4 3267 2828 2858 2827
4 3267 2872 2871 2854
4 3267 2892 2841 2775
4 3227 3220 3221 3011
4 3309 3267 2892 2885
4 3269 3258 3263 3222
4 3226 3225 3219 3011
4 3265 3232 3233 3011
4 3267 2869 2870 2867
4 3227 3226 3220 3011
4 3272 3269 1473 530
4 3267 2892 2885 2883
4 3259 3197 3199 3011
4 3568 3209 3212 3206
4 3283 3282 3281 1473
4 3272 3254 3258 3222
4 3267 2910 2959 2908
4 3252 3205 3216 3203
4 3225 3203 3216 3011
4 3748 3248 3252 3247
4 3309 2962 3302 2885
4 3246 3193 3011 3010
4 3246 3193 3010 3009
4 3663 3253 3252 3248
4 3568 3267 3006 2775
4 3267 2837 3006 2836
4 3227 3225 3226 3011
4 3278 2547 3274 530
4 3267 2883 2881 2879
4 3408 3291 3297 3286
4 3267 2854 2813 2805
4 3272 2548 3269 530
4 3267 2879 2955 2841
4 3409 3252 3264 3249
4 3267 2837 2836 2775
4 3654 3596 3238 3215
4 3267 2827 2859 2799
4 3278 2552 2547 530
4 3270 3268 3252 3249
4 3265 3264 3232 3011
4 3267 2832 2831 2830
4 3654 3242 3408 3218
4 3271 3270 3252 3249
4 3309 2895 2962 2894
4 3267 2956 2872 2868
4 3268 3266 3252 3249
4 3267 2892 2883 2841
4 3267 2800 2801 2799
4 3270 3235 3236 3011
4 3267 3210 2960 2910
4 3654 3217 3408 3215
4 3568 3408 3214 3213
4 3568 3245 3267 2779
4 3408 3242 3239 3218
4 3568 3007 3245 3006
4 3568 3241 3243 3240
4 3615 3271 3237 3206
4 3596 3213 3408 3212
4 3615 3209 3271 3206
4 3243 3240 2853 2851
4 3267 2778 2828 2775
4 3243 3241 2855 2853
4 3245 3006 2779 2775
4 3267 2854 2805 2803
4 3644 3555 1588 1259
4 3240 2852 2853 2851
4 3309 3267 2872 2868
4 3267 2854 2803 2801
4 3245 2857 2858 2856
4 3267 2858 2831 2827
4 3433 3318 3069 3065
4 3245 2778 2858 2777
4 3267 2841 2840 2839
4 3283 3281 3230 3224
4 3267 2871 2872 2870
4 3654 3408 3596 3215
4 3245 3007 3009 2821
4 3245 3006 2820 2779
4 3267 2867 2870 2860
4 3309 2956 3267 2868
4 3568 3240 3243 3218
4 3245 3006 3007 2820
4 3267 2860 2910 2775
4 3267 2872 2910 2870
4 3245 2856 2858 2851
4 3245 2821 2858 2820
4 3245 3007 2821 2820
4 3568 3408 3009 3008
4 3568 3214 3217 3212
4 3409 3227 3252 3226
4 3245 2823 2858 2821
4 3245 3009 2823 2821
4 3568 3267 3007 3006
4 3247 3246 3193 3011
4 3732 2520 2522 2515
4 3248 3194 3195 3011
4 3248 3247 3194 3011
4 3409 3225 3252 3216
4 3267 2839 2837 2775
4 3252 3246 3008 3007
4 3433 3406 3019 2992
4 3267 2863 2867 2860
4 3252 3246 3009 3008
4 3274 3254 3272 3222
4 3522 2520 2468 2258
4 3748 3663 3252 3248
4 3267 2838 2837 2833
4 3254 2526 2522 530
4 3254 2522 3252 530
4 3256 2524 2525 530
4 3256 3254 1473 530
4 3256 2525 3254 530
4 3258 3254 3250 3222
4 3257 3254 3256 3250
4 3257 3251 3255 3250
4 3257 3256 3251 3250
4 3258 3257 3255 3250
4 3632 2513 2522 2508
4 3259 3196 3197 3011
4 3259 3253 3196 3011
4 3259 3199 3203 3011
4 3259 3203 3225 3011
4 3260 3199 3198 3011
4 3260 3198 3200 3011
4 3261 3221 3223 3011
4 3261 3227 3221 3011
4 3263 3258 3262 3222
4 3262 3258 3250 3222
4 3262 3258 3255 3250
4 3269 2549 2523 530
4 3272 3258 3269 3222
4 3270 3268 3235 3011
4 3264 3223 3232 3011
4 3264 3261 3223 3011
4 3265 3264 3261 3252
4 3265 3261 3264 3011
4 3266 3233 3234 3011
4 3268 3234 3235 3011
4 3266 3265 3233 3011
4 3268 3266 3234 3011
4 3266 3265 3261 3252
4 3266 3261 3265 3011
4 3266 3247 3252 3227
4 3266 3252 3261 3227
4 3266 3247 3227 3011
4 3266 3227 3261 3011
4 3644 3549 1471 1469
4 3293 3267 2843 2842
4 3568 3408 3209 3206
4 3596 3238 3213 3212
4 3267 2921 3210 2920
4 3638 3611 2249 2247
4 3575 3406 3014 3013
4 3373 3053 3358 2993
4 3267 2843 2842 2839
4 3267 2953 2845 2841
4 3409 3216 3252 3205
4 2414 2234 2307 2235
4 3267 2844 2843 2839
4 3418 3352 3358 3071
4 3568 3408 3212 3209
4 3408 3271 3209 3206
4 3568 3408 3217 3215
4 3568 3212 3217 3011
4 3271 3246 3010 3009
4 3271 3246 3011 3010
4 3271 3010 3252 3009
4 3271 3252 3246 3009
4 3271 3252 3247 3246
4 3271 3246 3247 3011
4 3271 3252 3266 3247
4 3271 3270 3266 3252
4 3271 3247 3266 3011
4 3271 3266 3270 3011
4 3358 3041 3055 3040
4 3281 3279 3280 3229
4 3292 3285 3284 1473
4 3295 3283 3292 3275
4 3283 3274 3254 1473
4 3309 3211 2910 2909
4 3281 3279 3274 1473
4 3283 3281 3282 3230
4 3433 3406 3309 3294
4 3295 3283 3254 1473
4 3283 3231 3275 3230
4 3281 3280 3279 1473
4 3279 3228 3229 3224
4 3279 3278 3228 3224
4 3524 3122 3416 3121
4 3280 3273 3230 3229
4 3283 3250 3254 3224
4 3281 3274 3279 3224
4 3281 3229 3230 3224
4 3281 3279 3229 3224
4 3283 3254 3274 3224
4 3283 3274 3281 3224
4 3309 2922 3267 2907
4 3575 3306 3406 3015
4 3644 2619 2623 1463
4 3294 2844 3293 2843
4 3309 3208 3211 2960
4 3568 3408 3008 3007
4 3433 3069 3318 3064
4 3309 2958 2992 2955
4 3575 3014 3019 3012
4 3464 1435 1524 1434
4 3568 3011 3218 3009
4 3568 3218 3245 3009
4 3464 1419 1524 1418
4 3571 3245 3568 3244
4 3419 2511 2522 2510
4 3309 2894 2962 2892
4 3358 3052 3054 3045
4 3309 2909 3267 2908
4 3315 3042 3014 3013
4 3297 2553 3296 1473
4 3292 3285 3277 3276
4 3433 3042 3065 3037
4 3549 2984 2985 1463
4 3297 3289 3291 3250
4 3295 3292 3288 3275
4 3297 3296 3295 1473
4 3292 3277 3288 3276
4 3295 3292 3283 1473
4 3297 3295 3289 3250
4 3297 3271 3252 3249
4 3292 3284 3283 1473
4 3295 3288 3289 3275
4 3297 3291 3271 3249
4 3295 3254 3283 3250
4 3292 3283 3284 3275
4 3292 3284 3285 3276
4 3433 3019 3042 2992
4 3292 3284 3276 3275
4 3292 3276 3288 3275
4 3408 3252 3271 3010
4 3408 3271 3206 3011
4 3678 3267 3293 2842
4 3408 3293 3252 3006
4 3408 3252 3007 3006
4 3745 3644 3582 3433
4 3408 3252 3010 3009
4 3408 3271 3011 3010
4 3408 3267 3293 3006
4 3408 3007 3267 3006
4 3595 3315 3406 3017
4 3393 3376 3378 3323
4 3408 3252 3009 3008
4 3568 3408 3011 3010
4 3408 3252 3008 3007
4 3568 3408 3010 3009
4 3358 3084 3085 3083
4 3433 3037 3065 3036
4 3433 3014 3406 3013
4 3433 1475 3364 1472
4 3294 3293 3267 2843
4 3309 3267 2958 2955
4 3536 3094 2627 1592
4 3373 1475 3358 1474
4 3358 3044 3045 3043
4 3591 3545 2985 2984
4 1432 1524 1420 1417
4 3595 3311 3306 3305
4 3381 3380 3379 1472
4 3406 3308 3310 3301
4 3406 3308 3301 3300
4 3595 3310 3311 3305
4 3309 3211 2923 2922
4 3309 3267 2923 2919
4 3418 3067 3358 3066
4 3360 3353 3354 3352
4 3297 3254 3252 1473
4 3295 3283 3275 3250
4 3295 3275 3289 3250
4 3297 3296 3290 3289
4 3297 3290 3291 3289
4 3408 3297 3293 3286
4 3297 3295 3296 3289
4 3408 3297 3271 3252
4 3297 3254 3295 3250
4 3297 3252 3254 3249
4 3297 3254 3250 3249
4 3297 3250 3291 3249
4 3298 3297 3293 1473
4 3383 3287 3406 3294
4 3383 3328 3406 3287
4 3302 2962 2930 2883
4 3309 2898 3211 2896
4 3309 3267 2898 2896
4 3302 3019 2992 2929
4 3309 3267 2883 2881
4 3306 2962 3302 2961
4 3302 2992 2930 2929
4 3306 3300 3301 2961
4 3306 2969 2972 2961
4 3306 3016 2967 2966
4 3302 2962 3299 2961
4 3302 3299 3300 2961
4 3306 3301 2969 2961
4 3306 3301 3305 2969
4 3384 3379 3381 3326
4 3306 2968 2972 2967
4 3306 3302 3300 2961
4 3306 3016 3017 2967
4 3303 2963 3299 2962
4 3303 3299 3302 2962
4 3575 3016 3306 3015
4 3309 3210 3211 3208
4 3610 3304 3575 3303
4 3575 3301 3306 3300
4 3304 2964 3299 2963
4 3304 3299 3303 2963
4 3309 2992 2958 2879
4 3305 2970 2971 2969
4 3310 2970 3305 2969
4 3309 2910 3267 2909
4 3306 2968 3017 2929
4 3306 3017 3019 2929
4 3306 3019 3302 2929
4 3306 2962 2972 2929
4 3306 3302 2962 2929
4 3416 3081 3002 3001
4 3595 3310 3406 3308
4 3691 3017 3595 3016
4 3320 3313 3314 3013
4 3358 3067 3080 3058
4 3309 2923 3267 2922
4 3575 3406 3013 3012
4 3398 3397 3396 1475
4 3309 3267 2955 2954
4 3817 3621 3644 3591
4 3309 3267 2954 2953
4 3309 3267 2953 2845
4 3644 3451 2629 2623
4 3309 3267 2845 2841
4 3309 2845 3294 2841
4 3309 3267 2841 2840
4 3309 2841 3294 2840
4 3309 3294 3267 2840
4 3610 3300 3575 3299
4 3691 3595 3311 3016
4 3750 2414 3650 2294
4 3571 3244 3568 3243
4 3320 3022 3062 3013
4 3575 3017 3018 3012
4 3315 3042 3019 3014
4 3319 3062 3064 3013
4 2414 2307 2236 2235
4 3358 3043 3054 3041
4 3648 2414 3530 2236
4 3358 3057 3058 3055
4 3536 3358 3433 1474
4 3318 3064 3069 3013
4 3358 3045 3054 3043
4 3318 3042 3315 3013
4 3416 3373 3358 2998
4 3318 3065 3042 3013
4 3318 3069 3065 3013
4 3319 3064 3318 3013
4 3319 3312 3313 3012
4 3319 3318 3312 3012
4 3319 3313 3013 3012
4 3319 3013 3318 3012
4 3382 3379 3380 1472
4 3311 3017 3691 3016
4 3321 3315 3307 3012
4 3321 3307 3316 3012
4 3321 3013 3315 3012
4 3321 3318 3315 3013
4 3322 3317 3312 3012
4 3322 3312 3318 3012
4 3322 3316 3317 3012
4 3322 3321 3316 3012
4 3322 3318 3013 3012
4 3322 3013 3321 3012
4 3322 3318 3321 3013
4 3573 2994 3039 2993
4 3418 3071 3358 3067
4 3547 2296 2414 2289
4 3433 3315 3019 3014
4 3364 3357 3321 3315
4 3389 3381 3384 1472
4 3634 3004 3585 3003
4 3524 3113 3115 3004
4 3365 3354 3363 3352
4 3381 3379 3380 3325
4 2444 3423 2442 2391
4 3644 3433 3294 1472
4 3361 3334 3355 3329
4 3401 3400 1475 1472
4 3372 3361 3362 1472
4 3376 3375 1475 1472
4 3365 3364 3360 1475
4 3404 3393 3398 3341
4 3402 3381 3399 1472
4 3372 3367 3365 1475
4 3610 3407 3308 3299
4 3451 2987 1205 1259
4 3396 3394 3393 1475
4 3364 3362 3361 1472
4 3400 3350 3351 3347
4 3372 3362 3369 1472
4 3524 3002 3053 2998
4 3401 3358 3373 1475
4 3369 3362 3364 1472
4 3361 3338 3355 3333
4 3364 3361 3362 3355
4 3361 3337 3355 3334
4 3433 3364 3321 3315
4 3358 3352 3083 3082
4 3365 3360 3354 3352
4 3392 3361 3375 1472
4 3382 1473 3294 1472
4 3398 3344 3345 3343
4 3365 3360 3358 1475
4 3397 3396 1475 1472
4 3433 3406 3315 3013
4 3358 3350 3352 3341
4 3387 3377 3378 1472
4 3433 3318 3319 3064
4 3582 3433 3042 2992
4 3394 3385 3393 1472
4 3365 3358 3352 3341
4 3398 3397 3344 3343
4 3365 3358 3360 3352
4 3610 3308 3406 3300
4 3358 3352 3350 3347
4 3595 3311 3016 3015
4 3595 3311 3310 3308
4 3595 3406 3306 3015
4 3372 3369 1475 1472
4 3360 3358 3359 3352
4 3433 3357 3417 3322
4 3406 3018 3315 3012
4 3433 3383 3364 3315
4 3406 3328 3383 3315
4 3575 3305 3306 3301
4 3384 3379 3382 1472
4 3389 3327 3334 3326
4 3610 3575 3304 3299
4 3406 3315 3013 3012
4 3399 3398 1475 1472
4 3361 3355 3337 3332
4 3575 3310 3406 3305
4 3378 3377 3376 1475
4 3381 3326 3379 3325
4 3393 3378 3340 3323
4 3433 3406 3383 3315
4 3622 3241 3568 3240
4 3378 3339 3340 3323
4 3369 3364 1475 1472
4 3742 2949 3734 2926
4 3379 3329 3330 3326
4 3416 3121 3122 3118
4 3365 3352 3363 3341
4 3433 3359 3364 1475
4 3575 3406 3306 3305
4 3575 3406 3310 3301
4 3575 3310 3305 3301
4 3404 3403 3398 1475
4 3595 3016 3406 3015
4 3404 3400 3401 3347
4 3364 3355 3357 3329
4 3364 3361 3355 3329
4 3364 3356 3357 3355
4 3364 3362 3356 3355
4 3406 3309 3294 3287
4 3595 3306 3406 3305
4 3433 3383 3294 1472
4 3375 3372 1475 1472
4 3374 1475 3192 1472
4 3403 3380 3402 1472
4 3372 3369 3368 3366
4 3372 3367 3369 3366
4 3372 3365 3367 3363
4 3394 3391 3385 1472
4 3398 3389 3397 1472
4 3372 3365 3363 3341
4 3372 3341 3370 3323
4 3372 3368 3370 3366
4 3377 3376 1475 1472
4 3372 3369 3367 1475
4 3399 3388 3398 1472
4 3393 3376 3372 1475
4 3372 3363 3370 3341
4 3376 3372 3375 3323
4 3393 3386 3378 1472
4 3404 3345 3350 3341
4 3376 3375 3372 1475
4 3372 3367 3366 3363
4 3372 3366 3370 3363
4 3393 3385 3386 1472
4 3378 3376 3377 3323
4 3524 3117 3118 3115
4 3587 3068 3433 3064
4 3536 2744 2745 2743
4 3416 2999 3169 2998
4 3416 3358 2999 2998
4 3585 3004 3416 3003
4 3445 1480 1589 1478
4 3536 3453 3089 2659
4 3524 3415 3124 3123
4 3433 3309 3406 2992
4 3416 3000 3169 2999
4 3416 3358 3000 2999
4 3524 2994 3053 2993
4 3538 3518 2162 2161
4 3416 3358 3401 3081
4 3524 3118 3124 3053
4 3709 3551 3608 1524
4 3589 2720 2719 1483
4 3416 3001 3169 3000
4 3416 3358 3001 3000
4 3416 3004 3169 3003
4 3524 3120 3124 3119
4 3416 3002 3169 3001
4 3416 3358 3081 3001
4 3564 3524 3415 3124
4 3416 3081 3003 3002
4 3396 3391 3394 1472
4 3387 3361 3385 3332
4 3375 3370 3371 3323
4 3375 3372 3370 3323
4 3405 3401 3373 1475
4 3392 3338 3361 3333
4 3396 3394 3342 3341
4 3397 3389 3390 1472
4 3397 3390 3396 1472
4 3395 3361 3387 3332
4 3378 3377 3339 3323
4 3385 3337 3361 3334
4 3393 3372 3376 3323
4 3385 3332 3337 3331
4 3396 3390 3391 1472
4 3385 3336 3337 3334
4 3394 3393 1475 1472
4 3385 3361 3337 3332
4 3575 3406 3016 3015
4 3405 1473 3382 1472
4 3393 3365 3372 3341
4 3384 3382 3383 1472
4 3383 3328 3364 3315
4 3384 3329 3364 3328
4 3401 3358 3085 3081
4 3383 3382 3294 1472
4 3405 3373 3374 1475
4 3404 3349 3350 3345
4 3398 3393 3396 3341
4 3401 3085 3347 3081
4 3416 3373 3401 3358
4 3405 3401 1475 1472
4 3393 3372 3365 1475
4 3398 3388 3389 1472
4 3399 3381 3388 1472
4 3384 3381 3379 1472
4 3384 3364 3383 3328
4 3384 3329 3379 3326
4 3389 3388 3327 3326
4 3384 3361 3364 3329
4 3384 3364 3361 1472
4 3384 3383 3364 1472
4 3389 3388 3381 1472
4 3405 3404 3400 1472
4 3393 3341 3372 3323
4 3396 3342 3343 3341
4 3402 3380 3381 1472
4 3404 1475 3400 1472
4 3387 3385 3361 1472
4 3387 3378 3386 1472
4 3387 3386 3385 1472
4 3387 3332 3385 3331
4 3387 3385 3386 3331
4 3393 3378 3376 1475
4 3398 3396 3397 3343
4 3404 3398 3403 3345
4 3403 3382 3380 1472
4 3404 3403 3349 3345
4 3403 3402 1475 1472
4 3396 3394 1475 1472
4 3389 3384 3361 1472
4 3389 3361 3385 1472
4 3389 3381 3388 3326
4 3389 3385 3361 3334
4 3389 3384 3381 3326
4 3389 3334 3361 3329
4 3389 3361 3384 3329
4 3389 3334 3329 3326
4 3389 3329 3384 3326
4 3393 3340 3341 3323
4 3404 3358 3393 3341
4 3398 3396 3343 3341
4 3391 3389 3385 1472
4 3391 3390 3389 1472
4 3391 3336 3385 3334
4 3391 3385 3389 3334
4 3391 3389 3390 3334
4 3391 3335 3336 3334
4 3391 3390 3335 3334
4 3395 3392 3361 3333
4 3395 3333 3361 3332
4 3404 3398 3393 1475
4 3396 3393 3394 3341
4 3395 3376 3377 1472
4 3395 3392 3376 1472
4 3395 3387 3361 1472
4 3395 3361 3392 1472
4 3403 3402 3399 1475
4 3398 3343 3345 3341
4 3403 3398 3399 3345
4 3401 3085 3358 3084
4 3401 3347 3085 3084
4 3401 3347 3084 3083
4 3404 3350 3358 3341
4 3404 3403 1475 1472
4 3401 3084 3358 3083
4 3401 3358 3347 3083
4 3404 3350 3400 3347
4 3404 3398 3345 3341
4 3403 3399 3402 3346
4 3403 3346 3349 3345
4 3403 3399 3346 3345
4 3403 3348 3349 3346
4 3403 3402 3348 3346
4 3404 3401 3400 1475
4 3404 3358 3350 3347
4 3404 3401 3358 3347
4 3404 3393 3358 1475
4 3404 3358 3401 1475
4 3405 3382 3403 1472
4 3405 3403 3404 1472
4 3622 3242 3241 3240
4 3411 3148 3165 3144
4 3411 3165 3161 3144
4 3413 3133 3137 3132
4 3413 3137 3412 3132
4 3413 3412 3133 3132
4 3413 3136 3137 3127
4 3413 3412 3136 3127
4 3413 3412 3137 3136
4 3563 3131 3414 3125
4 3563 3414 3135 3125
4 3563 3135 3412 3125
4 3524 3415 3123 3122
4 3524 3122 3123 3118
4 3416 3373 2995 2994
4 3416 2994 3169 2993
4 3416 3373 2994 2993
4 3416 3169 3053 2993
4 3416 3053 3373 2993
4 3416 3169 3373 3053
4 3433 3417 3319 3318
4 3660 3037 3433 3036
4 3418 3066 3358 3058
4 3464 1413 1524 1412
4 3523 2522 2512 2506
4 1328 1524 1325 1322
4 3601 2363 2364 1993
4 3576 2354 2277 2273
4 1359 1311 1524 1304
4 3426 2395 2235 2234
4 3426 2235 2236 2226
4 3426 2236 2395 2226
4 3426 2395 2236 2235
4 3538 2237 2236 2166
4 3430 3427 2149 2148
4 3430 2155 2156 2150
4 3430 3427 2156 2155
4 3430 2157 2159 2156
4 3430 3427 2157 2156
4 3430 2199 2150 2149
4 3430 3427 2199 2149
4 3430 2199 3427 2150
4 3430 2152 2155 2150
4 3430 2158 2159 2157
4 3572 3430 3427 2157
4 3592 3572 3431 2158
4 3430 2151 2152 2150
4 3430 3427 2151 2150
4 3430 3427 2152 2151
4 3430 2153 2155 2152
4 3430 3427 2153 2152
4 3430 3427 2155 2153
4 3572 3431 2158 2157
4 3572 2159 3430 2158
4 3572 2158 3430 2157
4 3572 3431 2157 2154
4 3432 1698 1691 1690
4 3432 1697 1698 1689
4 3432 1698 1690 1689
4 3433 3064 3319 3062
4 3433 3063 3064 3062
4 3433 3417 3064 3063
4 3530 2414 2307 2236
4 3750 2295 2414 2294
4 1418 1372 1524 1364
4 1418 1374 1524 1372
4 1364 1362 1524 1319
4 1329 1524 1326 1323
4 3434 1264 1592 1263
4 3434 1592 1268 1263
4 3434 1592 1537 1478
4 3434 1237 1236 1230
4 3434 1537 1234 1230
4 3434 1234 1537 1228
4 3434 1537 1592 1228
4 3434 1237 1537 1236
4 3434 1236 1537 1230
4 4019 3619 3688 3578
4 3780 1129 1125 1123
4 3765 3449 3447 3446
4 3738 3731 909 908
4 4081 3709 4051 3551
4 3765 3439 3441 3438
4 3449 3446 3436 3435
4 3765 3448 3449 3437
4 3449 3446 3440 3436
4 3449 3446 3441 3440
4 3454 2654 3453 2646
4 3455 2991 3451 2990
4 3454 3453 2653 2646
4 3454 3453 2655 2653
4 3682 2627 3094 1592
4 3455 2629 3451 2623
4 3682 3094 2627 1208
4 3455 2987 3451 2626
4 3682 3536 3087 3086
4 3636 1592 1587 1235
4 3682 3094 1208 1206
4 3745 2953 3635 2845
4 3587 3069 3433 3068
4 3606 3500 778 558
4 3863 2609 3858 1099
4 3638 2249 3611 2248
4 3611 3580 410 409
4 3858 3549 3604 1573
4 3798 3777 2840 2839
4 3858 1573 1102 1101
4 3528 1524 1364 1363
4 3696 786 785 784
4 3884 3447 3829 3435
4 3607 3466 3521 3439
4 3745 3294 3309 2845
4 3741 3701 3714 3697
4 3780 1370 3711 1369
4 3577 792 3478 791
4 3765 3449 3436 3435
4 3765 3470 3469 3449
4 3809 3775 3767 3737
4 3543 1775 1776 829
4 3996 3711 3909 3672
4 3608 908 906 905
4 3840 3833 3767 3747
4 3608 1303 1306 908
4 3548 3481 3482 3480
4 3493 1543 1548 1473
4 3493 1548 1547 1473
4 3528 1524 1363 1362
4 3709 3468 3528 1521
4 4095 4040 4060 4004
4 3780 3528 1526 1522
4 3715 3659 3627 761
4 3594 3590 3544 3532
4 3780 1129 3528 1128
4 3667 3439 3616 3438
4 3908 3841 3857 3716
4 3642 3603 3577 3548
4 3540 899 3434 876
4 3540 3434 899 898
4 3641 3434 1044 1043
4 3473 1225 1224 936
4 3560 3539 897 885
4 3560 3539 885 867
4 4262 4255 4253 4250
4 3646 3619 3579 3533
4 3628 529 3477 528
4 3921 3845 3889 3803
4 3650 2294 2414 2293
4 3567 1535 1592 1529
4 3787 3714 3721 3697
4 3577 778 634 615
4 3672 3583 3528 3449
4 4133 4099 3968 3957
4 4197 4155 3485 3484
4 3835 3676 3802 3664
4 4146 4125 4129 3975
4 3644 3591 2984 2983
4 4126 629 3784 624
4 3815 3749 3737 3733
4 3996 3786 3781 3711
4 3628 3580 527 526
4 3756 3433 3660 3037
4 3780 3528 1129 1123
4 3566 3054 3358 3052
4 3491 687 727 678
4 3491 688 727 687
4 3492 727 672 671
4 3492 680 727 641
4 3492 727 680 672
4 3703 3648 3543 3530
4 3766 787 850 786
4 3577 3485 3496 3484
4 3425 2289 2414 2288
4 3756 3042 3433 3038
4 3696 406 778 390
4 4034 4011 3934 3878
4 3784 778 626 624
4 3577 3481 3548 3480
4 3577 633 778 632
4 3577 3496 632 628
4 3644 3549 1475 1472
4 3603 3494 3496 3490
4 4137 4124 3878 3825
4 3577 3487 3496 3486
4 3575 3306 3302 3300
4 3644 1467 1463 1454
4 3496 3480 3482 3475
4 3777 3746 3549 3252
4 3761 3758 3727 3708
4 4150 4117 4142 4108
4 3784 785 3766 784
4 3497 831 809 808
4 3497 815 813 809
4 3543 2142 1762 727
4 3543 3507 1787 1786
4 3543 1764 1772 727
4 3543 1760 1761 727
4 3543 3507 1786 1785
4 3543 3507 1788 1787
4 3497 809 813 804
4 3497 815 814 813
4 3497 813 805 804
4 3498 3497 831 824
4 3499 510 700 504
4 3499 701 700 510
4 3611 3580 2247 1883
4 3638 3611 2247 1883
4 3722 3501 3580 3460
4 3509 3506 1898 1894
4 3580 530 528 527
4 3509 1893 3506 1892
4 3580 530 2446 529
4 3709 1518 1525 907
4 3940 3865 3895 3829
4 3506 296 1863 255
4 3509 3506 1894 1867
4 3804 1805 3543 1801
4 3508 1870 3503 1869
4 3804 1891 3543 1804
4 3530 2235 2307 2234
4 3580 527 523 522
4 3508 1869 3503 1864
4 3600 833 315 307
4 3508 3503 1868 1864
4 3509 3506 1867 1866
4 3474 1524 3464 1138
4 3509 3506 1866 1865
4 3509 3506 1863 255
4 3509 3506 1865 1863
4 3510 1791 3507 1790
4 3510 1968 2146 1793
4 3510 2146 3507 1793
4 3510 1792 3507 1791
4 3510 1793 3507 1792
4 3599 3512 829 273
4 3599 829 287 277
4 3599 829 277 275
4 3531 833 3511 284
4 3538 3426 2171 2166
4 3538 2165 2166 2164
4 3538 2167 2237 2166
4 3538 3426 2166 2165
4 3519 233 774 232
4 3519 234 774 233
4 3519 235 774 234
4 3519 829 774 235
4 3520 2461 3420 2285
4 3520 2455 2461 2285
4 3520 2455 2459 2453
4 3520 2459 3420 2453
4 3520 3420 2461 2455
4 3520 3420 2455 2453
4 3524 3053 3169 2993
4 3524 3169 2994 2993
4 3524 3112 3113 3004
4 3524 3416 3113 3112
4 3524 3005 3112 3004
4 3524 3416 3112 3005
4 3524 3169 3416 3004
4 3524 3416 3005 3004
4 3526 211 3479 148
4 3526 3514 3479 211
4 3903 3856 3483 3482
4 3528 1362 3449 1361
4 3709 3608 3705 907
4 3528 1524 1362 1361
4 3644 1475 3433 1472
4 3821 3799 3801 3716
4 3528 1361 3449 1360
4 4140 4113 4111 4069
4 3738 3709 3731 908
4 3822 3754 3770 3449
4 3528 1524 1359 1358
4 3528 1524 1361 1360
4 3603 3577 3496 3495
4 3528 1360 3449 1359
4 3528 1524 1360 1359
4 3577 3483 3548 3482
4 4070 3877 3950 3862
4 3577 795 3570 794
4 3603 3486 3577 3485
4 3594 3590 3532 3521
4 3590 3528 3532 3521
4 3607 3594 3590 3544
4 3687 3565 3628 3477
4 4061 3932 3871 3685
4 4155 4147 3482 3481
4 4043 3827 634 631
4 3595 3406 3310 3305
4 3596 3238 3215 3214
4 3596 3215 3408 3214
4 3615 3237 3209 3206
4 3596 3212 3408 3209
4 3596 3408 3271 3209
4 3692 2482 2457 2456
4 3654 3218 3408 3217
4 4126 3856 3903 3784
4 3715 3651 3675 3597
4 3875 3806 3466 3439
4 3642 3548 3496 3475
4 3673 576 3554 575
4 3784 3577 3766 785
4 4048 4003 3985 3903
4 3840 3767 3820 3747
4 3784 3577 785 784
4 3642 3482 3481 3480
4 3871 1151 3464 1134
4 3885 3753 3853 3693
4 3642 3548 3577 3496
4 3766 850 3715 778
4 3715 769 767 765
4 3814 3765 3529 3435
4 3642 3496 3488 3487
4 3640 2361 3601 2360
4 3601 2361 2362 2360
4 3601 2273 2306 2268
4 3601 2283 2359 2273
4 3601 2306 2308 2268
4 3601 2308 3423 2268
4 3601 3423 2308 2306
4 3601 2272 2273 2268
4 3601 3423 2272 2268
4 3601 3423 2273 2272
4 3601 2277 2283 2273
4 3601 3423 2277 2273
4 3601 3423 2283 2277
4 3601 2284 2359 2283
4 3601 3423 2284 2283
4 3601 2356 2359 2284
4 3601 3423 2359 2356
4 3601 2355 2356 2284
4 3601 3423 2355 2284
4 3601 3423 2356 2355
4 3605 3519 135 132
4 3605 3519 3515 135
4 3638 3611 408 407
4 3780 1524 1379 1378
4 3696 3577 849 796
4 3686 829 297 287
4 3795 3767 3775 3747
4 3794 3770 3762 3754
4 3678 3293 3294 2844
4 3904 3874 3896 3867
4 3796 3793 3677 3639
4 3780 1525 1518 1517
4 3640 3557 2362 2361
4 3640 2362 3601 2361
4 3640 3557 3601 2362
4 3640 2360 3601 2359
4 3640 3601 3423 2359
4 3640 2360 2359 2357
4 3640 2359 3423 2357
4 3641 3434 1043 876
4 3641 3540 3434 876
4 3644 2987 1487 1464
4 3644 1462 1461 1455
4 3644 1462 1487 1459
4 3644 1462 2987 1461
4 3644 1487 2987 1459
4 3644 2987 1462 1459
4 3784 778 3766 625
4 3705 3689 906 905
4 3765 3449 3466 3439
4 3709 1524 3608 907
4 3645 3579 3578 3551
4 3743 3529 3438 3437
4 3705 3689 905 904
4 3715 758 576 575
4 3753 3724 3719 3694
4 4126 4115 3856 3496
4 3918 3885 3860 3856
4 3766 3577 786 785
4 3913 3496 3494 3490
4 3829 3770 3436 3435
4 3646 3551 3533 1308
4 3646 3551 3619 3533
4 3646 3551 1308 1303
4 3949 3890 3912 3881
4 3647 3491 100 99
4 3647 3556 3491 99
4 3819 3648 3626 1801
4 3702 3628 3687 3565
4 3898 3543 3506 3505
4 3804 3543 1808 1802
4 3824 3772 3628 3503
4 3804 1803 3543 1802
4 3772 3628 3503 1896
4 3804 1808 3543 1807
4 3804 3506 3543 1892
4 3649 3099 3144 3098
4 3649 3134 3144 3099
4 3464 1410 1524 1409
4 3715 3651 3629 571
4 3651 758 3629 576
4 3715 759 3627 758
4 3766 3715 3753 3693
4 3651 576 3629 575
4 4003 3992 3985 3918
4 3715 3629 3651 3597
4 3715 837 3707 769
4 3651 575 3629 571
4 3673 3629 576 575
4 3753 3651 3673 3597
4 3715 768 3694 767
4 3653 3619 3646 3618
4 3653 3608 1497 1496
4 3653 1497 3646 1496
4 3653 3608 3618 3551
4 3653 3618 3646 3551
4 3653 1497 3608 1306
4 3653 3646 1497 1306
4 3653 3608 3551 1303
4 3653 3551 3646 1303
4 3653 3608 1307 1306
4 3653 1307 3646 1306
4 3653 1308 3608 1303
4 3653 3646 1308 1303
4 3653 3608 1308 1307
4 3653 1308 3646 1307
4 3658 2483 2484 2455
4 3692 2483 2458 2457
4 3692 2482 2483 2457
4 3421 2482 3623 2479
4 3658 2484 2461 2455
4 3655 3539 867 866
4 3655 3539 3560 867
4 3656 3589 1046 1045
4 3656 3589 3541 1046
4 3665 764 3659 763
4 4100 4031 4087 4008
4 3890 3888 3822 3762
4 3715 3665 3659 762
4 3784 3577 778 629
4 3665 763 3659 762
4 3955 3940 3646 3578
4 3756 3038 3433 3037
4 3662 3606 128 122
4 3662 3606 3535 128
4 3732 2522 3632 2514
4 3840 3820 3833 3816
4 3749 3737 3733 3712
4 3833 3767 3747 3735
4 3773 3761 3725 3714
4 4048 4003 3719 3707
4 3888 1524 3528 1358
4 3984 3903 3486 3485
4 3865 3770 3794 3754
4 3895 3865 3884 3846
4 3668 3618 3653 3608
4 3237 3212 3615 3209
4 3666 3113 3585 3032
4 3666 3114 3416 3113
4 3666 3416 3585 3113
4 3654 3238 3242 3217
4 3654 3238 3217 3215
4 3622 3242 3410 3241
4 3943 3812 3716 3674
4 4064 3988 3963 3939
4 3696 789 788 786
4 3844 3771 3708 3695
4 3991 3929 3864 3827
4 4061 3685 3871 1382
4 3781 3711 3729 3677
4 3913 3487 3856 3486
4 4002 3709 3528 1522
4 3765 3471 3470 3449
4 3688 3619 3653 3618
4 3689 3618 3608 3551
4 3984 3903 3485 3484
4 3668 3646 3619 3618
4 3411 3160 3165 3159
4 3669 2197 2149 2148
4 3669 2149 2205 2148
4 3669 2205 2197 2148
4 3432 1702 1701 1698
4 3896 3867 3874 3843
4 3672 3583 3607 3528
4 4006 3690 3990 3685
4 3673 3554 3597 575
4 3673 575 3597 571
4 3673 3597 3629 571
4 3673 3629 575 571
4 3673 3586 3597 3554
4 4120 3985 4115 3984
4 3903 3856 3487 3486
4 4160 3659 4143 3627
4 3673 3651 3629 3597
4 3753 3665 3659 3597
4 3753 3724 3665 3597
4 3753 3724 3720 3665
4 3901 3549 3458 2635
4 3986 3901 3851 3549
4 3777 3549 3294 3293
4 3777 3294 3678 3293
4 3746 3678 3581 3252
4 3751 2444 2446 2084
4 3547 2299 2414 2298
4 3547 2414 3425 2289
4 3682 3087 3652 3086
4 3682 3536 3086 2632
4 3682 3086 3652 2632
4 3682 2655 3536 2630
4 3682 3453 3536 2655
4 3682 3536 2631 2630
4 3682 2631 3652 2630
4 3682 3652 2655 2630
4 3682 3652 3453 2655
4 3682 3536 2632 2631
4 3682 2632 3652 2631
4 3684 3519 103 101
4 3684 3519 3605 103
4 3687 2364 2075 2074
4 3687 2075 3657 2074
4 3687 3657 2300 2074
4 3772 3687 3702 3628
4 3688 3653 3668 3618
4 3688 3668 3619 3618
4 3731 909 3705 904
4 4008 3984 3487 3486
4 3688 3619 3579 3578
4 3806 3765 3469 3466
4 3688 3579 3619 3533
4 3689 3646 3668 3618
4 3688 3619 3551 3533
4 3689 3646 3618 3551
4 3832 3784 3790 3776
4 3689 3619 3646 3551
4 3689 3668 3646 3619
4 3705 3608 908 907
4 3709 1525 1526 907
4 3709 1526 1522 907
4 3689 3688 3619 3551
4 3689 3688 3668 3619
4 4061 1375 3464 1368
4 3795 623 3696 622
4 3952 3818 3837 3807
4 3807 3802 3791 3664
4 3773 3708 3761 3699
4 3761 3741 3704 3697
4 3624 2173 2177 2167
4 3624 2177 2173 2172
4 3624 2177 2172 2170
4 2179 2178 3620 2177
4 2260 2179 3620 2177
4 2343 2272 3683 2268
4 2354 3683 2343 2272
4 3715 843 769 763
4 3715 843 758 571
4 3903 3856 3485 3484
4 3766 785 850 784
4 3875 3806 3469 3466
4 3715 3675 3627 3597
4 3766 784 850 783
4 3753 3693 3715 839
4 3715 3629 3597 571
4 3766 783 850 778
4 3715 3675 3651 576
4 3715 764 3665 763
4 3715 763 3665 762
4 3868 3846 3757 3689
4 3875 3466 3762 3439
4 3715 769 768 767
4 3766 3724 3719 3597
4 3715 761 3627 759
4 3715 763 761 758
4 4160 3597 3753 3586
4 3715 839 3693 838
4 3715 778 843 571
4 3913 3642 3485 3484
4 3785 3714 3741 3701
4 3871 3780 1151 1134
4 4119 3780 4094 3718
4 3835 3718 3802 3676
4 4062 4041 4007 3997
4 3841 3713 3749 3712
4 3977 3917 3958 3882
4 4216 4200 4214 4188
4 3840 3833 3747 3735
4 3780 1524 1523 1522
4 3780 3528 1521 1516
4 3771 3721 3708 3695
4 3862 3696 3606 406
4 3696 3606 388 386
4 3696 3606 390 388
4 3867 3844 3697 3695
4 3696 788 787 786
4 3696 787 3577 786
4 3696 788 3577 787
4 3696 795 792 790
4 3696 841 840 795
4 3696 840 3577 795
4 3696 841 3577 840
4 3696 849 842 841
4 3696 842 3577 841
4 3696 849 3577 842
4 3775 3747 3767 3737
4 3780 1150 1524 1126
4 3696 778 3606 386
4 3696 3606 778 621
4 3696 3606 406 390
4 4131 4090 4063 4005
4 3696 792 791 790
4 3696 791 3577 790
4 3696 792 3577 791
4 3696 795 794 792
4 3696 795 3577 794
4 3827 3696 3577 634
4 4001 3842 3934 3825
4 3944 3931 3936 3894
4 3862 3606 1572 424
4 4099 4086 3957 3927
4 4202 3967 4024 3957
4 3696 794 793 792
4 3696 793 3577 792
4 3696 794 3577 793
4 3889 3782 3849 3775
4 3848 3771 3826 3685
4 3896 3844 3867 3843
4 3823 3805 3779 3725
4 3804 3703 3648 3543
4 3819 1805 3804 1801
4 3808 3788 3773 3759
4 3826 3758 3771 3725
4 3823 3805 3725 3721
4 4125 4102 4123 3988
4 3942 3805 3866 3787
4 4030 3696 3827 634
4 3841 3712 3733 3700
4 3999 3780 1380 1379
4 3729 3672 3633 3447
4 4017 3997 4015 3972
4 3921 3820 3845 3816
4 3826 3771 3690 3685
4 3781 3677 3729 3672
4 4043 3991 4014 3476
4 4242 4030 4226 4024
4 3771 3725 3758 3708
4 4094 3718 4076 3710
4 4061 4052 4042 4018
4 3705 3668 3688 3578
4 3705 3689 3688 3668
4 3709 3705 3608 3551
4 3709 1523 1524 907
4 3705 3689 3608 3551
4 3705 3688 3579 3578
4 3705 3579 3688 3533
4 3705 3551 3579 3533
4 3705 3578 3579 3551
4 3705 3688 3551 3533
4 3705 3688 3689 3551
4 3715 575 3651 571
4 3715 758 3675 576
4 3715 3627 3659 3597
4 3715 767 766 765
4 3715 769 764 763
4 3715 763 762 761
4 3715 838 3693 837
4 3715 761 759 758
4 3715 843 838 837
4 3715 843 837 769
4 3715 843 763 758
4 3719 3715 3707 769
4 3784 626 778 625
4 3715 758 575 571
4 3784 3577 784 783
4 3765 3590 3594 3471
4 4114 4072 4075 3922
4 4009 3950 3915 3892
4 3780 1516 1521 1125
4 3867 3771 3844 3695
4 3871 1135 3780 1134
4 4081 4046 3982 3969
4 4081 3709 1524 1333
4 3738 3731 3717 3645
4 3738 3731 3645 909
4 3709 1524 1333 1313
4 3709 1333 3551 1313
4 3709 3551 1524 1313
4 3729 3639 3625 3607
4 3780 1525 1517 1516
4 3862 3606 421 419
4 3964 3958 3917 3907
4 3935 3785 3843 3685
4 3836 3805 3823 3721
4 3786 3781 3729 3672
4 3871 3464 1153 1152
4 3780 1129 1128 1127
4 3780 1524 1151 1134
4 3780 1522 1525 1516
4 3867 3826 3848 3771
4 3780 1369 3711 1364
4 3848 3826 3830 3685
4 3780 1524 3528 1523
4 3711 3528 1363 1362
4 3711 3633 3672 3446
4 3711 3672 3449 3446
4 3920 3864 3838 3821
4 3780 1521 3528 1520
4 4050 3870 3813 3791
4 3833 3811 3816 3767
4 3831 3828 3815 3809
4 3795 622 3696 618
4 3773 3761 3727 3690
4 3772 3751 3769 3687
4 3815 3767 3811 3737
4 3841 3795 3749 3713
4 3741 3714 3704 3697
4 3852 3836 3721 3695
4 3935 3788 3808 3759
4 3812 3783 3801 3768
4 3749 3713 3737 3712
4 3916 3837 3893 3802
4 3935 3785 3741 3701
4 3802 3793 3796 3667
4 4137 3919 4036 3857
4 3904 3900 3896 3874
4 3840 3833 3820 3767
4 3807 3802 3625 3616
4 3802 3793 3791 3664
4 3871 3464 1382 1380
4 4025 3950 3877 3861
4 3779 3773 3725 3714
4 3805 3787 3725 3721
4 3828 3815 3811 3733
4 3990 3974 3951 3893
4 3761 3759 3741 3701
4 3761 3701 3741 3697
4 4141 4096 4122 4057
4 3932 3761 3871 3685
4 3942 3882 3866 3854
4 3932 3727 3850 3685
4 3871 3464 3780 1141
4 3814 3528 3765 3449
4 3766 3577 791 790
4 3831 3828 3809 3782
4 3796 3639 3677 3607
4 3834 3791 3793 3664
4 3719 3694 3715 768
4 3719 3715 769 768
4 3753 3707 3719 3693
4 3720 765 3665 764
4 3766 3693 3753 3597
4 3766 3719 3693 3597
4 3720 3665 3715 764
4 3888 3528 1359 1358
4 3720 3715 765 764
4 3875 3469 3778 3466
4 3784 784 3766 783
4 3814 3765 3806 3529
4 3724 3715 767 766
4 4126 3784 4003 3766
4 3724 3715 3694 767
4 3974 3948 3893 3781
4 4216 4200 4188 4153
4 4144 3936 3915 3894
4 3932 3883 3871 3854
4 3721 3697 3704 3695
4 3761 3741 3758 3704
4 3724 3715 766 765
4 3724 766 3720 765
4 3724 3720 3715 765
4 3766 3715 3597 778
4 3753 3693 3719 3597
4 3766 778 3597 602
4 3753 3719 3724 3597
4 3724 3720 3665 3597
4 3942 3787 3714 3701
4 3761 3714 3759 3701
4 3725 3721 3714 3697
4 3811 3737 3735 3713
4 3761 3725 3714 3697
4 3726 3413 3552 3101
4 3726 3552 3617 3101
4 3726 3129 3101 2762
4 3726 3101 3617 2762
4 3726 2951 3129 2762
4 3726 3617 2951 2762
4 3796 3667 3793 3639
4 3729 3677 3711 3639
4 3786 3729 3781 3711
4 3729 3677 3639 3607
4 3761 3708 3727 3699
4 3773 3699 3761 3690
4 3843 3727 3690 3685
4 3758 3725 3721 3708
4 3852 3805 3836 3695
4 3787 3779 3725 3714
4 3760 315 833 311
4 3729 3625 3616 3607
4 3924 3607 3590 3528
4 3999 3874 3963 3848
4 3786 3729 3711 3633
4 3924 3909 3594 3471
4 3802 3796 3639 3625
4 3996 3796 3802 3793
4 3924 3607 3594 3590
4 3913 3642 3476 3475
4 3731 3705 909 908
4 3731 3705 908 907
4 3731 908 3709 907
4 3731 3709 3705 907
4 3731 3705 3709 3551
4 3731 3709 3578 3551
4 3757 3688 3668 3578
4 4226 4202 4191 3775
4 4036 3857 3919 3783
4 4030 3795 3696 618
4 3802 3667 3796 3625
4 4050 3710 4038 3676
4 3821 3812 3801 3799
4 3795 3747 3737 3735
4 3755 3696 3698 3674
4 4017 3962 3965 3956
4 3828 3810 3815 3809
4 3935 3788 3759 3741
4 3785 3741 3704 3695
4 3737 3733 3712 3700
4 3965 3810 3889 3782
4 3811 3810 3803 3767
4 3841 3820 3816 3767
4 4014 3933 3993 3930
4 3830 3725 3826 3721
4 3939 3896 3906 3785
4 3795 3747 3775 3737
4 4070 3915 3891 3887
4 4017 3803 3889 3795
4 3794 3754 3762 3743
4 3754 3449 3529 3435
4 3757 3705 906 905
4 4126 3496 3577 630
4 3853 3790 3839 3776
4 4081 1524 4002 1357
4 3738 3645 3578 3551
4 3738 3578 3709 3551
4 3738 3709 3645 3551
4 3792 3536 3742 3053
4 3740 2160 1982 1968
4 3740 1982 3631 1968
4 3740 2146 2160 1968
4 3740 3631 2146 1968
4 3740 3534 3430 2146
4 3740 3631 3534 2146
4 3935 3761 3727 3685
4 3758 3704 3741 3695
4 3779 3761 3773 3708
4 3758 3708 3721 3695
4 3935 3871 3788 3741
4 3935 3761 3871 3741
4 3792 3573 3536 3053
4 3742 3536 3096 2740
4 3742 3096 3734 2740
4 3742 3536 3453 3091
4 3742 3096 3536 3095
4 3742 3734 3096 3095
4 3742 3091 3453 3090
4 3742 3453 3734 3090
4 3742 3734 3091 3090
4 3742 3093 3536 3091
4 3742 3734 3093 3091
4 3742 3095 3536 3093
4 3742 3734 3095 3093
4 3765 3449 3440 3436
4 3765 3528 3471 3449
4 4126 3839 3784 3776
4 3890 3875 3822 3806
4 3829 3447 3446 3435
4 3780 3528 3670 1128
4 4061 3937 3979 3871
4 3862 3562 796 424
4 3932 3910 3855 3823
4 3745 3309 2954 2953
4 3745 2954 3635 2953
4 3745 3309 2955 2954
4 3745 3309 2992 2955
4 3745 2955 3635 2954
4 3745 2992 3635 2955
4 3901 2643 3549 2642
4 3745 3635 3591 2644
4 3745 3591 3644 2644
4 3777 3293 3678 3252
4 3956 3921 3889 3803
4 3943 3768 3812 3674
4 3925 3838 3800 3783
4 3886 3871 3883 3788
4 3833 3811 3767 3735
4 3900 3721 3830 3695
4 3999 3780 1379 1378
4 4012 3892 3944 3887
4 3809 3749 3775 3737
4 3942 3808 3787 3759
4 3849 3831 3809 3782
4 3959 3897 3869 3849
4 3862 3606 3696 620
4 3922 3780 1372 1370
4 3904 3900 3874 3830
4 3796 3667 3639 3625
4 3948 3916 3893 3796
4 3751 2082 3723 2081
4 3872 3628 3772 1906
4 3938 3580 3501 3460
4 3872 1907 3580 1906
4 3938 3789 3872 3580
4 3752 2311 3477 2310
4 3752 3671 3477 2311
4 3752 2310 3477 2309
4 3753 3673 3651 3586
4 3753 3627 3675 3597
4 3753 3675 3651 3597
4 3770 3449 3754 3435
4 3857 3747 3801 3716
4 3941 3911 3906 3896
4 3973 3939 3941 3685
4 3857 3841 3747 3716
4 3908 3712 3841 3700
4 3963 3874 3906 3848
4 3757 3705 3731 3551
4 3757 3717 3731 3705
4 3757 3731 3578 3551
4 3913 3484 3856 3483
4 4051 3940 3945 3884
4 3757 3731 3709 3578
4 3757 3738 3645 3578
4 3757 3738 3717 3645
4 3757 3709 3738 3578
4 3757 3731 3738 3709
4 3757 3738 3731 3717
4 3862 3606 619 617
4 4037 4035 3987 3961
4 3758 3704 3721 3697
4 3758 3721 3725 3697
4 3761 3704 3758 3697
4 3828 3733 3811 3700
4 4042 3978 3987 3961
4 3773 3759 3761 3714
4 3871 3759 3788 3741
4 4206 4196 4132 4073
4 3773 3759 3714 3701
4 4227 4015 4047 3972
4 3871 1151 3780 1150
4 3869 3849 3845 3840
4 3840 3833 3735 3713
4 4045 4016 4035 3976
4 3787 3741 3714 3704
4 3811 3737 3712 3700
4 3761 3758 3725 3697
4 3778 3762 3466 3439
4 3985 3903 3984 3484
4 3806 3765 3471 3470
4 3890 3778 3794 3762
4 3890 3875 3881 3778
4 3913 3642 3488 3487
4 3913 3642 3480 3476
4 4160 4082 4074 3629
4 3766 3707 3715 3693
4 3766 3719 3707 3693
4 3766 3719 3715 3707
4 3766 3720 3724 3597
4 3766 3724 3720 3715
4 3766 3715 3719 3694
4 3766 3719 3724 3694
4 3766 3724 3715 3694
4 3766 3665 3720 3597
4 3766 3715 3720 3665
4 3766 3659 3665 3597
4 3766 3715 3659 3597
4 3766 3715 3665 3659
4 3997 3828 3833 3811
4 3836 3823 3758 3725
4 3942 3866 3876 3854
4 3883 3871 3854 3808
4 3974 3893 3948 3780
4 3826 3725 3771 3721
4 3841 3767 3747 3716
4 3767 3737 3747 3735
4 4023 3803 4017 3795
4 3888 3528 3814 3449
4 3971 3737 3713 3712
4 3844 3741 3785 3714
4 3844 3843 3785 3708
4 3858 3549 2609 2608
4 3819 1803 3804 1802
4 4048 3719 4003 3694
4 3797 3762 3778 3439
4 3960 3912 3949 3890
4 3984 3903 3487 3486
4 3846 3797 3757 3705
4 3772 3503 3508 1895
4 3772 3508 3769 1895
4 3772 1896 3503 1895
4 3772 3769 1896 1895
4 3772 1901 3628 1896
4 3772 3769 1901 1896
4 3772 1904 3628 1903
4 3772 3769 1904 1903
4 3772 1902 3628 1901
4 3772 3769 1902 1901
4 3772 1903 3628 1902
4 3772 3769 1903 1902
4 4090 4005 4070 3862
4 4226 4202 4024 3878
4 3813 3802 3793 3791
4 3795 3737 3749 3713
4 4013 3931 3944 3894
4 3858 3774 3604 3549
4 4242 3768 4030 3696
4 3963 3848 3906 3685
4 3781 3677 3672 3583
4 3810 3782 3795 3767
4 3895 3868 3865 3846
4 3895 3829 3865 3770
4 4031 3985 4008 3984
4 3912 3881 3846 3797
4 3787 3773 3779 3714
4 3928 3823 3850 3779
4 4129 4125 4114 4093
4 3973 3904 3896 3867
4 3862 419 3696 418
4 3942 3876 3866 3805
4 4036 3919 3800 3783
4 3787 3697 3721 3695
4 3835 3786 3711 3633
4 3999 3871 3848 3685
4 4164 4095 4129 4060
4 3780 1140 1519 1136
4 3780 1519 3528 1136
4 3780 3528 1140 1136
4 3886 3883 3808 3788
4 3780 1142 1524 1141
4 3871 3464 1141 1139
4 3780 3464 1142 1141
4 3780 3464 1524 1142
4 3780 1524 3464 1380
4 3906 3896 3874 3843
4 3953 3818 3952 3807
4 3867 3844 3741 3704
4 3908 3841 3816 3803
4 3999 1378 3922 1376
4 3996 3711 3677 3639
4 4147 4133 4099 4091
4 4125 4102 3988 3975
4 3996 3781 3796 3677
4 3948 3796 3893 3677
4 3911 3904 3900 3896
4 3941 3904 3911 3896
4 3840 3833 3831 3816
4 3933 3864 3925 3838
4 4030 3821 3827 3799
4 4091 4085 4034 4011
4 3889 3810 3849 3782
4 3913 3482 3856 3481
4 3903 3856 3486 3485
4 4051 3528 3888 3449
4 4019 3551 3969 3533
4 3881 3846 3797 3757
4 3890 3875 3778 3762
4 3935 3727 3785 3685
4 3935 3871 3761 3685
4 3834 3729 3625 3616
4 3991 3929 3476 3475
4 3802 3667 3625 3616
4 4075 4039 4072 3954
4 3996 3729 3947 3711
4 3996 3835 3786 3711
4 4001 3930 3934 3842
4 4133 3968 4099 3967
4 4191 3775 3809 3749
4 3811 3737 3767 3735
4 3836 3823 3725 3721
4 3805 3704 3787 3697
4 3871 1573 3464 1152
4 3849 3831 3815 3809
4 4011 4001 3968 3934
4 3871 1152 1153 1126
4 4061 1381 3871 1377
4 3849 3810 3831 3782
4 4025 3879 3891 3877
4 4017 3889 3810 3795
4 3855 3852 3854 3836
4 4185 4165 4166 4150
4 3872 3769 3859 1906
4 3926 2636 3901 2635
4 3860 3853 3856 3839
4 3885 3860 3707 3693
4 4160 3675 3753 3627
4 3818 3813 3807 3793
4 3834 3625 3667 3616
4 3996 3711 3781 3677
4 3847 3791 3834 3664
4 3947 3676 3909 3664
4 3924 3847 3909 3664
4 3829 3446 3449 3435
4 4087 4048 4082 4008
4 3829 3449 3770 3435
4 3846 3797 3705 3689
4 4001 3934 3878 3825
4 4217 4190 4085 4043
4 4030 3768 3827 3696
4 3812 3800 3783 3768
4 3919 3747 3908 3735
4 4202 3968 3967 3957
4 4030 3825 3943 3768
4 4070 3862 619 617
4 3959 3840 3833 3831
4 3875 3743 3529 3439
4 3969 3945 3884 3447
4 3865 3794 3829 3778
4 3829 3822 3770 3449
4 3822 3762 3770 3754
4 3822 3814 3754 3449
4 3822 3762 3754 3743
4 4002 3949 3960 3912
4 3798 3777 3635 2840
4 3901 3644 3549 2643
4 3926 2638 3901 2637
4 3938 3580 3872 3501
4 3798 3777 3745 3635
4 4202 3927 3957 3878
4 3807 3667 3802 3616
4 4110 4066 4058 4009
4 3864 3827 3821 3799
4 3996 3729 3711 3639
4 3996 3780 3835 3711
4 3835 3729 3786 3633
4 3842 3800 3838 3783
4 4014 3993 3480 3476
4 3838 3821 3812 3801
4 3925 3838 3864 3827
4 4043 4030 3827 631
4 4129 4093 4095 4076
4 4137 3825 3878 3800
4 4038 3870 3791 3676
4 4043 3603 3548 3475
4 4119 4094 3974 3922
4 3996 3796 3786 3780
4 3907 3882 3905 3866
4 4050 4038 3791 3676
4 3801 3696 3716 3674
4 4091 4043 4085 3476
4 3995 3919 3971 3698
4 3904 3867 3697 3695
4 3952 3916 3870 3780
4 3919 3841 3908 3747
4 4011 4001 3878 3825
4 3893 3837 3873 3802
4 3996 3710 3947 3676
4 3802 3718 3710 3676
4 4079 4033 4039 3953
4 4091 4085 4001 3930
4 3802 3786 3796 3780
4 3996 3786 3796 3781
4 3996 3802 3780 3718
4 3816 3811 3803 3767
4 3828 3810 3809 3782
4 3852 3697 3805 3695
4 3840 3831 3820 3816
4 4061 3464 3871 1573
4 3809 3775 3782 3767
4 3815 3749 3809 3737
4 3804 3648 1801 1800
4 3819 3506 3804 1892
4 3804 2233 2206 1800
4 3804 2206 3648 1800
4 3804 2233 3648 2206
4 3952 3948 3916 3780
4 3997 3831 3959 3828
4 3997 3972 3959 3897
4 4017 3956 3965 3889
4 3822 3806 3814 3765
4 3881 3778 3875 3469
4 3814 3449 3765 3435
4 3875 3762 3822 3743
4 3806 3529 3765 3439
4 3885 3860 3856 3839
4 3814 3529 3449 3435
4 3949 3888 3890 3778
4 4081 4019 3709 3551
4 3807 3791 3676 3664
4 3933 3838 3925 3812
4 3919 3857 3747 3735
4 4034 4011 3968 3934
4 4114 4039 4075 3954
4 4164 4163 4146 4125
4 4030 3696 634 615
4 4086 4034 3957 3934
4 3813 3807 3802 3791
4 4061 3464 1573 1368
4 4039 3990 4006 3974
4 3808 3759 3773 3701
4 3808 3787 3759 3701
4 3871 1382 3685 1380
4 4015 4007 4010 3997
4 3932 3850 3928 3823
4 3808 3773 3714 3701
4 3808 3714 3787 3701
4 3808 3773 3787 3714
4 3844 3785 3741 3704
4 3845 3840 3820 3747
4 3815 3737 3811 3733
4 3862 3606 424 423
4 3946 3905 3910 3855
4 3893 3802 3873 3786
4 3810 3795 3803 3767
4 4124 4084 3971 3700
4 4226 4202 3800 3783
4 3989 3899 3891 3879
4 3845 3816 3820 3803
4 3828 3749 3815 3733
4 3812 3801 3716 3674
4 3812 3801 3799 3716
4 3813 3802 3807 3793
4 3842 3812 3800 3783
4 3909 3672 3607 3528
4 4085 4014 3930 3925
4 3813 3791 3710 3676
4 3953 3952 3870 3780
4 3893 3796 3781 3677
4 3814 3529 3754 3449
4 4019 3579 3645 3551
4 3814 3743 3754 3529
4 4051 3888 3528 1359
4 3881 3797 3865 3778
4 3893 3802 3786 3781
4 3973 3904 3941 3896
4 3815 3809 3782 3767
4 3815 3782 3810 3767
4 3815 3809 3810 3782
4 4114 4109 4075 4039
4 4242 4030 3795 3696
4 4070 3879 3950 3877
4 3833 3816 3811 3803
4 3845 3820 3767 3747
4 3833 3828 3831 3803
4 3831 3815 3828 3749
4 3907 3866 3876 3805
4 3995 3698 3971 3696
4 3933 3920 3864 3838
4 3830 3721 3826 3695
4 3818 3793 3807 3667
4 4072 4039 4006 3974
4 3818 3813 3718 3710
4 3930 3925 3842 3800
4 3819 3804 1808 1802
4 3819 1806 3804 1805
4 3819 1808 3804 1807
4 3819 1807 3804 1806
4 3897 3889 3869 3849
4 3833 3811 3735 3713
4 4105 4069 4056 4029
4 3831 3810 3828 3782
4 3959 3849 3869 3840
4 4086 3934 3957 3927
4 3951 3873 3922 3835
4 4030 3878 3943 3825
4 3943 3827 3864 3799
4 4197 4147 4169 4133
4 4051 3528 3449 1359
4 3881 3797 3778 3757
4 3884 3449 3829 3446
4 3945 3884 3447 3446
4 4002 3949 3912 3884
4 3987 3961 3978 3946
4 4117 4071 4108 4065
4 3850 3727 3761 3685
4 3932 3850 3871 3761
4 3823 3805 3787 3779
4 4155 4147 4034 4011
4 4084 4036 3971 3700
4 3842 3838 3821 3812
4 4030 3800 3825 3768
4 3908 3755 3841 3716
4 4123 4102 3900 3685
4 3893 3796 3802 3781
4 3833 3737 3811 3713
4 4123 4102 3911 3900
4 4119 3922 3974 3780
4 3996 3802 3718 3710
4 4014 3991 3993 3929
4 3833 3811 3828 3803
4 3935 3874 3848 3843
4 3937 3871 3886 3788
4 3946 3928 3910 3905
4 4070 3989 3891 3862
4 3828 3811 3810 3803
4 4051 3829 3884 3449
4 3831 3749 3828 3733
4 3837 3807 3802 3625
4 4069 4068 4056 4029
4 3833 3816 3820 3767
4 3844 3785 3704 3695
4 4116 4089 4083 4073
4 4023 3862 3696 621
4 3831 3828 3810 3803
4 3950 3892 3887 3879
4 3913 3489 3856 3488
4 3913 3488 3856 3487
4 3913 3481 3839 3480
4 3913 3860 3839 3776
4 3913 3642 3487 3486
4 3913 3642 3486 3485
4 3913 3832 3642 3475
4 3913 3776 3832 3475
4 3913 3486 3856 3485
4 3913 3485 3856 3484
4 3913 3856 3839 3481
4 3913 3642 3481 3480
4 3913 3642 3484 3483
4 3913 3642 3483 3482
4 3913 3483 3856 3482
4 4120 3490 4101 3489
4 3867 3844 3704 3697
4 3867 3826 3771 3695
4 3834 3793 3667 3625
4 3996 3793 3802 3664
4 3834 3639 3793 3625
4 3996 3676 3947 3664
4 3835 3780 3802 3718
4 3835 3710 3718 3676
4 3873 3786 3835 3729
4 3873 3802 3835 3786
4 3966 3928 3850 3773
4 3899 3887 3891 3879
4 3850 3773 3761 3727
4 3862 3606 620 619
4 4117 4071 4065 4049
4 3837 3813 3818 3710
4 3837 3818 3813 3807
4 3837 3818 3718 3710
4 4099 3968 4086 3967
4 3893 3818 3870 3718
4 3893 3718 3873 3710
4 3893 3837 3718 3710
4 3837 3807 3813 3791
4 4091 3603 4043 3476
4 4197 3490 3603 3489
4 3929 3864 3920 3821
4 3913 3496 3856 3494
4 3913 3494 3856 3490
4 3885 3766 3853 3753
4 3903 3856 3489 3488
4 3992 3753 3885 3693
4 3839 3790 3784 3776
4 3903 3856 3490 3489
4 3913 3496 3490 3489
4 3911 3900 3904 3695
4 3849 3782 3809 3775
4 3842 3812 3821 3799
4 3974 3835 3893 3780
4 4091 4085 3480 3476
4 3948 3893 3781 3677
4 3975 3973 3939 3896
4 4197 4155 4086 4034
4 4147 4091 4034 4011
4 3843 3785 3727 3685
4 3999 3685 3922 1378
4 3871 3464 1139 1135
4 3844 3708 3771 3699
4 3843 3727 3785 3708
4 3896 3844 3843 3785
4 3867 3843 3844 3685
4 3844 3699 3771 3690
4 3844 3843 3699 3690
4 3844 3727 3708 3699
4 3844 3843 3727 3699
4 3844 3727 3843 3708
4 3975 3973 3963 3939
4 3844 3843 3690 3685
4 3871 3604 3858 1152
4 3889 3849 3810 3795
4 3970 3966 3932 3850
4 4019 3668 3688 3653
4 4051 4002 3949 3888
4 3868 3794 3762 3743
4 3982 3955 3923 3895
4 4100 4087 4031 3984
4 3865 3797 3794 3778
4 3924 3847 3466 3439
4 4043 3577 633 631
4 3924 3470 3594 3469
4 3996 3780 3711 3528
4 3996 3909 3590 3528
4 3909 3672 3711 3607
4 3924 3590 3909 3528
4 3947 3847 3909 3729
4 3924 3594 3909 3590
4 3996 3802 3676 3664
4 3870 3813 3818 3793
4 3916 3870 3893 3837
4 3871 3761 3759 3741
4 4033 3974 3953 3780
4 3871 3780 3464 1380
4 3874 3867 3848 3843
4 4084 4036 3825 3800
4 4036 3712 3971 3700
4 3870 3818 3813 3718
4 3935 3741 3759 3701
4 3871 1149 3780 1126
4 3871 3850 3787 3773
4 3871 3773 3788 3759
4 3871 3787 3808 3773
4 3871 1141 3780 1139
4 3935 3843 3848 3685
4 4023 3803 3795 621
4 3871 3761 3773 3759
4 3871 3850 3773 3761
4 3849 3815 3831 3749
4 3849 3803 3810 3795
4 3849 3831 3810 3803
4 4180 4062 4041 4021
4 3849 3820 3816 3803
4 3849 3816 3831 3803
4 3849 3820 3831 3816
4 3849 3840 3831 3820
4 3849 3845 3840 3820
4 4145 4055 4107 4054
4 3850 3779 3787 3773
4 3871 1380 3685 1379
4 3935 3871 3848 3788
4 3871 1150 3780 1149
4 3872 3580 3628 1906
4 3942 3808 3805 3787
4 3862 3562 3611 1572
4 4098 4052 4061 4018
4 3883 3808 3854 3759
4 4139 4113 4112 4105
4 3862 3606 419 418
4 3853 3766 3784 3753
4 3853 3784 3790 3753
4 4126 4048 4087 4003
4 3856 3839 3790 3784
4 4087 4048 3724 3694
4 3856 3839 3853 3790
4 3885 3853 3860 3693
4 3992 3885 3719 3707
4 3903 3856 3488 3487
4 4003 3719 3992 3694
4 3992 3766 3885 3753
4 4143 4082 4100 4074
4 3950 3915 3892 3879
4 4204 4134 4141 4077
4 4227 4020 4047 3981
4 3950 3887 3899 3879
4 4022 3989 4012 3944
4 4065 4049 4042 3978
4 4058 4009 3915 3892
4 4023 4017 3862 3795
4 3956 3921 3897 3889
4 3863 1101 3858 1067
4 3863 3858 1101 1100
4 3863 3461 3458 2611
4 3863 3458 3858 2611
4 3943 3812 3799 3716
4 3884 3448 3447 3435
4 4051 3884 3945 3449
4 3982 3895 3923 3865
4 3868 3846 3689 3618
4 3868 3794 3846 3762
4 3942 3759 3787 3701
4 4049 3987 3978 3946
4 4073 4061 3979 3871
4 4025 3950 3879 3877
4 3880 3852 3855 3836
4 4061 4018 3978 3946
4 4061 3932 3928 3910
4 4038 4033 3870 3710
4 3867 3771 3848 3685
4 3867 3848 3843 3685
4 3867 3690 3771 3685
4 3867 3844 3690 3685
4 3867 3844 3771 3690
4 4129 4093 4076 4053
4 3903 3856 3484 3483
4 3960 3757 3912 3717
4 3912 3846 3881 3757
4 4002 3528 1523 1522
4 3982 3955 3969 3923
4 4051 4002 3888 1358
4 3884 3846 3865 3797
4 4081 1356 4051 1333
4 3982 3923 3689 3618
4 3949 3890 3888 3822
4 4019 3757 3688 3668
4 4051 3940 4002 3868
4 3888 3822 3829 3449
4 3904 3874 3848 3830
4 3904 3874 3867 3848
4 3869 3840 3845 3735
4 3906 3896 3843 3785
4 4033 3953 3870 3718
4 3953 3870 3952 3818
4 3870 3813 3791 3710
4 3906 3848 3874 3685
4 3893 3870 3780 3718
4 3870 3718 3813 3710
4 3922 3835 3780 3711
4 3974 3922 3873 3835
4 3870 3710 3791 3676
4 3872 1912 3580 1911
4 3872 3859 1912 1911
4 3872 3501 3580 1914
4 3872 1913 3580 1912
4 3872 3859 1913 1912
4 3872 3502 3501 1908
4 3872 3859 3502 1908
4 3872 1914 3580 1913
4 3872 3859 1914 1913
4 3872 3501 1914 1908
4 3872 1914 3859 1908
4 3873 3710 3835 3676
4 3893 3837 3870 3818
4 3893 3837 3818 3718
4 3873 3718 3835 3710
4 3893 3780 3873 3718
4 3873 3780 3835 3718
4 3873 3807 3676 3664
4 3873 3676 3835 3664
4 3873 3835 3807 3664
4 4114 3708 4072 3699
4 3893 3835 3873 3780
4 4123 3900 4109 3830
4 3875 3529 3806 3439
4 3875 3814 3822 3806
4 3875 3743 3814 3529
4 3875 3814 3806 3529
4 3875 3754 3814 3743
4 3875 3822 3754 3743
4 3875 3822 3814 3754
4 3876 3805 3852 3697
4 3905 3880 3855 3836
4 3914 3876 3880 3852
4 3907 3905 3880 3876
4 3917 3883 3882 3854
4 4057 4025 3877 3861
4 3880 3852 3836 3721
4 4141 4122 4134 4110
4 3905 3880 3876 3866
4 3883 3871 3808 3788
4 3956 3816 3921 3803
4 4023 3962 4017 3956
4 3937 3932 3886 3871
4 4022 4013 4005 3998
4 3917 3902 3907 3882
4 4012 3944 3989 3887
4 3923 3868 3689 3618
4 4067 4037 3987 3961
4 4118 4089 4104 4035
4 4166 4150 4165 4142
4 3914 3907 3880 3876
4 3917 3883 3902 3882
4 4112 4080 4068 4013
4 3883 3854 3855 3852
4 3883 3866 3882 3854
4 3978 3970 3966 3946
4 3883 3876 3854 3852
4 4005 3998 3862 3861
4 3883 3876 3866 3854
4 4046 3960 3731 3717
4 4002 3528 3888 1524
4 4081 3982 4046 3757
4 4087 4048 4031 3985
4 4126 3832 3913 3776
4 4126 3577 3784 629
4 3992 3985 3918 3885
4 4003 3992 3707 3693
4 4225 4223 4222 4211
4 4027 3979 3983 3902
4 3886 3882 3883 3866
4 4061 4027 3937 3882
4 3886 3876 3883 3852
4 3928 3910 3905 3880
4 3886 3883 3876 3866
4 3889 3849 3815 3809
4 4070 3879 3877 3862
4 3944 3915 3936 3892
4 3949 3890 3881 3778
4 3890 3822 3875 3762
4 3912 3881 3890 3875
4 3888 3794 3829 3770
4 3888 3829 3822 3770
4 3888 3770 3822 3762
4 4130 4122 4110 4066
4 3889 3845 3820 3803
4 3889 3820 3849 3803
4 3889 3845 3849 3820
4 4019 3579 3551 3533
4 4019 3645 3709 3551
4 3890 3794 3770 3762
4 3890 3770 3888 3762
4 3890 3794 3888 3770
4 3890 3829 3794 3778
4 3890 3888 3829 3778
4 3890 3829 3888 3794
4 3891 3877 3862 3861
4 3891 3877 3879 3862
4 4213 4181 3959 3869
4 3976 3958 3964 3907
4 3936 3899 3915 3894
4 4178 4141 4177 4130
4 4181 4178 4172 4130
4 3893 3710 3873 3676
4 3893 3813 3710 3676
4 3893 3813 3837 3710
4 3893 3873 3807 3676
4 3893 3873 3837 3807
4 3893 3791 3813 3676
4 3893 3837 3813 3791
4 3893 3807 3791 3676
4 3893 3807 3837 3791
4 4151 4150 4117 4104
4 3950 3862 3877 3861
4 4227 4070 4134 4017
4 4015 3997 4010 3897
4 4019 3982 3668 3653
4 4019 3955 3982 3895
4 4019 3646 3619 3578
4 3923 3868 3757 3689
4 3923 3668 3868 3618
4 3982 3923 3668 3608
4 3988 3975 3939 3896
4 3897 3889 3849 3815
4 4010 3849 3997 3831
4 4122 4096 4066 4057
4 4013 3944 3936 3894
4 4104 4089 4067 4037
4 4134 3862 4096 3861
4 4105 4029 4056 4026
4 4159 4148 4140 4113
4 3998 3877 3891 3861
4 4056 4022 4026 4005
4 4227 3981 3994 3980
4 3900 3848 3830 3685
4 3900 3874 3848 3685
4 3900 3848 3874 3830
4 3926 2642 3901 2639
4 3926 2639 3901 2638
4 3914 3907 3905 3880
4 3932 3883 3886 3871
4 4126 3642 3577 3496
4 4100 4087 4082 4008
4 4126 3992 4003 3784
4 4160 4120 3586 3554
4 3903 3856 3790 3784
4 3903 3856 3853 3790
4 3904 3830 3826 3695
4 3904 3826 3867 3695
4 3904 3867 3704 3697
4 3904 3830 3848 3826
4 3904 3848 3867 3826
4 3959 3831 3833 3828
4 4070 3891 3915 3879
4 4202 3957 4024 3878
4 3906 3874 3900 3685
4 4123 4109 4114 3830
4 3997 3959 3833 3828
4 3917 3914 3907 3902
4 4112 4092 4069 4068
4 3958 3917 3907 3882
4 4035 3976 3987 3961
4 4063 4056 4005 3998
4 3908 3841 3733 3700
4 3908 3841 3749 3733
4 3908 3713 3841 3712
4 3908 3735 3841 3713
4 3908 3747 3841 3735
4 4036 3842 3825 3800
4 3924 3594 3607 3469
4 3947 3711 3729 3633
4 4147 4091 3482 3481
4 4197 3486 3603 3485
4 3924 3909 3607 3528
4 3924 3466 3607 3439
4 3910 3905 3880 3855
4 3961 3914 3946 3905
4 3910 3855 3880 3852
4 3910 3883 3855 3852
4 3910 3886 3883 3852
4 3910 3883 3886 3855
4 3911 3904 3697 3695
4 4038 3718 4033 3710
4 3911 3896 3900 3874
4 3911 3900 3906 3874
4 3911 3906 3896 3874
4 4086 4034 3968 3957
4 3911 3906 3900 3685
4 3912 3846 3884 3797
4 3965 3782 3889 3775
4 3998 3891 3989 3861
4 3915 3891 3887 3879
4 3915 3887 3892 3879
4 4103 4055 4047 4020
4 3915 3899 3892 3887
4 4033 3780 3953 3718
4 3916 3870 3837 3818
4 4053 4050 3791 3676
4 4075 3954 3974 3948
4 3999 3848 3963 3685
4 4079 4038 4039 4033
4 3952 3916 3837 3818
4 3916 3893 3870 3780
4 3922 3711 3780 1370
4 4218 4193 4207 4186
4 3964 3917 3914 3907
4 3958 3882 3907 3866
4 4032 4013 4012 3944
4 3987 3961 3946 3905
4 4061 3970 3882 3866
4 4067 4037 4049 3987
4 4022 3998 3989 3944
4 3918 3856 3860 3853
4 4120 4101 3985 3984
4 3918 3903 3856 3853
4 3918 3856 3903 3482
4 3992 3885 3918 3856
4 3919 3857 3908 3841
4 4137 3857 3801 3716
4 3934 3927 3878 3842
4 4161 4137 4124 3749
4 4030 3943 3827 3768
4 3919 3755 3857 3698
4 3995 3908 3795 3749
4 3919 3908 3857 3755
4 3925 3812 3838 3783
4 3921 3845 3820 3767
4 3921 3869 3889 3845
4 3921 3897 3889 3869
4 4072 3699 4006 3690
4 4147 4091 3481 3480
4 4039 3952 3954 3916
4 3990 3893 3951 3873
4 3974 3922 3951 3873
4 3948 3893 3916 3780
4 3955 3895 3940 3868
4 3955 3923 3895 3868
4 4019 3955 3646 3578
4 3969 3884 3940 3578
4 3924 3607 3616 3439
4 3924 3729 3847 3616
4 3924 3909 3847 3729
4 3924 3616 3834 3439
4 3924 3834 3847 3439
4 3924 3847 3834 3616
4 3924 3633 3729 3607
4 3924 3729 3616 3607
4 3924 3711 3633 3607
4 3924 3909 3711 3607
4 3924 3711 3909 3633
4 3924 3909 3729 3633
4 4011 4001 3934 3878
4 4030 634 3827 631
4 4014 3991 3929 3476
4 4024 3957 3927 3878
4 4085 4014 3480 3476
4 4155 4147 3484 3483
4 3926 2643 3901 2642
4 3926 2644 3901 2643
4 3926 3798 3745 3635
4 3926 3798 3901 3745
4 3926 3635 3745 2644
4 3926 3745 3901 2644
4 3934 3842 3878 3825
4 3927 3878 3842 3799
4 4147 3603 4091 3476
4 4061 4042 4027 3978
4 4080 3931 4013 3894
4 3928 3886 3910 3852
4 3928 3910 3880 3852
4 3937 3882 3886 3866
4 4061 3932 3910 3855
4 3928 3880 3876 3852
4 4070 3915 3950 3879
4 4014 3933 3930 3925
4 3993 3920 3933 3838
4 4085 4014 4011 4001
4 4043 3991 3476 3475
4 3993 3929 3920 3476
4 4030 4001 4011 3864
4 4001 3933 3993 3920
4 4015 3972 3897 3889
4 3997 3897 3959 3849
4 4017 3956 3889 3803
4 4180 4021 4041 4010
4 4041 4010 4007 3997
4 4180 4171 4167 4062
4 4028 3983 4016 3902
4 4201 4090 4070 3862
4 4089 4045 4067 4037
4 3964 3907 3914 3876
4 4067 4065 4049 4037
4 4222 4211 4210 4195
4 3932 3928 3910 3823
4 3942 3854 3871 3808
4 3942 3854 3808 3759
4 3942 3854 3759 3701
4 3942 3852 3876 3805
4 3932 3855 3836 3823
4 3932 3823 3805 3787
4 3932 3805 3871 3787
4 3932 3871 3850 3787
4 3932 3823 3787 3779
4 3932 3787 3850 3779
4 3932 3850 3823 3779
4 4147 4091 4011 4001
4 4155 4147 4086 4034
4 4155 4147 4099 4086
4 4147 4091 4086 4034
4 3934 3930 3925 3842
4 3934 3842 3925 3838
4 4169 3968 4133 3967
4 3934 3842 3838 3821
4 3971 3919 3908 3735
4 3934 3842 3821 3799
4 3934 3927 3842 3799
4 3935 3758 3761 3741
4 3935 3727 3758 3708
4 3935 3785 3727 3708
4 3935 3758 3741 3695
4 3935 3741 3785 3695
4 3935 3708 3758 3695
4 3935 3785 3708 3695
4 4227 4070 4020 3981
4 4164 4146 4050 4038
4 3946 3914 3907 3905
4 4196 4166 4194 4157
4 4241 4220 4219 4203
4 4061 4018 4042 3978
4 3937 3886 3876 3866
4 4061 3966 3970 3937
4 3966 3928 3905 3880
4 3966 3880 3905 3866
4 3937 3928 3880 3876
4 3937 3876 3886 3852
4 3937 3886 3928 3852
4 3937 3928 3876 3852
4 3986 3549 3459 3458
4 3986 3901 3549 3458
4 3995 3908 3803 3795
4 3941 3911 3904 3697
4 4114 4075 4072 3771
4 3971 3713 3908 3712
4 4002 1524 1358 1357
4 3940 3895 3884 3846
4 3940 3884 3912 3846
4 4138 4135 4109 4079
4 3974 3951 3893 3873
4 3941 3906 3911 3685
4 3941 3939 3906 3685
4 4006 3974 3990 3893
4 3942 3854 3876 3852
4 3942 3871 3932 3805
4 3942 3932 3871 3854
4 3942 3836 3852 3805
4 3942 3854 3852 3836
4 3942 3932 3823 3805
4 3942 3823 3836 3805
4 3942 3932 3836 3823
4 3942 3855 3854 3836
4 3942 3932 3855 3836
4 3942 3855 3932 3854
4 3943 3878 3927 3799
4 3943 3716 3755 3674
4 3943 3799 3755 3716
4 4030 3878 3825 3800
4 3943 3800 3812 3768
4 3943 3825 3800 3768
4 3943 3825 3812 3800
4 3943 3812 3842 3799
4 3943 3825 3842 3812
4 3943 3842 3878 3799
4 3943 3878 3842 3825
4 3978 3946 3966 3928
4 3966 3928 3946 3905
4 3947 3909 3711 3633
4 3996 3796 3793 3677
4 3996 3802 3710 3676
4 3995 3971 3919 3908
4 4039 4033 4038 3974
4 4102 3975 3973 3963
4 3949 3881 3912 3797
4 3949 3912 3884 3797
4 3949 3881 3865 3778
4 3949 3865 3881 3797
4 3949 3884 3865 3797
4 3949 3865 3829 3778
4 3949 3829 3888 3778
4 3949 3865 3884 3829
4 3949 3884 3888 3829
4 4163 4138 4146 4125
4 3999 3871 3685 1379
4 4102 3911 3900 3685
4 3953 3780 3870 3718
4 4138 4125 4123 4114
4 3963 3906 3939 3685
4 4064 3999 4000 3963
4 3954 3952 3953 3948
4 3954 3952 3948 3916
4 3954 3916 3948 3796
4 4039 3974 3954 3953
4 3974 3873 3893 3835
4 3974 3922 3835 3780
4 4115 3856 3494 3490
4 4160 4143 4082 4008
4 4001 3993 3933 3930
4 3957 3927 3934 3799
4 3957 3934 3821 3799
4 3978 3946 3961 3914
4 4069 4032 4068 4029
4 3961 3914 3905 3880
4 4070 4005 3998 3989
4 4195 4179 4194 4157
4 4194 4157 4166 4150
4 4132 4073 4121 4059
4 3959 3897 3921 3869
4 3959 3956 3921 3897
4 4141 4134 4122 4096
4 3960 3868 3846 3757
4 3960 3846 3912 3757
4 3960 3923 3955 3868
4 3960 3955 3945 3868
4 4051 3888 1359 1358
4 4061 3970 3966 3932
4 3978 3946 3928 3910
4 4042 3978 3970 3966
4 4049 4037 4035 3987
4 4177 4141 4134 4077
4 4070 3862 617 614
4 4010 3897 3997 3849
4 3988 3975 3963 3939
4 3973 3963 3939 3685
4 4125 4064 4093 3988
4 4098 4061 4052 4027
4 4037 4035 3961 3914
4 4142 4108 3983 3979
4 4113 4112 4105 4069
4 4035 3964 3976 3961
4 3972 3965 3897 3889
4 3965 3956 3897 3889
4 4017 3889 3965 3810
4 4009 3950 3892 3887
4 3965 3956 3959 3897
4 3965 3962 3959 3956
4 4049 3987 4042 3978
4 3966 3937 3928 3880
4 3966 3876 3880 3866
4 3966 3937 3876 3866
4 3966 3937 3880 3876
4 4099 4086 3968 3957
4 4030 3827 3943 3799
4 4030 3957 3821 3799
4 4197 3487 3603 3486
4 4030 3577 3496 633
4 4030 3943 3927 3799
4 3968 3967 3957 3934
4 4091 4085 4086 4034
4 4001 3968 3934 3930
4 3968 3934 3930 3925
4 4030 4011 4001 3968
4 3968 3934 3925 3838
4 3968 3838 3925 3827
4 4030 3838 3968 3827
4 4086 4034 4030 3967
4 3968 3934 3838 3821
4 4030 3957 4024 3821
4 3968 3967 3934 3821
4 3969 3945 3955 3940
4 4019 3688 3757 3578
4 3982 3923 3757 3689
4 3982 3668 3653 3608
4 3969 3955 3945 3923
4 3982 3689 3668 3618
4 4081 4019 3757 3645
4 3982 3668 3923 3618
4 4051 3888 3829 3449
4 4051 4002 3960 3868
4 4042 4027 3978 3902
4 4042 3978 4018 3970
4 4061 3882 3937 3866
4 3970 3937 3966 3866
4 3970 3966 3946 3905
4 3970 3905 3882 3866
4 3970 3966 3905 3866
4 4061 3932 3937 3871
4 4061 4042 4052 4027
4 4052 4042 3970 3966
4 3971 3698 3919 3696
4 4135 4033 4079 3953
4 3972 3965 3889 3775
4 4066 4025 4058 4009
4 3972 3965 3959 3897
4 3972 3965 3962 3959
4 4109 4079 4075 4039
4 3973 3941 3911 3685
4 3990 3690 3727 3685
4 4072 4039 3974 3954
4 3990 3727 3951 3685
4 4161 3809 3815 3749
4 3974 3954 3953 3948
4 4094 3710 4076 3676
4 3974 3948 3952 3780
4 3974 3952 3953 3780
4 3974 3953 3952 3948
4 3975 3973 3896 3867
4 4164 4050 4135 4038
4 4105 4069 4063 4056
4 4022 3989 3998 3891
4 4061 1377 3871 1375
4 4029 4012 4026 3989
4 4045 3977 3976 3958
4 4045 3977 4016 3976
4 4049 3979 3987 3958
4 4185 4073 4156 4061
4 4016 3983 3977 3917
4 4027 3883 3886 3882
4 4027 3886 3937 3882
4 4005 3998 3989 3862
4 3983 3979 3917 3902
4 4059 4028 3983 3979
4 4098 4052 4065 4049
4 3979 3964 3958 3917
4 4061 4018 3970 3932
4 4077 4015 4021 3897
4 4044 3980 3994 3931
4 4070 3891 3899 3887
4 4070 3915 3899 3894
4 3989 3944 3936 3892
4 4070 3891 3879 3862
4 4144 4009 3950 3915
4 4016 3983 3917 3902
4 3998 3989 3862 3861
4 4070 3989 3899 3891
4 4227 4070 3980 3915
4 3989 3891 3862 3861
4 4015 3972 3997 3897
4 4081 4051 4046 3969
4 4019 3969 3982 3955
4 4019 3646 3955 3619
4 4019 3689 3757 3668
4 4019 3579 3969 3578
4 4081 4002 4051 1357
4 4019 3645 3579 3578
4 4019 3969 3579 3533
4 4081 1524 1357 1356
4 4046 3982 3923 3757
4 4081 1524 1356 1333
4 4019 3982 3689 3668
4 4019 3982 3757 3689
4 4019 3757 3645 3578
4 3983 3958 3977 3917
4 3983 3979 3958 3917
4 4159 4148 4154 4140
4 4165 4142 4150 4117
4 4069 4032 4029 4012
4 4071 4067 4065 4049
4 4126 3839 3856 3784
4 4126 3766 3597 602
4 4126 3832 3642 3496
4 4101 4074 4087 4048
4 3985 3918 3885 3860
4 3985 3885 3984 3860
4 3985 3984 3918 3860
4 3992 3885 3707 3693
4 4003 3918 3985 3903
4 4003 3992 3719 3707
4 4003 3753 3992 3693
4 4143 3720 4100 3665
4 4048 4008 4031 4003
4 4003 3766 3992 3753
4 3987 3964 3976 3958
4 3987 3976 3964 3961
4 4049 3983 3979 3958
4 3987 3979 3964 3958
4 4185 4073 4061 3979
4 4038 3780 4033 3718
4 4129 4125 4093 3988
4 4123 3826 4114 3690
4 4079 4072 4075 4039
4 4204 4141 4187 4077
4 3989 3892 3899 3887
4 3989 3944 3892 3887
4 3989 3915 3899 3892
4 3989 3936 3915 3892
4 3989 3915 3936 3899
4 3989 3899 3936 3894
4 4078 4070 4005 3998
4 4070 3899 3915 3887
4 4129 4125 3988 3975
4 4079 3953 4039 3952
4 4137 3934 3927 3878
4 4038 3710 3870 3676
4 4135 4050 4079 4038
4 4050 4038 3870 3791
4 4033 3718 3870 3710
4 3999 3780 3871 1380
4 4014 3993 4001 3930
4 4043 634 3577 631
4 4014 4011 4001 3993
4 4014 3929 3993 3476
4 4034 3968 3957 3934
4 4043 3827 3577 634
4 4137 4084 4124 3825
4 4087 4031 4048 4008
4 4120 4101 3984 3903
4 4048 4003 4031 3985
4 4074 3984 3903 3488
4 3992 3853 3885 3766
4 4115 3856 3496 3494
4 4043 3577 4030 633
4 4043 633 4030 631
4 4197 3488 3603 3487
4 4043 3476 3603 3475
4 3994 3936 3944 3931
4 3994 3980 3936 3931
4 3994 3980 3989 3936
4 3994 3981 3989 3980
4 3994 3989 3944 3936
4 4227 4017 4015 3972
4 3995 3908 3755 3698
4 3995 3755 3919 3698
4 3995 3908 3919 3755
4 3995 3908 3733 3700
4 3995 3908 3749 3733
4 4202 4191 3957 3927
4 3995 3712 3908 3700
4 3995 3971 3712 3700
4 3995 3971 3908 3712
4 3996 3834 3793 3664
4 3996 3947 3834 3664
4 3996 3793 3834 3639
4 3996 3847 3947 3729
4 3996 3947 3847 3834
4 3996 3729 3639 3625
4 3996 3639 3834 3625
4 3996 3834 3729 3625
4 3996 3729 3834 3616
4 3996 3834 3847 3616
4 3996 3847 3729 3616
4 4025 3862 3950 3861
4 3997 3972 3962 3959
4 4070 3989 4020 3981
4 4026 4012 4022 3989
4 4061 4018 3946 3882
4 4083 4028 4045 4016
4 4108 4065 4098 4052
4 4012 3989 3899 3887
4 4000 3963 3999 3874
4 4053 3718 4050 3710
4 4119 3974 4094 3780
4 4119 3999 3922 3780
4 4119 3999 4060 3922
4 4114 4060 4004 3999
4 4030 3927 3957 3799
4 4001 3930 3933 3864
4 4001 3933 3920 3864
4 4002 1524 3888 1358
4 4002 3912 3940 3884
4 4051 3888 3884 3829
4 4002 3940 3912 3846
4 4002 3912 3960 3846
4 4051 3949 4002 3884
4 4051 4002 3940 3884
4 4046 3960 4002 3949
4 4002 3960 3868 3846
4 4002 3868 3895 3846
4 4002 3895 3940 3846
4 4002 3940 3895 3868
4 4143 4100 4082 4008
4 4003 3784 3853 3766
4 4003 3853 3992 3766
4 4003 3992 3853 3784
4 4076 3718 4053 3710
4 4050 3780 4038 3718
4 4114 4060 3999 3922
4 4045 4028 4035 4016
4 4022 4013 3998 3944
4 4044 3994 3944 3931
4 4026 4022 4012 4005
4 4078 4055 4054 4005
4 4198 4127 4176 4090
4 4212 4192 4183 4159
4 4088 4054 4080 4044
4 4032 3944 4012 3892
4 4022 4012 4013 3944
4 4007 3997 3959 3833
4 4023 3962 3956 3803
4 4070 3899 3989 3894
4 4101 3903 3489 3488
4 4115 3903 3856 3490
4 4126 3856 3913 3496
4 4101 4074 3903 3488
4 4082 4008 3984 3487
4 4126 3784 3766 625
4 4160 4074 3673 3629
4 4101 3489 4074 3488
4 4134 4017 4070 3862
4 4025 4009 3950 3862
4 4122 4057 4066 4025
4 4023 3795 3862 621
4 4204 4077 4180 4021
4 4070 3606 3862 614
4 4021 3897 4010 3849
4 4177 4134 4023 4017
4 4226 4024 4202 3967
4 4034 4011 4030 3968
4 4197 4099 3488 3487
4 4011 4001 3993 3920
4 4242 3795 3775 3749
4 4086 3968 4034 3967
4 4030 4024 3957 3927
4 4011 4001 3920 3864
4 4070 3862 620 619
4 4070 3989 3981 3980
4 4144 4058 4009 3915
4 4049 3987 4035 3976
4 4071 4067 4049 3987
4 4108 4065 4052 4042
4 4098 4052 4018 3970
4 4131 4078 636 635
4 4061 4027 3979 3937
4 4158 4128 4140 4127
4 4055 4047 4054 3981
4 4136 4062 4041 4007
4 4227 3950 4070 3915
4 4052 4042 4018 3970
4 4027 3902 3883 3882
4 4018 3970 3978 3946
4 4018 3907 3946 3882
4 4061 3978 4027 3946
4 4061 3937 3970 3866
4 4018 3946 3907 3905
4 4018 3970 3946 3905
4 4081 1357 4051 1356
4 4081 4051 4019 3551
4 4046 3757 3960 3717
4 4081 1524 3709 1523
4 4044 3944 4013 3931
4 4139 4107 4092 4088
4 4078 4005 4044 3998
4 4227 4020 4070 4017
4 4070 3606 614 613
4 4020 3994 3989 3944
4 4020 3989 3994 3981
4 4070 3862 4017 3795
4 4201 3862 4070 1572
4 4096 3862 4057 3861
4 4227 3980 3931 3915
4 4023 3956 4017 3803
4 4187 4167 4171 4097
4 4213 3959 3962 3956
4 4213 4181 4189 4015
4 4023 4015 4017 3997
4 4066 4025 4009 3950
4 4023 3997 3972 3962
4 4023 3997 4017 3972
4 4023 3972 3965 3962
4 4023 3965 4017 3962
4 4023 3972 4017 3965
4 4137 3801 3857 3783
4 4030 3864 4011 3827
4 4030 3967 3968 3821
4 4034 3968 4030 3967
4 4030 3927 3943 3878
4 4030 3968 3838 3821
4 4030 4024 3967 3821
4 4091 4085 3482 3481
4 4024 3957 3934 3821
4 4024 3934 3967 3821
4 4024 3957 3967 3934
4 4030 4024 3927 3878
4 4030 3838 3827 3821
4 4131 4078 4070 4005
4 4088 4080 4054 4012
4 4176 4103 4145 4055
4 4029 4012 3989 3899
4 4068 4032 4055 4029
4 4083 4059 4045 4028
4 4055 4029 4032 4026
4 4068 4013 4032 3944
4 4061 3946 4027 3882
4 4061 3970 3905 3882
4 4027 3907 3902 3882
4 4027 3946 3907 3882
4 4027 3907 3914 3902
4 4027 3914 3978 3902
4 4027 3946 3914 3907
4 4027 3946 3978 3914
4 4089 4083 4067 4045
4 4174 4157 4162 4152
4 4157 4151 4117 4071
4 4045 4037 4035 4028
4 4035 3964 3961 3914
4 4054 4047 4044 3994
4 4054 4012 4022 4005
4 4145 4103 4107 4055
4 4044 4005 4013 3998
4 4054 4047 3994 3981
4 4206 4174 4194 4156
4 4032 4026 4029 4012
4 4103 4078 4055 4020
4 4030 3930 4001 3864
4 4030 3968 3925 3827
4 4030 3968 4001 3930
4 4030 3925 3864 3827
4 4030 3925 3930 3864
4 4030 3968 3930 3925
4 4031 4003 3992 3985
4 4031 4003 4008 3992
4 4031 3984 4008 3486
4 4031 3985 3992 3885
4 4031 4008 3985 3885
4 4054 4026 4012 4005
4 4266 4265 822 821
4 4078 4070 4020 4017
4 4266 4265 821 820
4 4039 4033 3974 3953
4 4135 4095 4072 4006
4 4079 4072 4039 4006
4 4043 3929 3991 3827
4 4034 4011 4014 3993
4 4147 4091 3483 3482
4 4217 4091 4147 4043
4 4217 4086 4034 4030
4 4034 4011 3993 3920
4 4086 4034 4085 4014
4 4155 4147 3483 3482
4 4217 4099 4133 3929
4 4034 4011 3920 3864
4 4073 4061 3871 1573
4 4151 4104 4071 4067
4 4206 4196 4185 4165
4 4202 4137 4191 3927
4 4164 4135 4095 4075
4 4242 3795 3995 3696
4 4161 3749 4124 3733
4 4142 4016 4028 3983
4 4114 3690 4006 3685
4 4039 3990 3974 3951
4 4164 4095 4135 4076
4 4163 4138 4125 4123
4 4079 3990 4039 3951
4 4094 4053 4076 3718
4 4094 3780 4053 3718
4 4114 3771 4072 3708
4 4053 3710 4050 3676
4 4064 4000 4004 3963
4 4138 4114 4123 4109
4 4050 3718 4038 3710
4 4102 3973 3911 3685
4 4041 3831 3997 3828
4 4041 4010 3997 3831
4 4181 4136 4007 3959
4 4057 3862 4025 3861
4 4065 4049 4052 4042
4 4042 3978 3914 3902
4 4042 3978 3961 3914
4 4229 4185 4206 4156
4 4052 4042 4049 3987
4 4052 4027 4042 3902
4 4043 3548 3991 3475
4 4147 4091 4099 4086
4 4197 4155 4099 4086
4 4091 4085 3481 3480
4 4085 4043 4014 3476
4 4085 4014 4034 4011
4 4085 4014 3481 3480
4 4047 4020 3994 3981
4 4080 4032 4068 4013
4 4080 4022 4013 4005
4 4055 4026 4054 4005
4 4127 4105 4063 4056
4 4220 4210 4203 4194
4 4051 3960 3945 3868
4 4051 3551 3709 1333
4 4081 4046 4051 4002
4 4051 3945 3940 3868
4 4046 3923 3868 3757
4 4046 3868 3960 3757
4 4046 3923 3960 3868
4 4046 3982 3969 3923
4 4047 3994 4020 3944
4 4047 4044 3994 3944
4 4078 4047 4055 4020
4 4166 4157 4151 4150
4 4078 4020 4070 3989
4 4047 3998 4044 3944
4 4078 4054 4055 4047
4 4048 3753 4003 3693
4 4048 4003 3707 3693
4 4048 3766 4003 3753
4 4126 3832 3784 3642
4 4087 4048 3719 3707
4 4100 4087 3724 3694
4 4160 3753 3675 3651
4 4087 3753 4048 3693
4 4065 4049 3983 3979
4 4049 3987 3976 3958
4 4142 4108 4117 4071
4 4108 4065 4067 4037
4 4108 4071 4067 4065
4 4065 4049 4037 4035
4 4146 4125 3975 3973
4 4094 4079 4076 4053
4 4079 4006 4039 3990
4 4081 3738 3709 3645
4 4051 4002 4046 3960
4 4051 3945 3969 3533
4 4051 3969 3551 3533
4 4051 3969 4019 3551
4 4081 4002 1524 1523
4 4081 4019 3982 3757
4 4081 3709 4019 3645
4 4051 3969 3945 3923
4 4051 3960 4046 3923
4 4051 4046 3969 3923
4 4051 3945 3955 3923
4 4051 3955 3960 3923
4 4051 3960 3955 3945
4 4142 4108 4098 4052
4 4052 4042 3987 3961
4 4142 4098 4108 3979
4 4098 4049 4065 3979
4 4052 3914 3917 3902
4 4052 4042 3914 3902
4 4098 4061 4027 3979
4 4052 4042 3961 3914
4 4135 4109 4079 4075
4 4088 4055 4068 4032
4 4088 4032 4080 4012
4 4131 4063 4056 4005
4 4107 4068 4088 4055
4 4070 3862 3795 620
4 4204 3931 4167 3894
4 4180 4077 4062 4021
4 4066 4057 4058 4025
4 4227 4070 3981 3980
4 4070 1572 3606 635
4 4070 4005 3989 3862
4 4259 4245 4258 4235
4 4104 4089 4071 4067
4 4206 4194 4174 4157
4 4061 3932 3966 3928
4 4061 3966 3937 3928
4 4061 3905 3907 3882
4 4061 3907 4018 3882
4 4061 4018 3907 3905
4 4061 3910 3886 3855
4 4061 3937 3932 3886
4 4061 3910 3928 3886
4 4061 3928 3937 3886
4 4061 3886 3883 3855
4 4061 3883 3932 3855
4 4061 3886 3932 3883
4 4227 4017 3972 3965
4 4204 4180 4167 3931
4 4080 4044 4013 3931
4 4113 4112 4069 4068
4 4154 4153 4148 4139
4 4116 4059 4083 4028
4 4173 4139 4154 4112
4 4092 4080 4088 4068
4 4102 3988 3975 3963
4 4123 3999 3963 3685
4 4114 3826 3771 3690
4 4079 4050 4039 4038
4 4075 4072 3974 3954
4 4102 3973 3941 3911
4 4142 4108 4071 4067
4 4108 4065 3983 3979
4 4065 4049 4035 3976
4 4185 4061 4156 1368
4 4142 4108 4016 3983
4 4065 3976 3977 3958
4 4065 3977 3983 3958
4 4065 3983 4049 3958
4 4065 4049 3976 3958
4 4110 4066 4097 4058
4 4096 4057 3877 3861
4 4227 4057 4096 3862
4 4204 4180 4134 4096
4 4070 3862 3606 1572
4 4089 4045 4035 3976
4 4151 4104 4117 4071
4 4197 4086 4099 3487
4 4193 4168 4186 4162
4 4206 4185 4196 4073
4 4199 4182 4183 4170
4 4092 4069 4068 4056
4 4103 4055 4078 4005
4 4121 4073 4116 4059
4 4083 4016 4045 3977
4 4107 4055 4088 4054
4 4214 4198 637 636
4 4145 4112 4092 4069
4 4140 4127 4128 4111
4 4070 3931 3915 3894
4 4070 3931 3980 3915
4 4070 3936 3931 3894
4 4070 3989 3936 3894
4 4070 3936 3980 3931
4 4070 3989 3980 3936
4 4108 4098 4065 3979
4 4128 4111 4127 4105
4 4152 4149 4118 4106
4 4083 4073 4071 4059
4 4179 4118 4151 4104
4 4118 4106 4104 4089
4 4104 4089 4037 4035
4 4162 4149 4152 4106
4 4113 4105 4111 4069
4 4089 4083 4073 4071
4 4083 4059 4067 4045
4 4126 4101 4048 4003
4 4125 4123 4064 3988
4 4123 3963 4102 3685
4 4125 4093 4064 4040
4 4146 4129 4125 4114
4 4075 4072 4060 3922
4 4076 3676 4053 3664
4 4135 4053 4079 4050
4 4095 4093 4060 4040
4 4094 4038 4050 3780
4 4095 4094 4076 3676
4 4094 3974 4033 3780
4 4079 4039 3974 3951
4 4079 3951 3974 3922
4 4077 4041 4062 4021
4 4172 4136 4171 4062
4 4078 4070 3998 3989
4 4078 4054 4047 4044
4 4078 4044 4047 3998
4 4078 3989 3998 3944
4 4078 4020 3989 3944
4 4078 3998 4047 3944
4 4078 4047 4020 3944
4 4094 4033 4038 3780
4 4135 4072 4079 4006
4 4080 4013 4044 4005
4 4080 4013 4022 4012
4 4080 4022 4054 4012
4 4080 4044 4054 4005
4 4080 4054 4022 4005
4 4080 4032 4013 4012
4 4088 4068 4080 4032
4 4112 4080 4092 4068
4 4081 1523 3709 1522
4 4081 3709 4002 1522
4 4081 4002 1523 1522
4 4081 3757 3717 3645
4 4081 3757 4046 3717
4 4081 3717 3731 3645
4 4081 3731 4046 3645
4 4081 4046 3731 3717
4 4082 3984 3488 3487
4 4082 3984 4074 3488
4 4082 4008 4048 4003
4 4082 4048 4074 4003
4 4082 4008 3985 3984
4 4082 3985 4074 3984
4 4082 4008 4003 3992
4 4126 4074 4101 4003
4 4082 3985 4008 3885
4 4082 4074 3985 3885
4 4126 4082 4003 3992
4 4126 3918 3984 3860
4 4160 4126 3597 3586
4 4168 4152 4151 4118
4 4214 4201 4199 4170
4 4215 4201 4209 4182
4 4124 3971 3733 3700
4 4226 4024 4030 3878
4 4137 4036 4084 3800
4 4202 4137 3800 3783
4 4242 3800 4030 3768
4 4242 3782 4226 3775
4 4197 3489 3603 3488
4 4099 4086 4030 3967
4 4099 4086 4091 4085
4 4086 4034 4014 3993
4 4190 4169 4091 4085
4 4217 4030 4043 3496
4 4217 3920 3929 3864
4 4217 4133 3991 3929
4 4217 4086 3929 3920
4 4086 3993 3929 3920
4 4086 4034 3993 3920
4 4087 4048 3707 3693
4 4087 4074 4082 4048
4 4100 3724 4087 3720
4 4143 3665 4100 3659
4 4160 3673 3651 3629
4 4100 3766 4087 3753
4 4100 4082 4087 4074
4 4115 3903 3490 3489
4 4120 4115 3490 3489
4 4087 4003 4048 3766
4 4088 4054 4026 4012
4 4088 4054 4055 4026
4 4088 4026 4032 4012
4 4088 4055 4032 4026
4 4106 4083 4089 4045
4 4089 4071 4067 4059
4 4089 4067 4083 4059
4 4089 4083 4071 4059
4 4111 4069 4105 4029
4 4215 4212 4201 4182
4 4147 3480 3603 3476
4 4197 3485 3603 3484
4 4116 4073 4083 4059
4 4139 4113 4105 4090
4 4200 4173 4188 4153
4 4192 4154 4159 4148
4 4149 4116 4106 4083
4 4095 4076 4093 4040
4 4123 3830 4114 3826
4 4123 3900 3830 3685
4 4094 4038 4033 3974
4 4094 4039 4038 3974
4 4094 4039 4050 4038
4 4094 4079 3974 3922
4 4094 4079 4053 4050
4 4135 4075 4079 4072
4 4094 4079 4039 3974
4 4094 4079 4050 4039
4 4135 4079 4094 3922
4 4135 4095 4094 4076
4 4135 3951 4079 3922
4 4135 4094 4079 4076
4 4135 4095 4075 4072
4 4135 4095 3951 3922
4 4227 4144 4009 3950
4 4171 4062 4136 4007
4 4097 4058 4066 4057
4 4180 4110 4134 4066
4 4227 3931 4204 3894
4 4144 4058 4097 4057
4 4098 3987 4049 3979
4 4098 4052 4049 3987
4 4098 3979 4027 3902
4 4098 4027 4052 3902
4 4098 4052 3987 3961
4 4098 3917 3979 3902
4 4098 4052 3917 3902
4 4098 3987 3964 3961
4 4098 3987 3979 3964
4 4098 3964 3979 3917
4 4098 3917 4052 3914
4 4098 4052 3961 3914
4 4098 3961 3964 3914
4 4098 3964 3917 3914
4 4217 4133 4099 4030
4 4147 4091 3480 3476
4 4099 4086 4085 4014
4 4217 4099 4086 4030
4 4217 3929 4043 3827
4 4133 4099 4030 3967
4 4099 4086 4014 3993
4 4099 4086 3993 3929
4 4160 3753 3659 3627
4 4160 3753 3651 3586
4 4126 3913 3832 3496
4 4115 3496 3495 3494
4 4101 4100 4087 4074
4 4126 3913 3839 3776
4 4160 4074 4101 3673
4 4100 3719 4087 3694
4 4126 3913 3856 3839
4 4160 4143 4101 4074
4 4100 4087 3719 3707
4 4100 3707 3753 3693
4 4100 3753 4087 3693
4 4100 4087 3707 3693
4 4101 4074 3984 3903
4 4126 4082 4074 4003
4 4126 3984 3885 3860
4 4126 4120 4101 3885
4 4126 3918 3860 3853
4 4126 4115 3903 3856
4 4126 3903 3853 3790
4 4101 3985 4074 3885
4 4101 4074 3985 3984
4 4123 3830 3826 3685
4 4123 3690 4114 3685
4 4154 4139 4148 4112
4 4107 4092 4088 4068
4 4131 4078 4103 4020
4 4103 4026 4055 4005
4 4103 4056 4026 4005
4 4103 4056 4068 4029
4 4103 4068 4055 4029
4 4103 4029 4055 4026
4 4103 4056 4029 4026
4 4116 4028 4083 4016
4 4179 4168 4157 4151
4 4218 4208 4193 4186
4 4215 4183 4182 4175
4 4175 4159 4158 4128
4 4112 4105 4069 4063
4 4149 4121 4118 4106
4 4116 4089 4106 4083
4 4152 4106 4118 4089
4 4174 4152 4149 4132
4 4151 4118 4150 4104
4 4116 4104 4106 4089
4 4152 4149 4151 4118
4 4107 4092 4068 4056
4 4107 4068 4103 4056
4 4108 4065 4037 4035
4 4203 4194 4195 4179
4 4142 3983 4028 3979
4 4108 4016 3983 3977
4 4108 3983 4065 3977
4 4108 4035 4016 3976
4 4108 4065 4035 3976
4 4108 4016 3977 3976
4 4108 3977 4065 3976
4 4191 3809 4161 3749
4 4129 4093 4114 4060
4 4135 4076 4079 4053
4 4129 4095 4093 4060
4 4114 3990 4072 3951
4 4114 3990 3951 3685
4 4114 4072 4006 3690
4 4114 3699 4072 3690
4 4123 3826 3690 3685
4 4114 4006 3990 3685
4 4114 4006 4072 3990
4 4114 4075 4060 3922
4 4114 3951 3922 3685
4 4114 3951 4072 3922
4 4114 3771 3708 3699
4 4114 3922 3999 3685
4 4122 4096 4110 4066
4 4227 4047 4015 3981
4 4113 4068 4069 4032
4 4113 4111 4105 4090
4 4131 4103 4078 4005
4 4145 4107 4131 4092
4 4175 4159 4170 4158
4 4239 4214 4224 635
4 4270 1578 1579 1574
4 4145 4131 4107 4103
4 4145 4092 4131 4069
4 4131 4070 4090 4005
4 4131 4070 4078 635
4 4193 4174 4162 4149
4 4201 4090 4131 4070
4 4176 4113 4139 4090
4 4198 4153 4176 4127
4 4123 4114 3999 3685
4 4114 4060 4040 4004
4 4125 4114 4093 4040
4 4114 4060 4093 4040
4 4164 4146 4129 4053
4 4126 4101 4120 4048
4 4126 3860 3885 3853
4 4160 3586 3673 3554
4 4126 4120 4087 4048
4 4126 4115 4120 3885
4 4126 3885 3992 3853
4 4126 3984 3918 3903
4 4126 4031 3992 3885
4 4126 4115 3984 3903
4 4120 3984 4115 3903
4 4120 3903 4115 3489
4 4127 4105 4090 4063
4 4151 4149 4132 4121
4 4127 4105 4111 4090
4 4233 4231 4228 4209
4 4157 4151 4150 4117
4 4121 4059 4116 4028
4 4150 4117 4108 4065
4 4117 4104 4089 4071
4 4117 4104 4116 4089
4 4117 4089 4073 4071
4 4117 4089 4116 4073
4 4158 4154 4140 4128
4 4150 4118 4106 4104
4 4231 4230 4215 4212
4 4168 4152 4157 4151
4 4206 4156 4185 4073
4 4119 4094 4095 4060
4 4119 4060 4072 3922
4 4119 4072 3951 3922
4 4119 3951 4095 3922
4 4119 4075 4072 4060
4 4119 4075 4095 4072
4 4119 4072 4095 4006
4 4164 4129 4076 4053
4 4119 4072 3990 3951
4 4119 4072 4006 3990
4 4119 3990 4095 3951
4 4119 4006 4095 3990
4 4143 4100 4101 4074
4 4143 3724 4100 3720
4 4160 3651 3673 3586
4 4120 3985 4101 3885
4 4126 3903 3918 3853
4 4120 4115 3985 3885
4 4120 4101 4100 4087
4 4126 3853 3992 3784
4 4120 4101 4087 4048
4 4126 4120 4100 4087
4 4126 3790 3853 3784
4 4126 3903 3790 3784
4 4174 4152 4162 4149
4 4193 4174 4184 4162
4 4193 4184 4168 4162
4 4201 4131 4198 635
4 4194 4157 4150 4117
4 4187 4172 4130 4110
4 4187 4110 4097 4058
4 4123 4064 3988 3963
4 4123 3988 4102 3963
4 4123 3999 4064 3963
4 4137 4084 3825 3800
4 4137 4124 4036 3919
4 4137 3698 3716 3696
4 4137 4036 3800 3783
4 4137 3857 4036 3783
4 4191 4161 3971 3733
4 4137 4124 4084 4036
4 4202 3801 4137 3783
4 4124 4084 4036 3919
4 4125 4102 3975 3973
4 4125 4114 4040 4004
4 4125 4040 4064 4004
4 4125 4004 4064 4000
4 4125 4004 4000 3999
4 4125 4114 4004 3999
4 4125 4123 4114 3999
4 4125 4000 4064 3999
4 4125 4064 4123 3999
4 4126 3984 3985 3885
4 4126 3985 4115 3885
4 4126 4115 3985 3984
4 4126 4031 4008 3992
4 4126 4008 4082 3992
4 4126 4074 4082 3885
4 4126 4101 4074 3885
4 4126 4008 4031 3885
4 4126 4082 4008 3885
4 4175 4158 4170 4128
4 4184 4156 4174 4132
4 4176 4153 4145 4139
4 4232 4216 4205 4188
4 4247 4231 4233 4215
4 4184 4132 4174 4121
4 4149 4116 4121 4106
4 4174 4156 4152 4132
4 4253 4245 4235 4222
4 4141 4130 4122 4110
4 4131 4056 4103 4005
4 4131 4092 4107 4056
4 4131 4107 4103 4056
4 4241 4235 4222 4220
4 4131 4063 4069 4056
4 4131 4069 4092 4056
4 4174 4121 4149 4116
4 4211 4186 4195 4179
4 4133 4099 4091 4085
4 4197 3484 3603 3483
4 4197 3494 3603 3490
4 4197 4155 4147 4099
4 4133 4099 4085 4014
4 4190 4169 4147 4091
4 4197 4133 3489 3488
4 4197 4133 4169 3489
4 4133 3993 4014 3991
4 4133 4099 4014 3993
4 4133 3993 3991 3929
4 4133 4099 3993 3929
4 4177 4077 4134 4017
4 4180 4062 4167 4041
4 4134 4110 4122 4096
4 4181 4172 3959 3869
4 4134 4110 4096 4066
4 4135 4006 4079 3990
4 4135 4095 4006 3990
4 4135 4094 4119 3922
4 4135 4119 4095 3922
4 4135 4095 4119 4094
4 4135 3990 4079 3951
4 4135 4095 3990 3951
4 4136 4041 4010 4007
4 4189 4023 4177 3962
4 4136 4010 4015 4007
4 4213 3959 3956 3921
4 4189 4178 4077 4062
4 4213 3962 4189 3956
4 4226 4202 3801 3696
4 4191 3749 4161 3733
4 4137 3755 3716 3698
4 4137 3857 3755 3698
4 4137 3755 3857 3716
4 4138 4109 4123 3900
4 4146 4129 4053 4050
4 4153 4127 4148 4111
4 4145 4139 4107 4092
4 4145 4112 4139 4092
4 4148 4140 4113 4111
4 4148 4139 4113 4112
4 4198 4158 4127 4090
4 4153 4145 4139 4107
4 4176 4139 4145 4090
4 4153 4148 4113 4111
4 4212 4183 4205 4182
4 4173 4153 4154 4139
4 4176 4131 4145 4103
4 4153 4148 4139 4113
4 4171 4144 4167 4062
4 4171 4167 4144 4097
4 4177 4134 4141 4096
4 4227 4134 4077 4017
4 4142 4108 4067 4037
4 4142 4035 4028 4016
4 4142 4108 4035 4016
4 4165 4142 4117 4071
4 4185 4061 4098 3979
4 4206 4196 4203 4194
4 4142 4035 4037 4028
4 4142 4108 4037 4035
4 4160 3753 3665 3659
4 4143 4126 4120 4100
4 4160 3665 4143 3659
4 4160 4115 4126 3586
4 4160 3673 4101 3554
4 4160 4126 3766 3597
4 4160 3753 3720 3665
4 4143 4100 3724 3694
4 4160 3766 4143 3753
4 4143 4120 4101 4100
4 4160 3720 4143 3665
4 4143 3719 4100 3694
4 4160 4101 4120 3554
4 4143 3753 4100 3707
4 4143 4100 3719 3707
4 4227 4017 4077 4015
4 4187 4172 4178 4130
4 4180 4077 4171 4062
4 4158 4127 4090 4063
4 4145 4112 4069 4063
4 4145 4069 4131 4063
4 4145 4131 4090 4063
4 4176 4145 4131 4090
4 4145 4105 4112 4063
4 4145 4139 4112 4105
4 4214 4198 4200 4176
4 4174 4132 4149 4121
4 4148 4127 4140 4111
4 4145 4090 4105 4063
4 4145 4139 4105 4090
4 4146 4129 4114 4060
4 4146 4114 4138 4060
4 4164 4053 4135 4050
4 4164 4076 4135 4053
4 4163 4146 4138 4060
4 4164 4038 4135 4033
4 4155 3481 3603 3480
4 4155 3603 4147 3480
4 4155 4147 3481 3480
4 4197 4155 3484 3483
4 4197 3483 3603 3482
4 4217 4030 4024 3967
4 4147 4043 4091 3603
4 4197 4169 3490 3489
4 4197 4099 4133 3488
4 4170 4128 4158 4127
4 4225 4218 4208 4193
4 4200 4176 4198 4153
4 4159 4140 4154 4128
4 4173 4158 4159 4128
4 4218 4184 4193 4174
4 4259 4235 4220 4210
4 4156 4061 4073 1573
4 4203 4194 4166 4150
4 4208 4193 4186 4162
4 4166 4150 4142 4108
4 4196 4185 4166 4073
4 4194 4179 4168 4157
4 4206 4196 4194 4157
4 4151 4149 4121 4118
4 4150 4116 4117 4104
4 4150 4106 4116 4104
4 4150 4121 4116 4106
4 4150 4117 4116 4073
4 4150 4116 4121 4073
4 4196 4166 4185 4165
4 4179 4168 4151 4118
4 4157 4152 4156 4132
4 4185 4098 4061 4018
4 4175 4140 4159 4128
4 4197 3482 3603 3481
4 4155 4043 3603 3577
4 4155 4043 4147 3603
4 4197 4155 3482 3481
4 4195 4179 4157 4151
4 4245 4235 4222 4221
4 4219 4203 4206 4196
4 4175 4140 4128 4111
4 4270 1547 1548 1543
4 4168 4162 4157 4152
4 4249 4247 4248 4237
4 4174 4156 4157 4152
4 4218 4207 4193 4184
4 4228 4209 4201 4199
4 4201 4158 4198 4090
4 4214 4188 4175 4170
4 4173 4159 4154 4128
4 4214 4173 4200 4158
4 4182 4175 4170 4128
4 4173 4139 4112 4092
4 4160 4143 4120 4101
4 4160 4120 4115 3586
4 4160 4120 4126 4115
4 4160 4143 4126 4120
4 4160 4126 4087 3766
4 4160 3753 3724 3720
4 4160 3724 4143 3720
4 4160 4087 4100 3766
4 4160 4100 4143 3766
4 4160 4126 4100 4087
4 4160 4126 4143 4100
4 4160 3724 3753 3694
4 4160 4143 3724 3694
4 4160 3753 3719 3694
4 4160 3719 4143 3694
4 4160 3719 3753 3707
4 4160 3753 4143 3707
4 4160 4143 3719 3707
4 4191 3733 3971 3700
4 4242 3696 3801 3674
4 4202 4137 3716 3696
4 4242 3775 4226 3749
4 4242 3995 3749 3733
4 4242 3795 3810 3782
4 4210 4195 4194 4157
4 4203 4194 4196 4166
4 4222 4211 4220 4210
4 4225 4211 4221 4208
4 4164 4146 4053 4050
4 4164 4129 4146 4060
4 4163 4138 4114 4060
4 4163 4114 4138 4109
4 4164 4146 4163 4060
4 4164 4129 4095 4076
4 4164 4119 4095 4060
4 4164 4095 4119 4075
4 4164 4109 4135 4075
4 4164 4075 4119 4060
4 4164 4138 4135 4109
4 4164 4163 4138 4109
4 4164 4138 4163 4135
4 4164 4114 4075 4060
4 4164 4114 4109 4075
4 4164 4163 4114 4060
4 4164 4114 4163 4109
4 4185 4059 4073 3979
4 4165 4045 4059 4028
4 4185 4098 4142 3979
4 4165 4142 4071 4067
4 4165 4037 4045 4028
4 4165 4142 4037 4028
4 4165 4067 4059 4045
4 4165 4067 4045 4037
4 4165 4142 4067 4037
4 4235 4222 4210 4195
4 4166 4150 4121 4073
4 4206 4157 4174 4156
4 4166 4150 4151 4118
4 4166 4151 4121 4118
4 4166 4118 4121 4106
4 4166 4121 4150 4106
4 4166 4150 4118 4106
4 4227 4020 4017 3965
4 4227 4047 4020 3972
4 4167 4144 4097 4057
4 4187 4178 4172 4171
4 4227 4134 4204 4077
4 4204 4167 4144 3894
4 4204 4144 4167 4057
4 4186 4162 4168 4152
4 4223 4207 4218 4184
4 4268 4249 4257 4237
4 4210 4195 4203 4194
4 4206 4194 4203 4156
4 4250 4234 4238 4225
4 4197 4147 4133 4099
4 4217 4043 4030 3827
4 4169 4133 4147 4091
4 4197 3603 4155 3481
4 4197 4155 3483 3482
4 4217 4190 4197 4147
4 4169 4133 4091 4085
4 4217 3496 4197 3495
4 4217 4133 4030 3967
4 4217 4197 4155 4147
4 4169 4133 4085 4014
4 4217 4011 4034 3864
4 4169 4133 4014 3991
4 4176 4153 4139 4113
4 4214 4175 4173 4159
4 4198 4176 4131 4090
4 4216 4199 4205 4182
4 4205 4199 4201 4182
4 4224 4214 4216 4200
4 4231 4212 4215 4183
4 4187 4171 4172 4136
4 4189 4177 4178 4141
4 4187 4110 4167 4097
4 4172 4136 4062 4041
4 4213 4023 4189 3962
4 4213 4181 3869 3845
4 4189 4077 4017 4015
4 4213 4189 4181 4178
4 4213 3869 3921 3845
4 4172 4041 4021 4010
4 4172 4136 4041 4010
4 4203 4194 4184 4156
4 4201 4198 4131 4090
4 4184 4162 4174 4156
4 4196 4166 4165 4142
4 4214 4170 4175 4159
4 4183 4159 4175 4140
4 4215 4183 4212 4182
4 4233 4215 4209 4182
4 4209 4201 4199 4182
4 4224 4216 4201 4199
4 4183 4182 4175 4170
4 4216 4183 4199 4182
4 4214 4200 4198 4158
4 4198 4131 637 636
4 4230 4205 4212 4192
4 4200 4176 4153 4145
4 4266 4248 4249 4247
4 4225 4218 4223 4208
4 4176 4127 4111 4090
4 4176 4127 4153 4111
4 4201 1572 4070 635
4 4192 4175 4183 4159
4 4176 4111 4113 4090
4 4176 4153 4113 4111
4 4214 4175 4188 4173
4 4246 4232 4244 4230
4 4187 4180 4171 4167
4 4187 4180 4167 4110
4 4178 4141 4130 4122
4 4181 4172 4136 3959
4 4178 4172 4171 4062
4 4178 4171 4077 4062
4 4178 4171 4177 4077
4 4213 4181 4007 3959
4 4189 4181 4178 4172
4 4239 1572 4201 635
4 4201 4070 4131 635
4 4204 4187 4180 4077
4 4227 3915 3931 3894
4 4227 3972 4020 3965
4 4204 4141 4134 4110
4 4180 4134 4096 4066
4 4180 4097 4110 4066
4 4180 4167 4110 4097
4 4180 4066 4096 4057
4 4180 4097 4066 4057
4 4227 4134 4070 3862
4 4181 4136 4015 4007
4 4181 4015 4136 4010
4 4181 4136 4172 4010
4 4181 4021 4015 4010
4 4189 4172 4178 4062
4 4189 4077 4177 4017
4 4189 4177 4023 4017
4 4213 3959 3921 3869
4 4189 4178 4177 4077
4 4188 4153 4173 4139
4 4246 4231 4240 4230
4 4206 4185 1368 1367
4 4229 4185 4156 1368
4 4200 4154 4173 4153
4 4192 4173 4188 4159
4 4214 4198 811 637
4 4214 4201 4170 4158
4 4240 4230 4231 4212
4 4214 4188 4200 4173
4 4224 4214 812 811
4 4270 4256 4253 4245
4 4194 4168 4162 4157
4 4185 4165 4142 4098
4 4185 4117 4150 4073
4 4185 4165 4150 4117
4 4185 4028 4059 3979
4 4185 4165 4059 4028
4 4185 4071 4073 4059
4 4185 4142 4028 3979
4 4185 4142 4165 4028
4 4185 4117 4073 4071
4 4185 4165 4117 4071
4 4185 4067 4071 4059
4 4185 4165 4067 4059
4 4185 4165 4071 4067
4 4211 4186 4179 4168
4 4222 4211 4195 4179
4 4241 4236 4229 4223
4 4259 4258 4241 4235
4 4233 4215 4231 4209
4 4266 4265 823 822
4 4187 4130 4141 4110
4 4204 4134 4180 4110
4 4187 4171 4180 4077
4 4187 4178 4177 4130
4 4187 4177 4178 4171
4 4227 3980 4204 3931
4 4187 4177 4171 4077
4 4187 4141 4177 4077
4 4187 4177 4141 4130
4 4198 4131 636 635
4 4200 4153 4198 4148
4 4231 4230 4228 4209
4 4201 4199 4170 4158
4 4188 4173 4175 4159
4 4192 4173 4159 4154
4 4189 4021 4077 4015
4 4189 4181 4021 4015
4 4189 4041 4077 4021
4 4189 4172 4041 4021
4 4189 4172 4021 4010
4 4189 4021 4181 4010
4 4189 4181 4172 4010
4 4189 4062 4077 4041
4 4189 4172 4062 4041
4 4217 4030 4011 3827
4 4217 4030 4034 4011
4 4217 3991 4043 3929
4 4217 4169 4133 3967
4 4190 4085 4043 4014
4 4217 3864 3929 3827
4 4190 4169 4085 4014
4 4217 4190 4169 3967
4 4217 4190 4147 4091
4 4217 4147 4155 4043
4 4217 4011 3864 3827
4 4217 4155 4197 4043
4 4217 4085 4091 4043
4 4217 4190 4091 4085
4 4202 4137 3927 3878
4 4242 3768 3696 3674
4 4202 3698 4137 3696
4 4202 3716 3801 3696
4 4242 4226 3878 3800
4 4226 3775 4191 3749
4 4242 3795 3782 3775
4 4202 4137 3878 3800
4 4191 4036 4084 3919
4 4191 4084 4036 3971
4 4191 4084 4124 3919
4 4242 3698 4226 3696
4 4191 4124 4084 3971
4 4191 4161 4124 3971
4 4192 4183 4175 4170
4 4192 4175 4188 4170
4 4268 4257 4264 635
4 4193 4184 4179 4168
4 4193 4179 4186 4168
4 4203 4179 4184 4168
4 4225 4222 4221 4211
4 4207 4156 4184 4132
4 4209 4182 4199 4170
4 4219 4206 4203 4156
4 4256 4250 4253 4245
4 4206 4157 4156 4132
4 4206 4152 4157 4132
4 4194 4174 4162 4156
4 4194 4162 4174 4157
4 4194 4162 4184 4156
4 4194 4168 4184 4162
4 4219 4203 4210 4195
4 4256 4250 4245 4238
4 4206 4132 4156 4073
4 4211 4208 4210 4195
4 4196 4166 4157 4151
4 4196 4121 4132 4073
4 4196 4166 4121 4073
4 4196 4151 4149 4132
4 4196 4151 4132 4121
4 4196 4166 4151 4121
4 4196 4149 4152 4132
4 4206 4196 4152 4132
4 4196 4151 4152 4149
4 4196 4157 4152 4151
4 4197 4169 4190 3490
4 4197 4190 3494 3490
4 4197 3495 3603 3494
4 4197 4190 4169 4147
4 4197 4190 3495 3494
4 4197 3577 3603 3495
4 4197 4155 3603 3577
4 4217 4133 4169 3991
4 4217 4197 4190 3495
4 4197 3496 3577 3495
4 4217 4043 4197 3496
4 4197 4043 3577 3496
4 4197 4043 4155 3577
4 4200 4154 4153 4148
4 4198 4158 4140 4127
4 4198 4140 4148 4127
4 4198 4148 4153 4127
4 4214 4198 4201 4158
4 4199 4183 4192 4170
4 4216 4214 4201 4199
4 4216 4188 4214 4170
4 4200 4154 4148 4140
4 4200 4148 4198 4140
4 4200 4154 4158 4128
4 4200 4158 4173 4128
4 4200 4173 4154 4128
4 4200 4158 4154 4140
4 4200 4198 4158 4140
4 4216 4205 4183 4182
4 4214 4201 4198 635
4 4214 4198 636 635
4 4269 4264 4257 4249
4 4232 4216 4224 4205
4 4225 4223 4211 4208
4 4243 4241 4229 4220
4 4268 820 844 819
4 4205 4188 4192 4173
4 4205 4173 4192 4154
4 4212 4192 4205 4183
4 4237 4233 4228 4209
4 4202 4137 3801 3716
4 4242 3995 3795 3749
4 4242 3995 3971 3696
4 4242 3971 3919 3696
4 4202 3857 4137 3698
4 4202 3919 4137 3857
4 4242 3801 3768 3674
4 4202 4161 4191 4137
4 4202 4124 4137 3919
4 4226 3698 4202 3696
4 4202 4161 4137 4124
4 4203 4184 4194 4168
4 4203 4194 4179 4168
4 4203 4193 4184 4179
4 4243 4207 4229 4156
4 4219 4203 4184 4156
4 4243 4241 4220 4219
4 4204 4167 4097 4057
4 4204 4097 4180 4057
4 4204 4167 4180 4097
4 4227 3950 4009 3862
4 4227 4070 3950 3862
4 4227 4144 3950 3915
4 4227 4144 3915 3894
4 4227 4204 4134 4096
4 4227 4204 4144 3894
4 4227 4096 4134 3862
4 4204 4180 4096 4057
4 4204 4180 4187 4110
4 4204 4187 4141 4110
4 4206 4196 4157 4152
4 4211 4208 4195 4186
4 4245 4238 4235 4221
4 4238 4225 4221 4208
4 4219 4203 4196 4166
4 4272 4258 1366 1365
4 4270 4267 1552 1545
4 4216 4192 4199 4183
4 4215 4212 4209 4201
4 4212 4205 4201 4182
4 4257 4239 1572 848
4 4271 4261 1578 1569
4 4220 4210 4219 4203
4 4259 4235 4241 4220
4 4247 4240 4233 4231
4 4270 1552 1553 1545
4 4239 4224 4214 4201
4 4243 4219 4206 4196
4 4262 4258 4259 4254
4 4218 4207 4195 4186
4 4244 4216 4232 4188
4 4232 4188 4205 4173
4 4246 4232 4230 4205
4 4234 4223 4225 4218
4 4224 4214 636 635
4 4255 4236 4254 4234
4 4269 4264 820 819
4 4248 4240 4247 4231
4 4216 4205 4192 4183
4 4213 3997 3962 3959
4 4213 4007 3997 3959
4 4213 3997 4023 3962
4 4213 4181 4015 4007
4 4213 4017 4023 4015
4 4213 4189 4017 4015
4 4213 4189 4023 4017
4 4213 4007 4015 3997
4 4213 4015 4023 3997
4 4214 4170 4159 4158
4 4214 4159 4173 4158
4 4231 4215 4230 4209
4 4264 4260 636 635
4 4224 4214 811 637
4 4224 4214 637 636
4 4239 4228 4224 4201
4 4224 4216 4214 4201
4 4216 4192 4205 4188
4 4224 4212 4205 4201
4 4216 4192 4188 4170
4 4216 4199 4192 4170
4 4246 4233 4240 4231
4 4224 4201 4205 4199
4 4232 4215 4230 4212
4 4258 4243 4254 1368
4 4228 4209 4224 4201
4 4232 4212 4230 4205
4 4224 4205 4216 4199
4 4217 4086 4099 3929
4 4217 4014 4043 3991
4 4217 4169 4014 3991
4 4217 4169 4190 4014
4 4217 4190 4043 4014
4 4217 4034 3920 3864
4 4217 4034 4086 3920
4 4218 4195 4208 4186
4 4268 846 848 845
4 4243 4219 4220 4210
4 4218 4210 4208 4195
4 4243 4219 4207 4156
4 4221 4208 4211 4186
4 4245 4221 4222 4211
4 4243 4229 4206 4156
4 4219 4184 4207 4156
4 4219 4203 4193 4184
4 4219 4193 4207 4184
4 4219 4195 4207 4186
4 4219 4207 4193 4186
4 4219 4186 4193 4179
4 4219 4193 4203 4179
4 4219 4195 4186 4179
4 4219 4203 4195 4179
4 4238 4225 4234 4221
4 4236 4225 4234 4223
4 4243 4206 1367 1366
4 4269 4252 4264 4251
4 4243 4206 4219 4156
4 4229 4156 1573 1368
4 4241 4223 4229 4220
4 4255 4254 4238 4234
4 4255 4245 4250 4238
4 4262 4261 4255 4250
4 4254 4243 4229 1368
4 4259 4253 4245 4235
4 4229 4218 4223 4207
4 4223 4220 4222 4211
4 4272 4262 4261 4254
4 4229 4206 4185 1368
4 4236 4229 4223 4207
4 4244 4224 4228 4209
4 4264 4252 4257 4251
4 4270 1575 4263 1546
4 4235 4222 4220 4210
4 4242 4226 4030 3878
4 4226 4191 4202 4161
4 4242 4226 3800 3783
4 4226 3801 4202 3783
4 4242 3783 3800 3768
4 4242 3919 3698 3696
4 4242 4226 3801 3696
4 4242 3878 4030 3800
4 4226 3857 4202 3698
4 4226 3919 4202 3857
4 4226 4161 4124 3919
4 4226 4124 4202 3919
4 4226 4161 4202 4124
4 4227 4204 4096 4057
4 4227 4009 4025 3862
4 4227 4025 4057 3862
4 4227 4058 4025 4009
4 4227 4144 4058 4009
4 4227 4144 4204 4057
4 4227 4058 4057 4025
4 4227 4058 4144 4057
4 4229 4223 4218 4208
4 4229 4218 4210 4208
4 4229 4211 4223 4208
4 4229 4220 4223 4211
4 4229 4210 4211 4208
4 4229 4220 4211 4210
4 4232 4224 4212 4205
4 4270 1544 1575 1543
4 4244 4224 4232 4216
4 4268 4266 636 635
4 4268 1572 4257 635
4 4260 4239 4228 4224
4 4251 4247 4248 4240
4 4255 4238 4250 4234
4 4247 4240 4239 4233
4 4260 4224 637 636
4 4264 4251 4257 4248
4 4249 4247 4237 4233
4 4266 4265 636 635
4 4265 4251 4248 4240
4 4255 4236 4234 4223
4 4269 4251 4265 822
4 4260 4224 817 812
4 4266 4265 832 823
4 4269 4249 4265 4248
4 4232 4215 4212 4209
4 4232 4230 4215 4209
4 4232 4209 4212 4201
4 4232 4212 4224 4201
4 4232 4224 4209 4201
4 4244 4232 4224 4209
4 4244 4228 4230 4209
4 4261 4254 4255 4236
4 4266 4265 4248 832
4 4268 817 819 811
4 4244 4230 4232 4209
4 4239 4201 4214 635
4 4271 4255 4261 4250
4 4246 4239 4240 4233
4 4269 4264 819 818
4 4238 4234 4235 4221
4 4270 4263 4267 4256
4 4263 4250 4256 4238
4 4270 4263 1547 1546
4 4258 4243 1367 1366
4 4236 4234 4225 4221
4 4236 4235 4234 4221
4 4243 4206 4229 1368
4 4247 4239 4237 4233
4 4270 1574 1545 1365
4 4270 1575 1547 1543
4 4271 4263 1579 1575
4 4243 4206 1368 1367
4 4262 4255 4259 4253
4 4254 4229 1573 1368
4 4261 4254 1573 1368
4 4239 4237 4233 4228
4 4270 4267 1545 1544
4 4260 4224 636 635
4 4262 4256 4261 4250
4 4270 1579 1575 1574
4 4241 4222 4235 4221
4 4241 4235 4236 4221
4 4241 4225 4236 4223
4 4241 4222 4223 4220
4 4241 4225 4223 4222
4 4241 4225 4222 4221
4 4241 4236 4225 4221
4 4242 3971 3995 3700
4 4242 4191 3971 3700
4 4242 3749 4191 3733
4 4242 4226 4191 3749
4 4242 3995 3733 3700
4 4242 3801 3783 3768
4 4242 3801 4226 3783
4 4242 3919 3857 3698
4 4242 3857 4226 3698
4 4242 3919 4226 3857
4 4242 3971 4036 3919
4 4242 4036 4191 3919
4 4242 4191 4036 3971
4 4242 4161 4226 3919
4 4242 4191 4226 4161
4 4242 3733 4191 3700
4 4242 4124 4161 3919
4 4242 4191 4124 3919
4 4242 4191 4161 4124
4 1414 1524 1412 1328
4 3550 3464 3467 1325
4 1412 1524 1410 1328
4 3467 1324 1524 1303
4 3467 1318 3464 1317
4 3464 1321 1524 1318
4 3467 3464 1524 1317
4 1414 1524 1413 1412
4 3464 1374 1524 1371
4 1412 1524 1411 1410
4 3464 1322 1524 1321
4 1382 1379 1524 1372
4 1323 1303 1524 1299
4 1382 1524 1374 1372
4 3467 1317 1524 1316
4 1381 1524 1377 1374
4 1382 1380 1524 1379
4 1414 1524 1401 1400
4 1414 1524 1400 1399
4 3467 1524 1319 1316
4 1311 1310 1524 1305
4 1379 1378 1524 1372
4 1414 1524 1328 1321
4 3467 1322 3464 1321
4 1382 1524 1381 1374
4 1414 1401 1524 1321
4 1311 1305 1524 1304
4 3464 1325 1524 1322
4 3464 1318 1524 1317
4 1416 1524 1414 1399
4 1378 1376 1524 1372
4 1321 1524 1318 1317
4 3464 1381 1524 1377
4 1377 1524 1375 1374
4 3539 1400 1399 910
4 3464 1375 1524 1374
4 1419 1524 1374 1371
4 1314 1524 1311 1309
4 3550 3539 3464 1399
4 1420 1417 1524 1415
4 1410 1524 1409 1328
4 1315 1524 1312 1311
4 1315 1314 1524 1311
4 1419 1524 1418 1374
4 1430 1524 1429 1401
4 3467 1325 3464 1322
4 1324 1524 1303 1299
4 3464 1524 1382 1380
4 1434 1524 1431 1430
4 1319 1524 1317 1316
4 3550 1409 3464 1328
4 3467 1524 1324 1320
4 3464 1429 1524 1401
4 3464 1382 1524 1381
4 1421 1524 1420 1418
4 3467 1321 3464 1318
4 3464 1430 1524 1429
4 1321 1319 1524 1317
4 3464 1377 1524 1375
4 3464 1401 1524 1400
4 3550 3464 1325 1301
4 3467 1524 1320 1319
4 1320 1319 1524 1304
4 1324 1323 1524 1299
4 3464 1431 1524 1430
4 1333 1313 1524 1312
4 3464 1524 1421 1418
4 1328 1524 1322 1321
4 1401 1524 1321 1319
4 3464 1400 1524 1399
4 1328 1325 1524 1301
4 3464 1409 1524 1328
4 1364 1363 1524 1362
4 3464 1434 1524 1431
4 3589 1684 3462 1238
4 3589 1238 3462 1054
4 3589 1239 1684 1238
4 3462 1684 1239 1238
4 3416 3347 3401 3324
4 2446 2366 2444 2392
4 2446 2393 2366 2392
